Date,AAPL,AC.MX,ALSEA.MX,AMZN,BIMBOA.MX,FEMSAUBD.MX,KO,MSFT,PG,WALMEX.MX
2021-08-31,148.09056091308594,104.96926879882812,37.5028190612793,173.5395050048828,47.12710189819336,142.69789123535156,48.56783676147461,289.7225036621094,125.22549438476562,62.06291198730469
2021-09-01,148.7538299560547,103.67915344238281,38.3625373840332,173.9499969482422,46.96945571899414,138.1689910888672,48.89558410644531,289.6744384765625,126.50067901611328,61.9152717590332
2021-09-02,149.8657684326172,101.13140106201172,40.12973403930664,173.156005859375,46.70979309082031,139.74388122558594,48.9645881652832,289.02191162109375,126.59745025634766,60.516998291015625
2021-09-03,150.49978637695312,100.41740417480469,39.12672805786133,173.90249633789062,45.81956100463867,138.7483367919922,48.930091857910156,289.0122375488281,126.68540954589844,60.48224639892578
2021-09-06,150.49978637695312,100.91232299804688,40.08197021484375,173.90249633789062,46.3388671875,141.2290802001953,48.930091857910156,289.0122375488281,126.68540954589844,61.316009521484375
2021-09-07,152.8308868408203,102.10507202148438,39.83361053466797,175.46449279785156,45.856651306152344,138.10372924804688,48.01582717895508,288.09100341796875,126.21050262451172,61.14230728149414
2021-09-08,151.28981018066406,100.5877914428711,39.64256286621094,176.27499389648438,46.15339660644531,137.55697631835938,48.66271209716797,288.1197509765625,127.16912841796875,61.56786346435547
2021-09-09,150.27542114257812,101.38446044921875,39.12672805786133,174.20799255371094,46.44087600708008,138.31585693359375,48.179710388183594,285.27899169921875,126.63262939453125,62.59269714355469
2021-09-10,145.30105590820312,100.16889953613281,38.31477355957031,173.45750427246094,46.65415573120117,139.801025390625,47.96407699584961,283.8009338378906,126.75578308105469,61.70684051513672
2021-09-13,145.86672973632812,100.89166259765625,38.63955307006836,172.85850524902344,47.609310150146484,139.84181213378906,48.360836029052734,285.0293884277344,128.11886596679688,62.27134704589844
2021-09-14,144.4719696044922,102.09900665283203,38.792396545410156,172.5,51.281551361083984,142.48573303222656,48.395591735839844,287.71661376953125,127.8990478515625,62.21924591064453
2021-09-15,145.3595428466797,102.04973602294922,38.98344802856445,173.7895050048828,51.930686950683594,144.77061462402344,48.56070327758789,292.5440673828125,127.62641906738281,62.13239288330078
2021-09-16,145.12542724609375,102.04973602294922,38.98344802856445,174.41200256347656,51.930686950683594,144.77061462402344,48.100128173828125,292.9280090332031,126.73816680908203,62.13239288330078
2021-09-17,142.4626922607422,101.58979034423828,39.499271392822266,173.12600708007812,52.143978118896484,142.2164306640625,47.309322357177734,287.79339599609375,126.94043731689453,62.99220657348633
2021-09-20,139.41957092285156,102.0579605102539,38.2574577331543,167.7864990234375,53.70189666748047,141.72683715820312,46.97909164428711,282.4477233886719,125.66519927978516,62.019500732421875
2021-09-21,139.89744567871094,102.53431701660156,39.0407600402832,167.18150329589844,53.674072265625,142.24908447265625,46.970401763916016,282.9275817871094,125.85869598388672,63.34829330444336
2021-09-22,142.2578887939453,102.83821105957031,40.2921257019043,169.00250244140625,54.04500961303711,143.92193603515625,47.039920806884766,286.5554504394531,126.28965759277344,63.36566925048828
2021-09-23,143.21377563476562,102.43576049804688,40.49272537231445,170.8000030517578,54.07282638549805,145.43157958984375,46.96171188354492,287.4958801269531,126.80854034423828,62.81850814819336
2021-09-24,143.30154418945312,101.14627838134766,40.13928985595703,171.2760009765625,52.50563430786133,145.10516357421875,46.83135986328125,287.2943420410156,126.24569702148438,62.054237365722656
2021-09-27,141.78970336914062,101.47481536865234,40.46406936645508,170.2899932861328,52.21816635131836,145.5621337890625,46.58803176879883,282.322998046875,124.5835189819336,63.47856521606445
2021-09-28,138.4149169921875,102.64930725097656,39.69032287597656,165.79800415039062,51.30009460449219,146.1741485595703,45.74509048461914,272.10186767578125,123.6424789428711,61.35943603515625
2021-09-29,139.31227111816406,102.49325561523438,40.12018585205078,165.05599975585938,53.62771224975586,146.32919311523438,46.023170471191406,272.5625,124.90009307861328,61.89789962768555
2021-09-30,138.01502990722656,103.38849639892578,39.74763870239258,164.2519989013672,53.82244873046875,146.25576782226562,45.59736251831055,270.5663146972656,122.94771575927734,60.907806396484375
2021-10-01,139.13668823242188,101.73763275146484,40.110633850097656,164.16299438476562,53.13622283935547,143.628173828125,46.0753173828125,277.4572448730469,122.75424194335938,60.933868408203125
2021-10-04,135.71315002441406,101.80333709716797,39.164939880371094,159.48899841308594,53.12694549560547,143.77505493164062,46.049251556396484,271.7083740234375,122.05947875976562,59.8656120300293
2021-10-05,137.63465881347656,103.15031433105469,39.317779541015625,161.0500030517578,53.76681137084961,145.05618286132812,46.127464294433594,277.1308288574219,122.53437805175781,60.01325988769531
2021-10-06,138.50271606445312,103.50347900390625,39.37509536743164,163.10049438476562,55.02798843383789,141.73501586914062,46.67493438720703,281.3056640625,124.170166015625,61.54181671142578
2021-10-07,139.7609100341797,102.78071594238281,40.034210205078125,165.1215057373047,54.06355667114258,139.53172302246094,46.822669982910156,282.9756164550781,125.16395568847656,60.82965087890625
2021-10-08,139.38052368164062,102.83821105957031,40.08197021484375,164.43099975585938,54.480857849121094,140.3477783203125,47.0312385559082,282.9756164550781,124.64506530761719,61.13362503051758
2021-10-11,139.292724609375,104.20982360839844,40.24436569213867,162.31500244140625,53.4051513671875,140.81289672851562,47.126834869384766,282.3805236816406,125.16395568847656,62.175811767578125
2021-10-12,138.02474975585938,104.22624969482422,42.002010345458984,162.3665008544922,51.50411605834961,141.66969299316406,47.126834869384766,281.0849304199219,124.9792709350586,62.52322006225586
2021-10-13,137.4395294189453,103.75809478759766,42.41276550292969,164.21400451660156,52.73747253417969,140.763916015625,47.13551330566406,284.37677001953125,125.26947021484375,62.51453399658203
2021-10-14,140.2193603515625,103.92234802246094,42.82352066040039,164.9929962158203,53.015663146972656,140.82106018066406,47.457054138183594,290.5574645996094,126.68540954589844,62.67086410522461
2021-10-15,141.27276611328125,103.99626922607422,43.587711334228516,170.4510040283203,53.674072265625,139.9723663330078,47.344078063964844,291.9586181640625,127.01081085205078,61.72419738769531
2021-10-18,142.94065856933594,104.99828338623047,43.32979965209961,172.33700561523438,55.296913146972656,140.1763916015625,46.87480926513672,294.9145202636719,125.18154907226562,61.15967559814453
2021-10-19,145.09622192382812,103.27351379394531,43.559051513671875,172.20750427246094,53.442237854003906,139.18084716796875,47.057308197021484,295.8167419433594,123.70404815673828,61.13362503051758
2021-10-20,145.5838623046875,102.84642791748047,45.20207595825195,170.7530059814453,53.674072265625,137.4998321533203,47.47444152832031,295.0297546386719,124.18775177001953,61.40285110473633
2021-10-21,145.79847717285156,102.79714965820312,45.049232482910156,171.75050354003906,53.45151901245117,136.28396606445312,47.23111343383789,298.244873046875,123.29399108886719,61.81105041503906
2021-10-22,145.02793884277344,102.46861267089844,44.762664794921875,166.77749633789062,52.403629302978516,138.0955352783203,47.318016052246094,296.7092590332031,124.62135314941406,63.895450592041016
2021-10-25,144.97918701171875,102.85464477539062,44.027122497558594,166.01849365234375,52.50563430786133,137.5161590576172,47.126834869384766,295.7207946777344,124.63909912109375,63.556732177734375
2021-10-26,145.6424102783203,102.79714965820312,43.396663665771484,168.80349731445312,53.266048431396484,141.35145568847656,47.33538818359375,297.6209716796875,126.40887451171875,63.495933532714844
2021-10-27,145.18397521972656,103.16674041748047,42.20261001586914,169.62449645996094,53.33095932006836,138.6341094970703,48.24786376953125,310.1550598144531,125.50627136230469,63.13985824584961
2021-10-28,148.8123779296875,103.15851593017578,41.59125900268555,172.32850646972656,52.19034194946289,138.128173828125,48.699745178222656,311.28759765625,126.2584228515625,63.11379623413086
2021-10-29,146.11058044433594,103.10104370117188,41.28557586669922,168.6215057373047,56.511714935302734,138.12001037597656,48.98652267456055,318.2647399902344,126.53276824951172,62.36687469482422
2021-11-01,145.291259765625,104.56298828125,42.2885856628418,165.90550231933594,58.292198181152344,139.376708984375,48.812721252441406,316.1053771972656,126.22303771972656,63.6870002746582
2021-11-02,146.32518005371094,104.56298828125,42.2885856628418,165.6374969482422,58.292198181152344,139.376708984375,48.75189208984375,319.7139587402344,127.47960662841797,63.6870002746582
2021-11-03,147.7589874267578,104.16055297851562,42.0211181640625,169.1999969482422,57.47614288330078,136.0554656982422,48.91701126098633,320.5489196777344,128.35568237304688,65.18949890136719
2021-11-04,147.24205017089844,103.33100128173828,41.92559051513672,173.85000610351562,58.338565826416016,136.5777130126953,49.186405181884766,322.8906555175781,128.59457397460938,65.89299011230469
2021-11-05,147.7694854736328,103.0271224975586,41.7249870300293,175.94949340820312,58.7929573059082,135.24761962890625,49.39496994018555,322.5259704589844,129.23171997070312,66.25777435302734
2021-11-08,146.948974609375,103.05175018310547,41.992454528808594,174.44900512695312,56.76210021972656,136.28396606445312,48.95176696777344,323.41845703125,128.26718139648438,65.8843002319336
2021-11-09,147.3103790283203,103.70880889892578,40.95124053955078,178.81149291992188,58.25510787963867,135.166015625,49.0908088684082,322.4203796386719,128.6565399169922,64.7378921508789
2021-11-10,144.4875030517578,104.0126953125,41.82051467895508,174.1024932861328,57.10520935058594,135.7209014892578,49.29068374633789,317.4777526855469,129.9219512939453,63.999671936035156
2021-11-11,144.43858337402344,104.99008178710938,41.533939361572266,173.625,55.324729919433594,136.63485717773438,49.30805206298828,319.0421447753906,129.55029296875,62.70560073852539
2021-11-12,146.5094451904297,104.22624969482422,41.65812683105469,176.25750732421875,55.49164962768555,134.25205993652344,49.195091247558594,323.15936279296875,129.69189453125,63.869380950927734
2021-11-15,146.51919555664062,104.22624969482422,41.65812683105469,177.28399658203125,55.49164962768555,134.25205993652344,49.20378112792969,322.5355529785156,130.43519592285156,63.869380950927734
2021-11-16,147.4960174560547,104.99828338623047,42.030670166015625,177.03500366210938,56.52099609375,131.9100799560547,48.856170654296875,325.83709716796875,130.24935913085938,62.58401107788086
2021-11-17,149.92823791503906,104.037353515625,41.70588684082031,177.4499969482422,56.11296081542969,128.11557006835938,48.58677291870117,326.05816650390625,130.1697235107422,63.01826477050781
2021-11-18,154.20655822753906,104.4151611328125,41.92559051513672,184.80299377441406,56.075870513916016,127.51988983154297,48.15227508544922,328.1253967285156,130.1874237060547,62.66218185424805
2021-11-19,156.82432556152344,106.00030517578125,40.23480987548828,183.82850646972656,53.9337272644043,126.72834014892578,47.90894317626953,329.89447021484375,129.9219512939453,62.93141555786133
2021-11-22,157.28346252441406,106.34527587890625,38.87836837768555,178.6284942626953,52.3016242980957,127.51988983154297,48.20441436767578,326.74072265625,130.78916931152344,63.21247482299805
2021-11-23,157.66441345214844,105.70464324951172,39.36553955078125,179.0019989013672,51.60612869262695,128.74392700195312,48.56070327758789,324.6736145019531,132.24037170410156,63.90633773803711
2021-11-24,158.18214416503906,106.24671936035156,38.50582504272461,179.02049255371094,52.32016372680664,129.3477783203125,48.16965103149414,324.8947448730469,131.5501708984375,63.15098571777344
2021-11-25,158.18214416503906,107.82365417480469,38.37208557128906,179.02049255371094,51.049720764160156,129.00503540039062,48.16965103149414,324.8947448730469,131.5501708984375,62.69426727294922
2021-11-26,153.17117309570312,107.59367370605469,36.21324157714844,175.22799682617188,50.47477340698242,126.28768920898438,46.69231033325195,316.98175048828125,130.4971160888672,62.861141204833984
2021-11-29,156.52159118652344,109.07207489013672,36.84370040893555,178.07850646972656,48.97249984741211,126.32032775878906,47.43098068237305,323.66412353515625,131.86871337890625,61.29774856567383
2021-11-30,161.46412658691406,107.40479278564453,35.0478401184082,175.35350036621094,52.13470458984375,124.40266418457031,45.93343734741211,317.8567199707031,127.93974304199219,59.180992126464844
2021-12-01,160.94647216796875,106.35348510742188,35.37262725830078,172.18600463867188,52.060516357421875,122.99913024902344,45.80207824707031,317.3663635253906,129.55029296875,61.14842987060547
2021-12-02,159.9598846435547,106.82986450195312,36.90101623535156,171.8679962158203,52.21816635131836,123.415283203125,46.47639846801758,316.799072265625,130.31130981445312,61.517330169677734
2021-12-03,158.08444213867188,107.20765686035156,37.18758773803711,169.489501953125,52.70037841796875,123.5376968383789,46.88801956176758,310.5686950683594,132.6297607421875,61.35922622680664
2021-12-06,161.4837188720703,106.96125793457031,37.206695556640625,171.36849975585938,52.125431060791016,122.46869659423828,48.087806701660156,313.6261901855469,134.63845825195312,61.59636688232422
2021-12-07,167.2077178955078,107.36370849609375,37.5410270690918,176.1645050048828,53.4051513671875,122.46056365966797,48.350528717041016,322.0199279785156,134.28453063964844,61.38557052612305
2021-12-08,171.0172119140625,107.83187103271484,36.90101623535156,176.1580047607422,50.808616638183594,122.26470184326172,48.1666259765625,322.0679931640625,134.88626098632812,64.27523803710938
2021-12-09,170.50924682617188,107.33085632324219,36.003082275390625,174.17100524902344,52.19034194946289,121.4813003540039,48.04402160644531,320.2701110839844,135.67384338378906,63.844871520996094
2021-12-10,175.28578186035156,107.63475799560547,34.95232391357422,172.21200561523438,54.15629196166992,121.04881286621094,49.28759002685547,329.346435546875,137.5675506591797,64.73196411132812
2021-12-13,171.66189575195312,107.7838363647461,34.446044921875,169.5675048828125,52.70037841796875,119.5799789428711,50.58370590209961,326.3274230957031,139.52316284179688,65.43461608886719
2021-12-14,170.28463745117188,109.84625244140625,35.13381576538086,169.0915069580078,54.5086784362793,124.85149383544922,50.618736267089844,315.693359375,140.03640747070312,66.37442016601562
2021-12-15,175.13931274414062,110.00361633300781,34.3314094543457,173.31500244140625,55.15781021118164,125.53691864013672,50.846435546875,321.7602844238281,140.5762176513672,66.32171630859375
2021-12-16,168.2626495361328,109.29129791259766,35.46815490722656,168.87100219726562,54.017189025878906,125.47982788085938,51.363128662109375,312.38592529296875,142.56727600097656,67.57770538330078
2021-12-17,167.1686553955078,109.65575408935547,35.96487808227539,170.0175018310547,57.003204345703125,129.8537139892578,50.55744171142578,311.3281555175781,139.33737182617188,69.19380950927734
2021-12-20,165.81089782714844,110.22726440429688,35.105159759521484,167.07899475097656,58.31074523925781,129.282470703125,50.391048431396484,307.5880126953125,139.69131469726562,67.5162353515625
2021-12-21,168.9757080078125,108.87716674804688,35.105159759521484,170.41700744628906,56.706459045410156,127.97685241699219,50.592464447021484,314.6838684082031,139.60281372070312,67.25273132324219
2021-12-22,171.56419372558594,108.17314147949219,35.33442306518555,171.03700256347656,58.10673522949219,127.01394653320312,50.95152282714844,320.36614990234375,140.98329162597656,67.93782806396484
2021-12-23,172.18936157226562,108.09857940673828,36.35653305053711,171.06849670410156,57.6152458190918,127.3893051147461,50.9865608215332,321.7987976074219,141.67352294921875,68.03443908691406
2021-12-24,172.18936157226562,108.36363220214844,36.413841247558594,171.06849670410156,58.24583053588867,129.4456787109375,50.9865608215332,321.7987976074219,141.67352294921875,68.71796417236328
2021-12-27,176.14535522460938,108.34706115722656,36.46160125732422,169.66949462890625,58.273651123046875,130.19644165039062,51.363128662109375,329.2598571777344,143.32827758789062,68.95764923095703
2021-12-28,175.12948608398438,108.529296875,36.318321228027344,170.66099548339844,57.74507141113281,129.625244140625,51.56455612182617,328.1060485839844,144.09814453125,68.8333740234375
2021-12-29,175.21742248535156,107.94949340820312,36.35653305053711,169.2010040283203,57.6152458190918,130.01690673828125,51.6258659362793,328.7791442871094,145.29275512695312,67.5639419555664
2021-12-30,174.06483459472656,108.01577758789062,36.85325622558594,168.64450073242188,58.36638259887695,129.6904754638672,51.476985931396484,326.25042724609375,144.0362091064453,67.6615982055664
2021-12-31,173.4494171142578,108.10687255859375,36.25144958496094,166.7169952392578,58.39420700073242,130.0087432861328,51.853553771972656,323.3660583496094,144.75296020507812,67.54618835449219
2022-01-03,177.786376953125,106.45030975341797,38.152381896972656,170.4044952392578,57.9305419921875,129.8373565673828,51.932376861572266,321.8564147949219,144.1511993408203,65.67312622070312
2022-01-04,175.530029296875,108.39675903320312,39.19359588623047,167.52200317382812,58.338565826416016,131.6979217529297,52.79936981201172,316.337646484375,144.65560913085938,65.23812866210938
2022-01-05,170.8609619140625,107.46910095214844,40.024658203125,164.35699462890625,56.55808639526367,132.3670654296875,53.237247467041016,304.19403076171875,145.3104705810547,65.52220153808594
2022-01-06,168.00865173339844,106.6325454711914,39.910030364990234,163.25399780273438,59.06188201904297,132.03245544433594,52.95701599121094,301.7903747558594,144.08929443359375,64.84754943847656
2022-01-07,168.17474365234375,106.35920715332031,41.295127868652344,162.5540008544922,59.79448318481445,132.45681762695312,52.834407806396484,301.9442138671875,144.00965881347656,64.90968322753906
2022-01-10,168.19427490234375,105.61375427246094,41.62947082519531,161.48599243164062,58.728050231933594,133.5911102294922,52.9219856262207,302.16534423828125,142.04515075683594,64.03971862792969
2022-01-11,171.0172119140625,106.66566467285156,41.60081100463867,165.36199951171875,60.28596115112305,135.01914978027344,52.93949508666992,302.8479309082031,140.39920043945312,64.16400146484375
2022-01-12,171.45677185058594,105.1085205078125,41.1136360168457,165.20700073242188,62.168453216552734,135.98202514648438,53.018310546875,306.01123046875,140.70896911621094,64.56346893310547
2022-01-13,168.19427490234375,105.59719848632812,41.12318801879883,161.21400451660156,61.148380279541016,136.60218811035156,53.33359146118164,293.05999755859375,140.0718231201172,63.78227233886719
2022-01-14,169.05384826660156,105.07537841796875,40.82706832885742,162.13800048828125,61.602783203125,137.41006469726562,53.76271438598633,298.2520446777344,141.41688537597656,63.43606948852539
2022-01-17,169.05384826660156,105.29900360107422,41.20915985107422,162.13800048828125,61.70479202270508,140.03768920898438,53.76271438598633,298.2520446777344,141.41688537597656,63.36505126953125
2022-01-18,165.8597412109375,103.89094543457031,41.390655517578125,158.91749572753906,58.69095230102539,138.2587432861328,53.33359146118164,290.9927978515625,138.69134521484375,62.983333587646484
2022-01-19,162.37255859375,101.91963958740234,40.024658203125,156.2989959716797,58.950599670410156,135.7372283935547,53.421165466308594,291.6466979980469,143.35484313964844,63.169761657714844
2022-01-20,160.69248962402344,102.44143676757812,40.08197021484375,151.66749572753906,59.29372024536133,136.7654266357422,53.20222854614258,289.98333740234375,144.1288604736328,62.512847900390625
2022-01-21,158.64122009277344,102.54084014892578,38.1428337097168,142.64300537109375,58.63530731201172,136.82254028320312,52.93949508666992,284.6278991699219,144.68048095703125,62.619384765625
2022-01-24,157.86953735351562,101.24044799804688,37.88491439819336,144.54400634765625,58.32001495361328,135.27207946777344,52.51036834716797,284.9547424316406,143.50608825683594,62.68152618408203
2022-01-25,156.07225036621094,101.8616714477539,37.56968688964844,139.98599243164062,58.43129348754883,134.9783172607422,52.38777542114258,277.3783264160156,141.940185546875,63.036598205566406
2022-01-26,155.98435974121094,102.38348388671875,38.9643440246582,138.87249755859375,57.856353759765625,134.4397430419922,52.19508743286133,285.2816162109375,140.7035675048828,61.60737991333008
2022-01-27,155.52523803710938,100.62752532958984,39.03120803833008,139.6374969482422,56.140785217285156,131.46127319335938,52.238895416259766,288.29107666015625,141.575439453125,61.749412536621094
2022-01-28,166.37744140625,100.64408874511719,39.70943069458008,143.97799682617188,57.058841705322266,127.87074279785156,53.28103256225586,296.38677978515625,142.79432678222656,62.31754684448242
2022-01-31,170.72415161132812,101.05821990966797,40.41630935668945,149.57350158691406,59.896484375,126.64672088623047,53.42991638183594,299.0019226074219,142.7498321533203,62.26428985595703
2022-02-01,170.55813598632812,101.84510040283203,42.41276550292969,151.19349670410156,60.369422912597656,126.1489486694336,53.035823822021484,296.8675231933594,142.11814880371094,63.75564956665039
2022-02-02,171.75955200195312,101.38954162597656,43.272483825683594,150.6125030517578,58.61676025390625,129.4212188720703,53.578800201416016,301.3865051269531,144.66270446777344,64.54571533203125
2022-02-03,168.88778686523438,100.2796401977539,43.88383865356445,138.8455047607422,56.4838981628418,124.13337707519531,53.95537567138672,289.6467590332031,146.0327606201172,62.4595947265625
2022-02-04,168.60418701171875,101.09964752197266,44.17996597290039,157.63949584960938,57.503963470458984,125.98575592041016,53.38612747192383,294.1560974121094,143.71067810058594,63.19639205932617
2022-02-07,167.89022827148438,101.09964752197266,44.17996597290039,157.9355010986328,57.503963470458984,125.98575592041016,53.94660949707031,289.3583984375,142.6342010498047,63.19639205932617
2022-02-08,170.9905548095703,101.07479095458984,44.98236846923828,161.4134979248047,58.7929573059082,128.3359375,54.29692077636719,292.82928466796875,142.31390380859375,65.01619720458984
2022-02-09,172.40872192382812,99.96490478515625,45.068336486816406,161.1894989013672,59.38645553588867,128.22982788085938,53.45618438720703,299.2231750488281,141.99359130859375,65.3890380859375
2022-02-10,168.34010314941406,99.3851089477539,44.944156646728516,159.0034942626953,58.830047607421875,128.8907928466797,53.75395202636719,290.7333068847656,139.83168029785156,65.22038269042969
2022-02-11,164.93649291992188,99.77440643310547,44.30414581298828,153.2935028076172,59.93357467651367,129.87815856933594,52.79936981201172,283.6759338378906,139.04873657226562,66.39216613769531
2022-02-14,165.1712646484375,97.7451171875,44.313697814941406,155.16700744628906,58.32929611206055,126.18977355957031,53.14092254638672,283.637451171875,139.4490966796875,64.59009552001953
2022-02-15,168.99537658691406,101.65458679199219,44.208621978759766,156.510498046875,58.486942291259766,128.11557006835938,53.342342376708984,288.89678955078125,139.52029418945312,66.23237609863281
2022-02-16,168.76065063476562,104.22224426269531,44.10354232788086,158.10049438476562,58.62603759765625,130.13113403320312,53.33359146118164,288.5595703125,140.57899475097656,67.37751770019531
2022-02-17,165.1712646484375,105.2575912475586,44.51429748535156,154.65249633789062,59.117530822753906,128.74392700195312,54.40200424194336,280.11004638671875,142.18936157226562,65.02507781982422
2022-02-18,163.62599182128906,109.64747619628906,43.950706481933594,152.60150146484375,60.100494384765625,127.92788696289062,54.769832611083984,277.4122314453125,142.260498046875,64.35929107666016
2022-02-21,163.62599182128906,109.68888092041016,42.97636032104492,152.60150146484375,59.98922348022461,130.06585693359375,54.769832611083984,277.4122314453125,142.260498046875,63.729007720947266
2022-02-22,160.71141052246094,111.35372924804688,42.35544967651367,150.19749450683594,60.7310791015625,129.666015625,54.54212951660156,277.2099304199219,140.50782775878906,64.16400146484375
2022-02-23,156.5547637939453,112.03291320800781,41.67723083496094,144.82699584960938,58.10673522949219,127.59330749511719,53.937862396240234,270.0321044921875,138.75515747070312,63.524837493896484
2022-02-24,159.16612243652344,113.39128112792969,40.5882568359375,151.35800170898438,57.828529357910156,127.15267944335938,52.992027282714844,283.8290100097656,135.01846313476562,64.19062042236328
2022-02-25,161.2297821044922,112.1323013305664,44.17041015625,153.7884979248047,59.673927307128906,133.15042114257812,55.04130935668945,286.4496154785156,140.7836456298828,67.049072265625
2022-02-28,161.4938201904297,111.91696166992188,42.37455749511719,153.56300354003906,58.486942291259766,134.66824340820312,54.5070915222168,287.8755187988281,138.69290161132812,69.1529541015625
2022-03-01,159.615966796875,108.87716674804688,43.87428665161133,151.14199829101562,57.80070877075195,129.25799560546875,54.27064514160156,284.1758117675781,136.39747619628906,68.18533325195312
2022-03-02,162.90220642089844,112.1157455444336,44.093990325927734,152.05250549316406,57.40195846557617,133.223876953125,54.673492431640625,289.2243957519531,136.82452392578125,66.0281982421875
2022-03-03,162.5794219970703,108.43818664550781,45.479095458984375,147.89849853515625,54.90742874145508,130.75131225585938,54.708518981933594,285.1103820800781,137.33164978027344,66.8005142211914
2022-03-04,159.58663940429688,108.10687255859375,44.93460464477539,145.64100646972656,53.266048431396484,131.3715057373047,54.796104431152344,279.2717590332031,138.02560424804688,67.22661590576172
2022-03-07,155.80166625976562,106.98041534423828,42.116641998291016,137.4530029296875,49.33415603637695,130.43307495117188,53.49123001098633,268.7217712402344,135.9793701171875,66.15247344970703
2022-03-08,153.98248291015625,107.51051330566406,42.231266021728516,136.01449584960938,50.270755767822266,131.8203125,51.37189483642578,265.7735290527344,130.59677124023438,68.2652359008789
2022-03-09,159.37147521972656,107.3945541381836,42.938148498535156,139.2790069580078,52.35725784301758,132.20384216308594,51.63461685180664,277.96148681640625,132.35833740234375,70.59104919433594
2022-03-10,155.0387420654297,107.79212951660156,44.944156646728516,146.8175048828125,52.95075607299805,130.7268524169922,50.68879699707031,275.1576843261719,128.95083618164062,69.68557739257812
2022-03-11,151.33200073242188,106.06101989746094,46.66358947753906,145.52450561523438,52.5334587097168,134.5458221435547,50.72383117675781,269.8393249511719,127.42058563232422,67.53731536865234
2022-03-14,147.31228637695312,105.82910919189453,46.300601959228516,141.85299682617188,51.188819885253906,134.4642333984375,51.65923309326172,266.34197998046875,129.04872131347656,67.4396743774414
2022-03-15,151.68406677246094,106.50000762939453,46.90240478515625,147.3665008544922,52.18106460571289,134.47239685058594,52.6122932434082,276.6607360839844,133.69285583496094,69.33049011230469
2022-03-16,156.08531188964844,107.11295318603516,46.892852783203125,153.10400390625,54.610679626464844,133.90115356445312,52.47109603881836,283.6361999511719,133.2390899658203,67.83914184570312
2022-03-17,157.09262084960938,109.2747573852539,47.542415618896484,157.23899841308594,54.453033447265625,135.1823272705078,53.02705764770508,284.43597412109375,133.6572723388672,68.47827911376953
2022-03-18,160.37884521484375,108.94344329833984,47.70480728149414,161.25050354003906,53.76681137084961,135.7780303955078,53.03587341308594,289.4555969238281,133.5861053466797,68.96653747558594
2022-03-21,161.7480926513672,108.94344329833984,47.70480728149414,161.4915008544922,53.76681137084961,135.7780303955078,53.45946502685547,288.2320556640625,134.09320068359375,68.96653747558594
2022-03-22,165.11257934570312,105.7628402709961,47.51375961303711,164.88900756835938,54.98161697387695,135.8433074951172,53.65359878540039,292.9530029296875,135.12522888183594,70.03178405761719
2022-03-23,166.47206115722656,105.56405639648438,46.023582458496094,163.4080047607422,53.31241989135742,134.39892578125,53.30060958862305,288.54998779296875,134.1822052001953,69.23284149169922
2022-03-24,170.24729919433594,105.87051391601562,45.469539642333984,163.64950561523438,53.534976959228516,133.0198516845703,53.812442779541016,292.9916687011719,134.4134979248047,69.73884582519531
2022-03-25,170.88304138183594,106.06101989746094,45.9376106262207,164.77349853515625,54.04500961303711,131.84478759765625,54.297794342041016,292.5869140625,135.97042846679688,69.76546478271484
2022-03-28,171.74368286132812,107.44425964355469,46.5776252746582,168.99049377441406,54.91670608520508,133.1177978515625,54.64194869995117,299.3504943847656,136.90460205078125,70.86624145507812
2022-03-29,175.02989196777344,111.08866882324219,46.68269729614258,169.31500244140625,56.19642639160156,136.7001495361328,54.85374069213867,303.8885192871094,138.31033325195312,69.75659942626953
2022-03-30,173.86602783203125,107.10464477539062,46.52030944824219,166.30099487304688,55.751304626464844,134.7416534423828,54.89786911010742,302.39495849609375,137.35836791992188,71.3189697265625
2022-03-31,170.77545166015625,112.02465057373047,47.628387451171875,162.99749755859375,55.6956672668457,134.93753051757812,54.71255111694336,297.04779052734375,135.94374084472656,72.7215576171875
2022-04-01,170.48196411132812,112.72037506103516,47.3322639465332,163.55999755859375,58.40347671508789,134.415283203125,55.480289459228516,298.1172180175781,137.98110961914062,71.46989440917969
2022-04-04,174.52130126953125,112.27310943603516,46.443885803222656,168.34649658203125,59.64609909057617,133.51763916015625,55.189083099365234,303.4645690917969,137.08253479003906,69.23284149169922
2022-04-05,171.2155303955078,110.90644836425781,46.224178314208984,164.05499267578125,57.95835494995117,131.70608520507812,55.12730026245117,299.52392578125,137.56297302246094,69.83649444580078
2022-04-06,168.0564727783203,108.40504455566406,45.574615478515625,158.75599670410156,55.18562698364258,131.23277282714844,55.68324661254883,288.5595703125,139.52919006347656,71.72732543945312
2022-04-07,168.3596649169922,105.7297134399414,46.08089828491211,157.7845001220703,55.176353454589844,129.7557830810547,55.98329162597656,290.3612976074219,141.33526611328125,71.23908233642578
2022-04-08,166.35470581054688,107.02184295654297,45.488643646240234,154.4604949951172,54.91670608520508,128.94790649414062,56.32746124267578,286.1220397949219,142.43846130371094,70.6886978149414
2022-04-11,162.11000061035156,106.30952453613281,44.409217834472656,151.1219940185547,54.16556167602539,128.8826446533203,56.30979919433594,274.8397216796875,141.89578247070312,70.05842590332031
2022-04-12,163.97804260253906,104.60325622558594,43.94115447998047,150.78750610351562,52.5334587097168,127.63410186767578,56.971649169921875,271.7566223144531,141.4687042236328,70.27147674560547
2022-04-13,166.65785217285156,105.10454559326172,44.237281799316406,155.54100036621094,53.58134460449219,127.63410186767578,57.12166976928711,277.1135559082031,141.86904907226562,69.117431640625
2022-04-14,161.66006469726562,105.10454559326172,44.237281799316406,151.7064971923828,53.58134460449219,127.63410186767578,57.37758255004883,269.6081237792969,141.07720947265625,69.117431640625
2022-04-18,161.4449005126953,108.36731719970703,43.70234298706055,152.78500366210938,53.58134460449219,128.58070373535156,56.865760803222656,270.2729797363281,139.7338104248047,68.87775421142578
2022-04-19,163.72372436523438,116.03985595703125,44.03667449951172,158.11549377441406,55.27836227416992,129.82920837402344,57.42170333862305,274.8782958984375,141.82455444335938,67.64383697509766
2022-04-20,163.55747985839844,110.55946350097656,43.8265266418457,153.9980010986328,53.42369842529297,128.0339813232422,58.20710372924805,275.8995666503906,145.59683227539062,67.89240264892578
2022-04-21,162.76527404785156,108.33332061767578,42.97636032104492,148.29600524902344,51.78231430053711,127.85443115234375,58.427711486816406,270.5523681640625,145.4832305908203,67.50180053710938
2022-04-22,158.23696899414062,110.42352294921875,43.18650817871094,144.35000610351562,51.92142105102539,126.50801086425781,57.58054733276367,264.02001953125,144.26644897460938,67.1999740600586
2022-04-25,159.30299377441406,108.30784606933594,43.15785217285156,146.07400512695312,52.060516357421875,125.6185531616211,58.1894416809082,270.46563720703125,145.42953491210938,68.0433120727539
2022-04-26,153.35653686523438,111.49411010742188,41.93514633178711,139.39100646972656,52.10688018798828,124.8025131225586,57.40406036376953,260.3491516113281,142.96022033691406,67.7503662109375
2022-04-27,153.13160705566406,111.75751495361328,42.871280670166016,138.16700744628906,57.021751403808594,124.68009948730469,57.854103088378906,272.874267578125,142.57553100585938,65.770751953125
2022-04-28,160.04632568359375,110.62744140625,43.358455657958984,144.59649658203125,58.060367584228516,125.6756591796875,58.410064697265625,279.05010986328125,146.19895935058594,65.10496520996094
2022-04-29,154.18785095214844,110.02418518066406,42.72799301147461,124.28150177001953,58.32929611206055,125.2105484008789,57.01576614379883,267.3824768066406,143.64016723632812,64.0574722290039
2022-05-02,154.49107360839844,109.71829986572266,41.199607849121094,124.5,62.214813232421875,123.32552337646484,55.98329162597656,274.07861328125,141.69873046875,65.44230651855469
2022-05-03,155.9776611328125,109.20848083496094,41.6103630065918,124.25350189208984,57.54106140136719,120.4588394165039,55.665611267089844,271.48687744140625,139.75729370117188,63.25852966308594
2022-05-04,162.37408447265625,110.76339721679688,43.05278015136719,125.92849731445312,54.98161697387695,120.946533203125,57.38640213012695,279.38739013671875,140.78614807128906,64.35929107666016
2022-05-05,153.32717895507812,111.18824005126953,42.47963333129883,116.40699768066406,56.29842758178711,118.64033508300781,56.92753219604492,267.2187194824219,138.19158935546875,63.21414566040039
2022-05-06,154.0520477294922,108.3927993774414,40.95124053955078,114.77249908447266,56.8084602355957,114.11063385009766,57.130496978759766,264.69451904296875,139.5693817138672,61.820430755615234
2022-05-09,148.9391632080078,109.59934997558594,39.93868637084961,108.78900146484375,55.946048736572266,116.67306518554688,57.01576614379883,254.9152069091797,139.22048950195312,61.67839431762695
2022-05-10,151.3388671875,109.77776336669922,40.24436569213867,108.85900115966797,55.89040756225586,117.11940002441406,56.486305236816406,259.65545654296875,138.48684692382812,63.915443420410156
2022-05-11,143.4932861328125,109.89672088623047,40.15839385986328,105.37200164794922,53.90591049194336,118.053466796875,56.75102996826172,251.03240966796875,136.5364532470703,65.61097717285156
2022-05-12,139.63409423828125,110.44049835205078,39.327327728271484,106.93049621582031,55.05580139160156,121.50862121582031,56.92753219604492,246.0223846435547,135.98175048828125,65.44230651855469
2022-05-13,144.09072875976562,111.40064239501953,40.043758392333984,113.05500030517578,53.70189666748047,122.75674438476562,57.99530792236328,251.5815887451172,137.44007873535156,65.88616180419922
2022-05-16,142.55296325683594,112.55619812011719,41.02766418457031,110.81050109863281,54.184104919433594,126.4929428100586,58.20710372924805,251.9477081298828,138.78211975097656,68.1054458618164
2022-05-17,146.17701721191406,110.9078369140625,42.04022216796875,115.36849975585938,55.30005645751953,126.6913070678711,58.048248291015625,257.0733642578125,138.38841247558594,68.56706237792969
2022-05-18,137.92982482910156,108.13790130615234,41.514835357666016,107.11250305175781,53.6120719909668,122.62450408935547,54.0065803527832,245.3689422607422,129.76373291015625,67.15560150146484
2022-05-19,134.53106689453125,109.7267837524414,41.66767501831055,107.31900024414062,52.946258544921875,122.83940887451172,52.9476318359375,244.46115112304688,126.7755355834961,66.44542694091797
2022-05-20,134.76611328125,112.24182891845703,41.52438735961914,107.59100341796875,54.17473220825195,122.0706787109375,53.812442779541016,243.9010467529297,126.8560562133789,65.42454528808594
2022-05-23,140.17282104492188,109.75228118896484,42.24081802368164,107.55699920654297,54.87805938720703,121.60778045654297,55.471466064453125,251.71365356445312,129.772705078125,64.31490325927734
2022-05-24,137.479248046875,109.5568618774414,41.6103630065918,104.0999984741211,54.484195709228516,121.68218231201172,56.4951171875,250.71893310546875,132.08096313476562,63.223018646240234
2022-05-25,137.635986328125,112.83660125732422,41.342891693115234,106.7750015258789,55.83457946777344,121.78963470458984,56.53923797607422,253.51950073242188,129.91587829589844,63.56922149658203
2022-05-26,140.8290557861328,113.58428955078125,41.22826385498047,111.07749938964844,57.353759765625,122.68235778808594,56.74220657348633,256.7837219238281,131.05206298828125,64.41255187988281
2022-05-27,146.56881713867188,114.14508819580078,40.91303634643555,115.14649963378906,57.6163330078125,122.54183959960938,57.077552795410156,263.8720703125,133.05615234375,65.10496520996094
2022-05-30,146.56881713867188,113.04901123046875,40.78885269165039,115.14649963378906,57.28811264038086,123.81478118896484,57.077552795410156,263.8720703125,133.05615234375,63.578102111816406
2022-05-31,145.7852020263672,113.67777252197266,40.26346969604492,120.20950317382812,60.692203521728516,121.86404418945312,55.93033981323242,262.54901123046875,132.30459594726562,64.5989761352539
2022-06-01,145.6579132080078,111.36666870117188,40.2539176940918,121.68399810791016,60.63594055175781,120.71507263183594,55.65678405761719,263.0801696777344,130.30055236816406,65.33577728271484
2022-06-02,148.1066131591797,109.06402587890625,40.98945236206055,125.51100158691406,58.59160614013672,123.30230712890625,56.23920822143555,265.1661071777344,131.7052001953125,63.29404830932617
2022-06-03,142.39625549316406,111.29869842529297,41.14229202270508,122.3499984741211,58.31028366088867,122.26905059814453,55.56853485107422,260.76239013671875,130.5242156982422,63.19639205932617
2022-06-06,143.14065551757812,108.78364562988281,41.10408401489258,124.79000091552734,59.49186706542969,119.49999237060547,55.480289459228516,259.5360107421875,130.01425170898438,61.491973876953125
2022-06-07,145.6579132080078,110.10064697265625,41.295127868652344,123.0,59.61377716064453,118.8304443359375,55.81562805175781,263.1574401855469,131.4636688232422,60.80843734741211
2022-06-08,144.92330932617188,108.35881805419922,42.833072662353516,121.18000030517578,59.28555679321289,118.35102844238281,55.49794006347656,261.1390686035156,129.826416015625,61.562984466552734
2022-06-09,139.7124481201172,108.80064392089844,41.59125900268555,116.1500015258789,60.5046501159668,118.6899185180664,54.53605651855469,255.71182250976562,127.48234558105469,60.8972053527832
2022-06-10,134.3155517578125,108.61370849609375,40.23480987548828,109.6500015258789,57.57882308959961,116.91276550292969,54.191898345947266,244.31625366210938,126.99919891357422,60.03611755371094
2022-06-13,129.17333984375,109.17449951171875,37.894466400146484,103.66999816894531,58.413429260253906,118.79739379882812,54.130126953125,233.9541473388672,123.59941101074219,60.02724838256836
2022-06-14,130.03521728515625,108.69017791748047,38.30522155761719,102.30999755859375,56.94114685058594,117.1276626586914,52.64576721191406,236.1077423095703,119.74340057373047,59.157291412353516
2022-06-15,132.65045166015625,109.18299865722656,39.01210403442383,107.66999816894531,58.70413589477539,117.35911560058594,53.03685760498047,243.12844848632812,118.5534896850586,61.287803649902344
2022-06-16,127.39063262939453,109.17449951171875,36.20368957519531,103.66000366210938,58.73228073120117,115.70594024658203,52.50355911254883,236.57125854492188,119.27815246582031,60.96822738647461
2022-06-17,128.85987854003906,110.97579956054688,36.528472900390625,106.22000122070312,58.61974334716797,115.69767761230469,52.823543548583984,239.1593780517578,118.41928100585938,61.10138702392578
2022-06-20,128.85987854003906,110.55946350097656,36.66220474243164,106.22000122070312,60.12017059326172,113.43282318115234,52.823543548583984,239.1593780517578,118.41928100585938,60.417842864990234
2022-06-21,133.08145141601562,109.53136444091797,36.27055740356445,108.68000030517578,57.86015319824219,114.82148742675781,53.952362060546875,245.04055786132812,122.00692749023438,60.93272399902344
2022-06-22,132.57208251953125,109.73528289794922,36.28010940551758,108.94999694824219,59.538753509521484,112.54837799072266,54.35232925415039,244.4514923095703,123.91255187988281,58.93535614013672
2022-06-23,135.43215942382812,110.66992950439453,36.90101623535156,112.44000244140625,59.52937316894531,111.53165435791016,55.001190185546875,249.98500061035156,127.31234741210938,58.704551696777344
2022-06-24,138.7525634765625,111.8509750366211,38.171485900878906,116.45999908447266,59.838836669921875,112.28386688232422,56.0322380065918,258.5220031738281,129.14642333984375,59.12177658081055
2022-06-27,138.7525634765625,114.06861877441406,38.630001068115234,113.22000122070312,61.85503005981445,114.17675018310547,55.91669845581055,255.80833435058594,128.1623077392578,60.30243682861328
2022-06-28,134.61917114257812,112.8450698852539,37.856258392333984,107.4000015258789,61.892547607421875,112.56489562988281,55.356712341308594,247.68663024902344,126.07768249511719,61.83819580078125
2022-06-29,136.3724365234375,111.53659057617188,36.91056442260742,108.91999816894531,61.75188446044922,112.1433334350586,55.75669479370117,251.33700561523438,127.22286987304688,61.83819580078125
2022-06-30,133.91397094726562,112.5816879272461,36.375633239746094,106.20999908447266,61.301753997802734,112.21772766113281,55.91669845581055,248.0246124267578,128.64540100097656,61.54524612426758
2022-07-01,136.07861328125,114.29804229736328,36.012638092041016,109.55999755859375,61.71437072753906,114.75537872314453,57.22327423095703,250.68035888671875,130.7210235595703,62.34418869018555
2022-07-04,136.07861328125,114.90979766845703,34.97142791748047,109.55999755859375,65.24037170410156,117.46658325195312,57.22327423095703,250.68035888671875,130.7210235595703,61.95359420776367
2022-07-05,138.65463256835938,114.17908477783203,35.124263763427734,113.5,62.99911117553711,109.2337417602539,56.24555587768555,253.8383026123047,129.45956420898438,61.83819580078125
2022-07-06,139.9867401123047,115.56402587890625,35.51591110229492,114.33000183105469,65.5592041015625,105.01815795898438,56.36109924316406,257.0830078125,130.6673583984375,61.110252380371094
2022-07-07,143.3463592529297,116.54116821289062,36.471153259277344,116.33000183105469,65.3435287475586,102.2077407836914,55.91669845581055,259.19793701171875,130.6226348876953,61.163516998291016
2022-07-08,144.02218627929688,115.54705810546875,35.45859909057617,115.54000091552734,66.20626831054688,102.38133239746094,56.12112045288086,258.4833679199219,129.7458953857422,60.861698150634766
2022-07-11,141.89669799804688,114.7823486328125,34.70396041870117,111.75,66.35631561279297,102.48876953125,55.943355560302734,255.44134521484375,130.65843200683594,61.30556106567383
2022-07-12,142.86639404296875,114.54443359375,34.57022476196289,109.22000122070312,64.04003143310547,103.25751495361328,55.7033576965332,244.97296142578125,129.50433349609375,62.4595947265625
2022-07-13,142.50399780273438,115.06272888183594,35.0478401184082,110.4000015258789,64.75273895263672,103.24097442626953,55.44560623168945,244.0555419921875,130.35423278808594,64.74101257324219
2022-07-14,145.42286682128906,115.30062103271484,35.267547607421875,110.62999725341797,65.74675750732422,102.67889404296875,55.26783752441406,245.3689422607422,129.96951293945312,63.29404830932617
2022-07-15,147.08792114257812,116.83853149414062,35.878910064697266,113.55000305175781,68.0818099975586,103.1335220336914,55.55226516723633,247.91839599609375,129.7906494140625,64.5545883178711
2022-07-18,144.0515594482422,116.94901275634766,36.77683639526367,113.76000213623047,67.05025482177734,100.85213470458984,54.796756744384766,245.5330810546875,128.2159423828125,63.6402473449707
2022-07-19,147.90090942382812,116.0908432006836,37.015647888183594,118.20999908447266,67.58477783203125,102.4557113647461,55.57892990112305,250.63206481933594,128.8690643310547,62.965579986572266
2022-07-20,149.89901733398438,110.44901275634766,36.98698806762695,122.7699966430664,67.90362548828125,101.57952880859375,54.663429260253906,253.27810668945312,126.64131927490234,63.28516387939453
2022-07-21,152.16163635253906,111.44313049316406,36.32787322998047,124.62999725341797,68.45690155029297,101.06704711914062,54.53899002075195,255.75999450683594,126.7611083984375,64.44807434082031
2022-07-22,150.927490234375,117.31437683105469,36.17502975463867,122.41999816894531,69.80729675292969,100.51324462890625,54.743431091308594,251.43356323242188,128.7871856689453,65.05171203613281
2022-07-25,149.81088256835938,118.12155151367188,37.16848373413086,121.13999938964844,69.61973571777344,100.0916748046875,55.27671813964844,249.95608520507812,129.66062927246094,63.79115295410156
2022-07-26,148.4886016845703,122.2764663696289,36.576236724853516,114.80999755859375,69.46031188964844,101.16625213623047,56.18333435058594,243.263671875,129.91281127929688,62.81466293334961
2022-07-27,153.5720977783203,119.064697265625,36.85325622558594,120.97000122070312,68.52254486083984,102.70368957519531,56.00556564331055,259.5262756347656,131.1464385986328,63.43606948852539
2022-07-28,154.12054443359375,120.15226745605469,37.43594741821289,122.27999877929688,70.40746307373047,104.82803344726562,56.93885040283203,266.933349609375,133.3256072998047,65.33577728271484
2022-07-29,159.17466735839844,119.98234558105469,37.88491439819336,134.9499969482422,67.55664825439453,105.00161743164062,57.03662109375,271.1148681640625,125.08616638183594,65.54883575439453
2022-08-01,158.19520568847656,118.93722534179688,38.99300003051758,135.38999938964844,66.72203826904297,103.05912780761719,57.347713470458984,268.47845458984375,128.67910766601562,63.711265563964844
2022-08-02,156.72596740722656,119.22613525390625,37.875362396240234,134.16000366210938,67.79109191894531,102.53836822509766,56.56553268432617,265.3978271484375,127.82366943359375,62.228782653808594
2022-08-03,162.7203826904297,119.9568099975586,38.57269287109375,139.52000427246094,67.12528228759766,100.9265365600586,56.814414978027344,272.78558349609375,130.4620819091797,62.885684967041016
2022-08-04,162.40692138671875,118.81826782226562,39.871826171875,142.57000732421875,66.44071197509766,101.95977783203125,56.59219741821289,273.92510986328125,130.25497436523438,61.92695999145508
2022-08-05,162.1813507080078,118.87775421142578,38.98344802856445,140.8000030517578,65.79364776611328,101.60432434082031,56.33443069458008,273.2103576660156,130.3179931640625,62.07786560058594
2022-08-08,161.71054077148438,117.77318572998047,37.980438232421875,139.41000366210938,68.57881927490234,101.60432434082031,55.970027923583984,270.7093200683594,130.8132781982422,63.063232421875
2022-08-09,161.75958251953125,116.4986801147461,37.34042739868164,137.8300018310547,70.83882904052734,101.36460876464844,56.04111862182617,272.62139892578125,130.50711059570312,63.17863082885742
2022-08-10,165.99681091308594,117.55228424072266,37.00609588623047,142.69000244140625,71.56090545654297,102.59624481201172,56.57442092895508,279.2461853027344,131.74075317382812,63.471588134765625
2022-08-11,165.2611541748047,118.04505920410156,37.034751892089844,140.63999938964844,71.5702896118164,105.6215591430664,56.19221878051758,277.1795959472656,130.8042755126953,63.675750732421875
2022-08-12,168.80201721191406,118.8692626953125,37.206695556640625,143.5500030517578,71.91726684570312,108.2253189086914,56.618865966796875,281.9019775390625,132.07394409179688,63.72014617919922
2022-08-15,169.87110900878906,120.0758056640625,36.452049255371094,143.17999267578125,70.5574951171875,107.09288787841797,57.32993698120117,283.40838623046875,133.77586364746094,63.53371810913086
2022-08-16,169.71417236328125,121.29084014892578,37.52192306518555,144.77999877929688,70.11675262451172,108.73780822753906,57.8010139465332,282.6744384765625,135.00953674316406,63.87993240356445
2022-08-17,171.2050323486328,122.8372573852539,36.72907257080078,142.10000610351562,69.33840942382812,108.87005615234375,57.667686462402344,281.92926025390625,134.38818359375,64.63448333740234
2022-08-18,170.8126678466797,122.7692642211914,36.28010940551758,142.3000030517578,68.9820556640625,110.71334075927734,57.96989822387695,280.8163757324219,134.86546325683594,64.68775939941406
2022-08-19,168.23312377929688,122.41241455078125,35.6114387512207,138.22999572753906,68.9820556640625,109.29988098144531,57.925453186035156,276.92596435546875,134.8294219970703,63.400569915771484
2022-08-22,164.3588409423828,122.33592224121094,35.15291976928711,133.22000122070312,69.8823013305664,109.91155242919922,57.06328201293945,268.7967224121094,134.46922302246094,62.21990203857422
2022-08-23,164.0253143310547,122.49739074707031,35.009639739990234,133.6199951171875,69.06645202636719,108.89485931396484,57.12550354003906,267.529052734375,131.8758544921875,63.036598205566406
2022-08-24,164.31956481933594,119.37056732177734,35.172027587890625,133.8000030517578,68.92578125,107.77894592285156,57.205501556396484,266.89990234375,131.30856323242188,61.7227783203125
2022-08-25,166.77166748046875,118.93722534179688,36.42339324951172,137.27999877929688,69.0289535522461,108.14266204833984,57.481040954589844,269.86126708984375,131.20046997070312,61.84706497192383
2022-08-26,160.4844970703125,117.94312286376953,35.716514587402344,130.75,68.8320083618164,106.68785858154297,56.09445571899414,259.4481506347656,128.1298370361328,60.97710418701172
2022-08-29,158.28744506835938,117.8836669921875,35.58278274536133,129.7899932861328,66.70328521728516,106.47293853759766,55.75669479370117,256.6803283691406,127.58953857421875,60.84394454956055
2022-08-30,155.86476135253906,119.23462677001953,35.02873992919922,128.72999572753906,65.14659881591797,106.96062469482422,55.24117660522461,254.49313354492188,126.22978210449219,59.8408317565918
2022-08-31,154.20713806152344,116.53268432617188,34.923667907714844,126.7699966430664,62.09885025024414,104.3734130859375,54.85007858276367,253.04151916503906,124.21272277832031,58.447120666503906
2022-09-01,154.9329833984375,117.23790740966797,34.723060607910156,127.81999969482422,65.89680480957031,107.20860290527344,55.10784912109375,252.0059814453125,125.7435302734375,61.873687744140625
2022-09-02,152.8241424560547,117.13595581054688,35.76427459716797,127.51000213623047,67.49101257324219,107.21687316894531,54.35232925415039,247.805908203125,123.51036834716797,61.57187271118164
2022-09-05,152.8241424560547,116.74508666992188,35.716514587402344,127.51000213623047,66.09374237060547,107.6632308959961,54.35232925415039,247.805908203125,123.51036834716797,62.56611633300781
2022-09-06,151.56866455078125,117.56077575683594,35.77383041381836,126.11000061035156,66.46884155273438,106.66304779052734,54.37900924682617,245.0864715576172,122.13259887695312,62.6460075378418
2022-09-07,152.9712677001953,117.59475708007812,35.926666259765625,129.47999572753906,67.46287536621094,108.96098327636719,55.383384704589844,249.7704620361328,123.97860717773438,62.965579986572266
2022-09-08,151.5,118.45293426513672,35.3917350769043,129.82000732421875,67.63167572021484,109.25027465820312,55.21450424194336,250.18658447265625,124.14069366455078,64.92744445800781
2022-09-09,154.35427856445312,119.4470443725586,35.974430084228516,133.27000427246094,68.48503875732422,108.87005615234375,55.392269134521484,255.9351806640625,126.03173065185547,65.70862579345703
2022-09-12,160.2981414794922,120.00782775878906,37.015647888183594,136.4499969482422,69.11333465576172,112.06068420410156,55.55226516723633,258.0545654296875,127.05826568603516,66.59632873535156
2022-09-13,150.8919219970703,118.4189224243164,36.83414840698242,126.81999969482422,68.48503875732422,109.85367584228516,53.7479248046875,243.8671112060547,124.42886352539062,65.75300598144531
2022-09-14,152.333740234375,118.42745208740234,36.97743225097656,128.5500030517578,68.12869262695312,110.54802703857422,54.03235626220703,244.08969116210938,124.72602844238281,64.85641479492188
2022-09-15,149.45008850097656,118.9202651977539,36.738624572753906,126.27999877929688,68.87889099121094,109.0188217163086,53.29819107055664,237.47019958496094,123.76248931884766,64.94519805908203
2022-09-16,147.81207275390625,118.9202651977539,36.738624572753906,123.52999877929688,68.87889099121094,109.0188217163086,53.30714797973633,236.850830078125,124.51890563964844,64.94519805908203
2022-09-19,151.5196533203125,118.4359359741211,36.97743225097656,124.66000366210938,68.38188171386719,106.63825225830078,53.71003723144531,236.63790893554688,124.25774383544922,65.13160705566406
2022-09-20,153.8932647705078,119.37907409667969,36.566680908203125,122.19000244140625,68.42877197265625,105.70420837402344,53.62946319580078,234.63462829589844,123.81651306152344,67.55506896972656
2022-09-21,150.7742156982422,117.68822479248047,36.585784912109375,118.54000091552734,69.01017761230469,104.87762451171875,53.18180465698242,231.2474365234375,122.22264862060547,67.62608337402344
2022-09-22,149.81298828125,118.67385864257812,34.90456008911133,117.30999755859375,70.50123596191406,104.73709869384766,53.056461334228516,233.21202087402344,122.65491485595703,66.33890533447266
2022-09-23,147.54725646972656,118.333984375,34.71350860595703,113.77999877929688,67.8848648071289,102.62930297851562,52.46554183959961,230.2506561279297,122.08759307861328,65.08721923828125
2022-09-26,147.88075256347656,118.69935607910156,33.49080276489258,115.1500015258789,67.05025482177734,101.05878448486328,51.81196594238281,229.79579162597656,122.20465850830078,64.35929107666016
2022-09-27,148.85174560546875,119.1241683959961,34.0734977722168,114.41000366210938,68.93517303466797,102.5714340209961,50.47794723510742,228.78932189941406,118.84585571289062,64.4924545288086
2022-09-28,146.96856689453125,120.73855590820312,34.28364944458008,118.01000213623047,68.92578125,103.46415710449219,51.015132904052734,233.2991180419922,118.84585571289062,64.27051544189453
2022-09-29,139.7495880126953,122.08951568603516,33.83468246459961,114.80000305175781,68.21308898925781,102.27387237548828,50.64805603027344,229.84420776367188,115.89225006103516,64.785400390625
2022-09-30,135.55160522460938,123.2110824584961,34.53201675415039,113.0,66.36568450927734,104.41472625732422,50.1556282043457,225.39248657226562,113.68607330322266,62.788047790527344
2022-10-03,139.72021484375,123.31307220458984,34.8568000793457,115.87999725341797,67.26595306396484,106.134033203125,50.719688415527344,232.97976684570312,115.7211685180664,63.42719650268555
2022-10-04,143.30026245117188,121.63919067382812,34.90456008911133,121.08999633789062,67.21905517578125,107.96080780029297,50.83607864379883,240.85736083984375,117.15293884277344,63.73788833618164
2022-10-05,143.59449768066406,120.84052276611328,35.324867248535156,120.94999694824219,67.7629623413086,105.75382232666016,50.352603912353516,241.16702270507812,116.34249877929688,64.4658203125
2022-10-06,142.64305114746094,121.69017791748047,35.172027587890625,120.30000305175781,66.61888885498047,108.12611389160156,49.26926803588867,238.83470153808594,113.89319610595703,65.0428237915039
2022-10-07,137.40538024902344,122.58233642578125,34.551116943359375,114.55999755859375,68.35375213623047,105.47277069091797,48.803707122802734,226.6892852783203,111.90312957763672,63.915443420410156
2022-10-10,137.72906494140625,120.73005676269531,33.366615295410156,113.66999816894531,66.0280990600586,103.62120819091797,48.696266174316406,221.86013793945312,111.44388580322266,64.57234191894531
2022-10-11,136.31668090820312,119.5405044555664,34.006629943847656,112.20999908447266,67.51913452148438,104.97681427001953,48.7768440246582,218.14393615722656,111.86709594726562,65.23812866210938
2022-10-12,135.68893432617188,122.6843032836914,33.5385627746582,112.9000015258789,66.75955200195312,104.04277801513672,49.36775207519531,218.4729461669922,112.04719543457031,65.25588989257812
2022-10-13,140.24986267089844,123.9333267211914,34.23588943481445,112.52999877929688,66.27190399169922,104.35687255859375,50.021339416503906,226.6892852783203,113.74009704589844,64.4924545288086
2022-10-14,135.72817993164062,122.70127868652344,34.21678161621094,106.9000015258789,65.69986724853516,103.9435806274414,49.22450637817383,221.1923370361328,112.63252258300781,63.56034851074219
2022-10-17,139.68093872070312,123.46600341796875,34.551116943359375,113.79000091552734,68.45690155029297,104.25767517089844,49.86017608642578,229.87322998046875,114.66761016845703,63.063232421875
2022-10-18,140.9952850341797,124.7235107421875,35.8406982421875,116.36000061035156,67.4534912109375,105.68767547607422,50.53165817260742,230.8119659423828,115.59510040283203,63.471588134765625
2022-10-19,141.10316467285156,123.4150161743164,35.94577407836914,115.06999969482422,65.68112182617188,107.76242065429688,50.10191345214844,228.85707092285156,116.66667938232422,63.18751907348633
2022-10-20,140.64219665527344,121.55424499511719,34.90456008911133,115.25,66.11249542236328,106.96062469482422,49.31404113769531,228.5376739501953,115.16398620605469,64.86528778076172
2022-10-21,144.4478302001953,123.08363342285156,35.057395935058594,119.31999969482422,67.33158874511719,109.15109252929688,50.10191345214844,234.3152618408203,116.60592651367188,66.35665130615234
2022-10-24,146.58604431152344,127.3575210571289,35.009639739990234,119.81999969482422,68.80388641357422,112.85421752929688,51.543373107910156,239.2799072265625,117.32234954833984,66.409912109375
2022-10-25,149.42066955566406,130.9770965576172,35.60188674926758,120.5999984741211,70.53874969482422,114.48259735107422,52.77891159057617,242.57998657226562,118.67359161376953,67.00469207763672
2022-10-26,146.4879608154297,132.04771423339844,36.13682556152344,115.66000366210938,69.95732879638672,115.45794677734375,53.17284393310547,223.8634033203125,119.5079116821289,68.12320709228516
2022-10-27,142.02517700195312,133.53463745117188,36.576236724853516,110.95999908447266,70.14488220214844,113.56507873535156,53.29819107055664,219.44073486328125,119.59860229492188,67.38639831542969
2022-10-28,152.75552368164062,133.90846252441406,35.44905090332031,103.41000366210938,71.67344665527344,115.74728393554688,54.3994255065918,228.26673889160156,122.62754821777344,66.88040161132812
2022-10-31,150.40147399902344,137.52810668945312,36.35653305053711,102.44000244140625,72.02979278564453,117.49137115478516,53.58469772338867,224.64727783203125,122.1287612915039,67.9456558227539
2022-11-01,147.7630615234375,139.43984985351562,36.39473342895508,96.79000091552734,76.80302429199219,120.47537231445312,53.39667892456055,220.81494140625,122.31922149658203,69.88087463378906
2022-11-02,142.250732421875,139.43984985351562,36.39473342895508,92.12000274658203,76.80302429199219,120.47537231445312,52.653564453125,213.00509643554688,120.55987548828125,69.88087463378906
2022-11-03,136.2185821533203,140.78236389160156,35.42039489746094,89.30000305175781,74.61803436279297,119.26854705810547,52.626705169677734,207.34368896484375,119.73463439941406,68.86888885498047
2022-11-04,135.95333862304688,140.78236389160156,36.44249725341797,90.9800033569336,76.02467346191406,119.38426971435547,53.056461334228516,214.2534942626953,121.92021179199219,68.1587142944336
2022-11-07,136.48387145996094,139.57579040527344,36.38518524169922,90.52999877929688,75.26509857177734,119.86368560791016,53.262386322021484,220.52459716796875,123.7883529663086,67.35089111328125
2022-11-08,137.05369567871094,141.06275939941406,37.04430389404297,89.9800033569336,76.48418426513672,122.08722686767578,53.36086654663086,221.49237060546875,124.06947326660156,67.06683349609375
2022-11-09,132.50491333007812,143.28887939453125,36.96788024902344,86.13999938964844,76.4935531616211,121.05397033691406,52.61775207519531,217.27294921875,123.77018737792969,65.60210418701172
2022-11-10,144.2944793701172,145.07321166992188,36.8245964050293,96.62999725341797,77.72203063964844,121.89710235595703,54.50688171386719,235.14755249023438,128.0325164794922,65.15824127197266
2022-11-11,147.07481384277344,144.0111083984375,37.283111572265625,100.79000091552734,78.2940673828125,124.31900024414062,54.90080642700195,239.1444549560547,127.84207153320312,64.52796936035156
2022-11-14,145.6797332763672,143.603271484375,36.49026107788086,98.48999786376953,80.3946762084961,122.4178466796875,54.3725700378418,233.76364135742188,127.85115814208984,64.02196502685547
2022-11-15,147.40882873535156,140.62937927246094,36.66220474243164,98.94000244140625,80.24462127685547,124.64964294433594,54.283050537109375,234.17013549804688,127.40678405761719,63.75564956665039
2022-11-16,146.18075561523438,142.1673126220703,36.77683639526367,97.12000274658203,80.56346130371094,124.2446060180664,54.18455505371094,234.59710693359375,128.54037475585938,64.77651977539062
2022-11-17,148.0769500732422,142.13331604003906,37.41684341430664,94.8499984741211,80.06644439697266,127.08806610107422,54.354671478271484,234.548583984375,127.75139617919922,65.35829162597656
2022-11-18,148.6369171142578,140.93527221679688,38.2192497253418,94.13999938964844,82.05451202392578,127.9146728515625,54.73965072631836,234.1021270751953,129.2930908203125,64.7674331665039
2022-11-21,145.4144287109375,140.93527221679688,38.2192497253418,92.45999908447266,82.05451202392578,127.9146728515625,55.58124923706055,234.9076690673828,130.93450927734375,64.7674331665039
2022-11-22,147.54638671875,139.75424194335938,39.07896423339844,93.19999694824219,80.25399780273438,126.8318099975586,55.8229866027832,237.79974365234375,132.05908203125,67.7944564819336
2022-11-23,148.42083740234375,137.6470489501953,38.658660888671875,94.12999725341797,81.57624053955078,128.0386199951172,56.07367706298828,240.27450561523438,132.811767578125,68.38532257080078
2022-11-24,148.42083740234375,140.45098876953125,38.50582504272461,94.12999725341797,82.57776641845703,128.11305236816406,56.07367706298828,240.27450561523438,132.811767578125,67.99444580078125
2022-11-25,145.51272583007812,140.1913604736328,38.868812561035156,93.41000366210938,81.71797180175781,127.57575225830078,56.127403259277344,240.18714904785156,133.056640625,67.55811309814453
2022-11-28,141.69091796875,139.4904022216797,37.90401840209961,93.94999694824219,79.09135437011719,126.7326431274414,56.136348724365234,234.62625122070312,132.9477996826172,68.35804748535156
2022-11-29,138.6944122314453,139.4904022216797,36.66220474243164,92.41999816894531,77.4757080078125,124.60005950927734,55.93938064575195,233.2384796142578,131.93209838867188,65.90369415283203
2022-11-30,145.43408203125,138.97984313964844,37.06340789794922,96.54000091552734,77.3528823852539,127.2781982421875,57.3549919128418,247.6114044189453,135.2694091796875,69.31251525878906
2022-12-01,145.70919799804688,138.4519500732422,37.846702575683594,95.5,77.71190643310547,126.07963562011719,57.517295837402344,247.1746826171875,135.3509979248047,66.64909362792969
2022-12-02,145.2179412841797,140.7451934814453,37.923126220703125,94.12999725341797,78.50555419921875,124.90589904785156,58.02222442626953,247.49493408203125,136.58438110351562,68.16714477539062
2022-12-05,144.0586700439453,139.1702117919922,37.37863540649414,91.01000213623047,78.96853637695312,124.81495666503906,57.228759765625,242.81719970703125,135.2059326171875,66.14913177490234
2022-12-06,140.40391540527344,142.1038360595703,36.91056442260742,88.25,77.52294921875,124.5504379272461,57.20170974731445,237.88710021972656,135.37820434570312,66.61273193359375
2022-12-07,138.4684295654297,140.53750610351562,37.206695556640625,88.45999908447266,78.7701187133789,125.44315338134766,57.29188537597656,237.15919494628906,136.2488250732422,65.90369415283203
2022-12-08,140.1484375,142.74424743652344,37.206695556640625,90.3499984741211,80.93376159667969,125.43487548828125,57.53532791137695,240.0998077392578,137.22824096679688,65.9946060180664
2022-12-09,139.6670379638672,140.6067352294922,37.37863540649414,89.08999633789062,81.05659484863281,127.41871643066406,56.93121337890625,238.17822265625,136.865478515625,64.17657470703125
2022-12-12,141.95619201660156,140.6067352294922,37.37863540649414,90.55000305175781,81.05659484863281,127.41871643066406,57.67959976196289,245.05902099609375,138.27114868164062,64.17657470703125
2022-12-13,142.91900634765625,144.2067108154297,37.072959899902344,92.48999786376953,82.18093872070312,126.7326431274414,57.697628021240234,249.33889770507812,138.0625457763672,62.603973388671875
2022-12-14,140.6986541748047,141.74903869628906,37.397743225097656,91.58000183105469,81.33059692382812,126.24493408203125,57.697628021240234,249.6300811767578,138.60670471191406,62.83121871948242
2022-12-15,134.10630798339844,140.1999969482422,37.53147888183594,88.44999694824219,79.76217651367188,125.02986145019531,56.90415954589844,241.66229248046875,137.03782653808594,62.44034957885742
2022-12-16,132.1511993408203,140.01829528808594,36.97743225097656,87.86000061035156,80.57473754882812,124.39340209960938,56.579566955566406,237.46978759765625,136.43017578125,64.17657470703125
2022-12-19,130.04873657226562,142.45864868164062,35.96487808227539,84.91999816894531,81.70853424072266,124.21981811523438,56.660709381103516,233.35487365722656,136.39389038085938,64.62198638916016
2022-12-20,129.97994995117188,142.16441345214844,35.735618591308594,85.19000244140625,81.02825927734375,125.38529968261719,56.61563491821289,234.66506958007812,136.44834899902344,65.44010162353516
2022-12-21,133.07473754882812,142.700927734375,35.324867248535156,86.7699966430664,81.7463150024414,126.32762908935547,57.526309967041016,237.21743774414062,137.69979858398438,65.81278991699219
2022-12-22,129.9112091064453,140.39903259277344,35.02873992919922,83.79000091552734,80.9432144165039,125.49275970458984,57.111549377441406,231.16159057617188,138.0172119140625,66.04005432128906
2022-12-23,129.5476531982422,141.27305603027344,35.296207427978516,85.25,81.34004211425781,127.78240203857422,57.54433822631836,231.68565368652344,138.40716552734375,65.43101501464844
2022-12-26,129.5476531982422,138.93658447265625,35.52546310424805,85.25,81.00935363769531,126.5177230834961,57.54433822631836,231.68565368652344,138.40716552734375,64.63107299804688
2022-12-27,127.749755859375,139.98365783691406,35.88846206665039,83.04000091552734,81.95417022705078,128.25357055664062,57.89598846435547,229.96788024902344,139.61331176757812,64.56743621826172
2022-12-28,123.82974243164062,139.3173370361328,35.58278274536133,81.81999969482422,80.88652801513672,126.30281829833984,57.31892395019531,227.60955810546875,137.8086700439453,63.63115692138672
2022-12-29,127.33714294433594,137.66445922851562,35.82159423828125,84.18000030517578,79.4787368774414,127.71627044677734,57.661556243896484,233.89834594726562,138.37994384765625,63.51298904418945
2022-12-30,127.65151977539062,136.76443481445312,35.13381576538086,84.0,77.7591552734375,125.93084716796875,57.3549919128418,232.7434844970703,137.4459228515625,62.61306381225586
2023-01-02,127.65151977539062,135.68272399902344,35.5445671081543,84.0,79.9794921875,125.92256927490234,57.3549919128418,232.7434844970703,137.4459228515625,62.858497619628906
2023-01-03,122.87673950195312,139.3086700439453,34.99053192138672,85.81999969482422,79.84722137451172,124.74057006835938,56.75989532470703,232.51055908203125,137.45497131347656,62.94939422607422
2023-01-04,124.14411926269531,140.49424743652344,35.46815490722656,85.13999938964844,81.15107727050781,125.26129150390625,56.732845306396484,222.3397979736328,138.05349731445312,64.07657623291016
2023-01-05,122.8276138305664,141.4720916748047,36.89146041870117,83.12000274658203,82.84231567382812,126.38548278808594,56.083641052246094,215.75013732910156,136.33949279785156,64.00386047363281
2023-01-06,127.3469467163086,142.09518432617188,37.732078552246094,86.08000183105469,83.25804138183594,126.85662078857422,57.16564178466797,218.29286193847656,139.5861053466797,65.85824584960938
2023-01-09,127.86764526367188,140.3384552001953,38.41029739379883,87.36000061035156,85.49726867675781,127.43525695800781,56.453330993652344,220.41822814941406,137.88116455078125,65.78553009033203
2023-01-10,128.43746948242188,140.08750915527344,38.87836837768555,89.87000274658203,85.31775665283203,126.5838394165039,56.020530700683594,222.0972137451172,137.7451629638672,65.84007263183594
2023-01-11,131.14910888671875,141.05674743652344,39.394203186035156,95.08999633789062,85.45947265625,131.73348999023438,55.912322998046875,228.81297302246094,136.6296844482422,66.10367584228516
2023-01-12,131.07049560546875,139.58560180664062,40.46406936645508,95.2699966430664,86.35707092285156,131.8988037109375,55.19099807739258,231.47213745117188,135.85885620117188,66.35821533203125
2023-01-13,132.3968048095703,138.46060180664062,40.76974868774414,98.12000274658203,86.19644927978516,131.84095764160156,55.38935852050781,232.1708526611328,136.82920837402344,66.63091278076172
2023-01-16,132.3968048095703,142.04327392578125,39.900482177734375,98.12000274658203,87.52864837646484,135.56887817382812,55.38935852050781,232.1708526611328,136.82920837402344,65.36738586425781
2023-01-17,133.55615234375,141.3076934814453,40.01510238647461,96.05000305175781,86.79168701171875,133.1056365966797,55.61478042602539,233.2578582763672,136.43017578125,65.24011993408203
2023-01-18,132.83892822265625,139.75865173339844,39.81450653076172,95.45999908447266,86.73499298095703,133.1965789794922,53.92866134643555,228.85179138183594,132.77549743652344,65.23103332519531
2023-01-19,132.8979034423828,138.97984313964844,40.28257369995117,93.68000030517578,87.19795989990234,131.23756408691406,53.84750747680664,225.0863037109375,129.96751403808594,66.17640686035156
2023-01-20,135.45225524902344,140.4769287109375,40.40675354003906,97.25,86.92396545410156,131.43592834472656,54.172115325927734,233.13168334960938,130.46945190429688,67.1854248046875
2023-01-23,138.63548278808594,141.54132080078125,41.55304718017578,97.5199966430664,89.76789093017578,133.2709503173828,54.3073616027832,235.42205810546875,128.71728515625,67.75809478759766
2023-01-24,140.0305633544922,143.99037170410156,42.030670166015625,96.31999969482422,90.56153869628906,133.70079040527344,54.595890045166016,234.89794921875,129.41998291015625,68.4489517211914
2023-01-25,139.37229919433594,142.5278778076172,42.60381317138672,97.18000030517578,90.50485229492188,134.02313232421875,54.93852996826172,233.51016235351562,129.32872009277344,69.22161865234375
2023-01-26,141.43553161621094,141.03079223632812,43.15785217285156,99.22000122070312,90.28753662109375,134.69268798828125,54.830326080322266,240.68211364746094,128.8085479736328,69.03071594238281
2023-01-27,143.37094116210938,140.1999969482422,43.01456832885742,102.23999786376953,89.10650634765625,133.9983367919922,54.54179000854492,240.83740234375,128.27928161621094,68.53984832763672
2023-01-30,140.4923095703125,139.2394256591797,42.50829315185547,100.55000305175781,88.98368072509766,133.494140625,54.677040100097656,235.54820251464844,128.68077087402344,68.70347595214844
2023-01-31,141.7597198486328,143.73939514160156,43.00502014160156,103.12999725341797,88.33174896240234,136.27976989746094,55.2901725769043,240.4977264404297,129.93104553222656,66.8581771850586
2023-02-01,142.87966918945312,142.96055603027344,42.852176666259766,105.1500015258789,88.87030029296875,135.08944702148438,55.2991943359375,245.29193115234375,130.67022705078125,68.06715393066406
2023-02-02,148.17520141601562,139.02310180664062,42.66112518310547,112.91000366210938,87.86878204345703,131.66737365722656,54.352447509765625,256.7923278808594,129.7393798828125,66.2673110961914
2023-02-03,151.7906494140625,142.6923065185547,42.670677185058594,103.38999938964844,88.46401977539062,130.7911834716797,53.94668960571289,250.72671508789062,130.14089965820312,66.21275329589844
2023-02-06,149.06922912597656,142.6923065185547,42.670677185058594,102.18000030517578,88.46401977539062,130.7911834716797,54.253257751464844,249.1933135986328,129.03665161132812,66.21275329589844
2023-02-07,151.93798828125,138.1230926513672,42.33634567260742,102.11000061035156,86.17755126953125,129.82408142089844,54.16309356689453,259.6649475097656,127.77738952636719,65.80370330810547
2023-02-08,149.2559051513672,136.1067657470703,42.43186569213867,100.05000305175781,85.73348236083984,128.2039794921875,53.84750747680664,258.8594665527344,126.45416259765625,65.44010162353516
2023-02-09,148.22430419921875,135.25869750976562,42.38410568237305,98.23999786376953,85.27996826171875,127.12113189697266,53.75733947753906,255.84120178222656,125.06706237792969,64.72197723388672
2023-02-10,148.58836364746094,131.63278198242188,41.88737869262695,97.61000061035156,84.1556167602539,127.3112564086914,53.75733947753906,255.3365478515625,126.17125701904297,64.65834045410156
2023-02-13,151.38282775878906,134.12506103515625,42.0211181640625,99.54000091552734,84.68472290039062,129.6339874267578,54.6409797668457,263.31396484375,127.82301330566406,64.9037857055664
2023-02-14,150.74322509765625,132.53274536132812,41.33333969116211,99.69999694824219,83.79659271240234,130.6506805419922,53.73029708862305,264.13897705078125,127.10206604003906,64.27655792236328
2023-02-15,152.83908081054688,133.6058349609375,41.361995697021484,101.16000366210938,84.63748168945312,133.5685272216797,53.73029708862305,262.02764892578125,126.81004333496094,64.94013977050781
2023-02-16,151.24508666992188,133.0692901611328,42.183502197265625,98.1500015258789,83.99500274658203,145.43008422851562,53.39667510986328,255.05178833007812,125.1491928100586,64.75833892822266
2023-02-17,150.10366821289062,133.8048553466797,41.92559051513672,97.19999694824219,82.56831359863281,143.61984252929688,54.20817184448242,251.07252502441406,127.76823425292969,64.27655792236328
2023-02-20,150.10366821289062,133.4586944580078,41.80140686035156,97.19999694824219,83.90052032470703,142.33865356445312,54.20817184448242,251.07252502441406,127.76823425292969,63.9947624206543
2023-02-21,146.0989227294922,133.2163848876953,40.903480529785156,94.58000183105469,82.91790771484375,140.7350616455078,53.91964340209961,245.82847595214844,127.67696380615234,63.72206115722656
2023-02-22,146.5220489501953,132.41159057617188,41.14229202270508,95.79000091552734,81.90693664550781,141.1979522705078,54.081947326660156,244.6998748779297,128.2153778076172,65.58554077148438
2023-02-23,147.004150390625,133.85678100585938,42.0211181640625,95.81999969482422,82.37935638427734,141.69390869140625,54.18113327026367,247.87161254882812,127.80474090576172,64.40381622314453
2023-02-24,144.35733032226562,134.56639099121094,41.266475677490234,93.5,83.36197662353516,140.5283966064453,53.95571517944336,242.471923828125,127.0838394165039,64.44927215576172
2023-02-27,145.54791259765625,133.70103454589844,40.53093719482422,93.76000213623047,84.33514404296875,141.0243682861328,53.93767547607422,243.38645935058594,126.97429656982422,65.34919738769531
2023-02-28,145.04611206054688,134.10772705078125,38.687320709228516,94.2300033569336,82.41715240478516,139.28025817871094,53.65816116333008,242.66648864746094,125.53243255615234,65.54010009765625
2023-03-01,142.9797821044922,132.41159057617188,39.327327728271484,92.16999816894531,82.25651550292969,139.8836669921875,53.07208251953125,239.6017608642578,125.62368774414062,64.65834045410156
2023-03-02,143.5701446533203,134.94717407226562,39.0407600402832,92.12999725341797,83.18246459960938,139.9828643798828,53.84750747680664,244.31072998046875,127.69522094726562,64.7674331665039
2023-03-03,148.60806274414062,136.09812927246094,39.12672805786133,94.9000015258789,83.5887222290039,139.75143432617188,53.59504318237305,248.3775177001953,128.6260528564453,65.80370330810547
2023-03-06,151.3631591796875,135.98562622070312,39.336883544921875,93.75,83.04072570800781,136.51116943359375,54.424583435058594,249.91477966308594,128.07850646972656,66.37638854980469
2023-03-07,149.16891479492188,135.44044494628906,38.3625373840332,93.55000305175781,81.31169891357422,134.60174560546875,54.10898971557617,247.26841735839844,125.53243255615234,65.91279602050781
2023-03-08,150.41854858398438,135.72601318359375,38.591796875,93.91999816894531,81.71797180175781,135.22171020507812,54.136043548583984,246.83059692382812,125.55071258544922,65.90369415283203
2023-03-09,148.1750946044922,134.57504272460938,38.50582504272461,92.25,81.39673614501953,135.63499450683594,53.613075256347656,245.48800659179688,124.6290054321289,65.48554992675781
2023-03-10,146.11865234375,136.176025390625,38.63955307006836,90.7300033569336,78.9212875366211,135.82513427734375,53.38766860961914,241.85897827148438,125.19482421875,66.58545684814453
2023-03-13,148.05702209472656,135.94235229492188,38.591796875,92.43000030517578,80.65032196044922,137.62709045410156,53.92866134643555,247.04466247558594,126.06173706054688,67.28540802001953
2023-03-14,150.14303588867188,139.7327117919922,39.241363525390625,94.87999725341797,80.42356872558594,136.83355712890625,54.12702560424805,253.7285919189453,127.62225341796875,66.98543548583984
2023-03-15,150.53663635253906,138.96250915527344,38.12372589111328,96.19999694824219,80.86762237548828,135.59365844726562,54.48768997192383,258.2527160644531,129.42910766601562,67.4762954711914
2023-03-16,153.3507843017578,139.6548309326172,38.12372589111328,100.04000091552734,81.2550048828125,137.4783172607422,54.78752517700195,268.72137451171875,130.39642333984375,66.83089447021484
2023-03-17,152.51437377929688,139.3086700439453,37.951786041259766,98.94999694824219,83.59818267822266,136.7426300048828,54.53312301635742,271.8638916015625,130.4329071044922,64.72197723388672
2023-03-20,154.8759002685547,139.3086700439453,37.951786041259766,97.70999908447266,83.59818267822266,136.7426300048828,55.06010055541992,264.8588562011719,132.44058227539062,64.72197723388672
2023-03-21,156.72576904296875,139.75865173339844,38.095069885253906,100.61000061035156,82.9273452758789,135.56887817382812,54.80569076538086,266.366943359375,131.48240661621094,65.75826263427734
2023-03-22,155.29901123046875,140.5115509033203,37.80849838256836,98.69999694824219,83.08796691894531,135.64328002929688,54.56037902832031,264.917236328125,131.4002227783203,65.93096923828125
2023-03-23,156.38136291503906,140.36441040039062,38.095069885253906,98.70999908447266,82.51162719726562,135.74246215820312,54.4422607421875,270.1418762207031,131.2177276611328,65.8855209350586
2023-03-24,157.6802215576172,139.75865173339844,38.20969772338867,98.12999725341797,82.66280364990234,136.85009765625,55.33267593383789,272.9730529785156,133.89157104492188,66.35821533203125
2023-03-27,155.7417755126953,140.62403869628906,38.610897064208984,98.04000091552734,83.5225830078125,138.98269653320312,55.74153518676758,268.8965148925781,133.1888885498047,66.6581802368164
2023-03-28,155.1219024658203,141.01344299316406,39.0025520324707,97.23999786376953,83.5225830078125,140.28042602539062,55.80514144897461,267.7776794433594,133.56304931640625,67.17632293701172
2023-03-29,158.19186401367188,141.05674743652344,39.7571907043457,100.25,85.01541900634766,141.93360900878906,56.20491027832031,272.9146728515625,133.97369384765625,66.5490951538086
2023-03-30,159.75637817382812,141.99998474121094,41.10408401489258,102.0,86.66886901855469,142.5039520263672,56.195823669433594,276.35882568359375,134.55772399902344,66.72181701660156
2023-03-31,162.255615234375,141.3855743408203,41.180503845214844,103.29000091552734,85.58230590820312,141.80137634277344,56.35936737060547,280.49371337890625,135.6893310546875,65.44920349121094
2023-04-03,163.5052490234375,141.4375,41.361995697021484,102.41000366210938,85.03431701660156,142.1815948486328,56.695556640625,279.45269775390625,136.43760681152344,65.7219009399414
2023-04-04,162.97393798828125,143.4711151123047,41.7918586730957,103.94999694824219,86.42321014404297,142.570068359375,56.522926330566406,279.404052734375,137.09466552734375,65.05831146240234
2023-04-05,161.13392639160156,142.76150512695312,40.82706832885742,101.0999984741211,85.53506469726562,141.76829528808594,57.058982849121094,276.6409912109375,138.0346221923828,64.76405334472656
2023-04-06,162.01947021484375,142.76150512695312,40.82706832885742,102.05999755859375,85.53506469726562,141.76829528808594,57.09532165527344,283.7043762207031,138.91064453125,64.76405334472656
2023-04-10,159.431640625,143.68748474121094,41.304683685302734,102.16999816894531,86.23423767089844,140.77638244628906,56.959041595458984,281.5542297363281,137.76083374023438,64.94795989990234
2023-04-11,158.22137451171875,144.4576416015625,41.73453903198242,99.91999816894531,86.93340301513672,141.61123657226562,56.859092712402344,275.1718444824219,137.48704528808594,65.48130798339844
2023-04-12,157.53265380859375,150.01341247558594,41.581703186035156,97.83000183105469,85.79961395263672,139.95806884765625,56.959041595458984,275.81396484375,137.86122131347656,65.48130798339844
2023-04-13,162.90504455566406,147.0193328857422,41.90648651123047,102.4000015258789,86.73499298095703,139.8341064453125,57.37698745727539,281.9920349121094,138.5,64.96636199951172
2023-04-14,162.56063842773438,145.49134826660156,41.86827850341797,102.51000213623047,85.13824462890625,139.10667419433594,57.2861213684082,278.3922119140625,137.79734802246094,64.95716094970703
2023-04-17,162.58035278320312,144.71414184570312,43.40621566772461,102.73999786376953,87.32079315185547,139.25546264648438,57.65864562988281,280.9801940917969,137.8429718017578,64.66291046142578
2023-04-18,163.80047607421875,145.06741333007812,43.89339065551758,102.30000305175781,86.13031005859375,138.92483520507812,57.749507904052734,280.5618591308594,137.98899841308594,64.52496337890625
2023-04-19,164.94183349609375,141.75537109375,44.62892532348633,104.30000305175781,85.45004272460938,139.68531799316406,57.85853958129883,280.63970947265625,138.01634216308594,64.36865234375
2023-04-20,163.97755432128906,146.64837646484375,44.53340148925781,103.80999755859375,88.21837615966797,142.56182861328125,58.112937927246094,278.3630065917969,138.52230834960938,64.8652114868164
2023-04-21,162.3737335205078,143.85743713378906,43.99846649169922,106.95999908447266,87.13182067871094,141.4872589111328,58.19471740722656,278.02252197265625,143.31573486328125,65.41694641113281
2023-04-24,162.67874145507812,146.42755126953125,44.26593780517578,106.20999908447266,88.14279174804688,142.10719299316406,58.103851318359375,274.1405334472656,143.57286071777344,66.03302764892578
2023-04-25,161.1437530517578,148.19398498535156,44.017574310302734,102.56999969482422,87.25465393066406,142.231201171875,58.012996673583984,267.96258544921875,143.6095733642578,66.75949096679688
2023-04-26,161.13392639160156,150.29603576660156,43.4539794921875,104.9800033569336,86.89562225341797,142.4956817626953,57.74041748046875,287.3722839355469,141.94749450683594,66.2721176147461
2023-04-27,165.70933532714844,150.27835083007812,44.04623031616211,109.81999969482422,88.33174896240234,142.17332458496094,57.85853958129883,296.5761413574219,143.6830291748047,66.13419342041016
2023-04-28,166.95899963378906,151.69149780273438,46.26239013671875,105.44999694824219,91.17567443847656,144.55389404296875,58.28556442260742,298.9403991699219,143.6003875732422,66.63994598388672
2023-05-01,166.8704071044922,151.69149780273438,46.26239013671875,102.05000305175781,91.17567443847656,144.55389404296875,58.4218635559082,297.2864074707031,143.77488708496094,66.63994598388672
2023-05-02,165.83726501464844,148.9093780517578,47.103004455566406,103.62999725341797,90.30644226074219,145.62022399902344,58.15836715698242,297.14044189453125,143.6463165283203,66.43765258789062
2023-05-03,164.76475524902344,149.88092041015625,47.75257110595703,103.6500015258789,89.91905212402344,143.81825256347656,57.831275939941406,296.1577453613281,143.46267700195312,66.125
2023-05-04,163.13134765625,152.91915893554688,48.85110092163086,104.0,92.23388671875,145.5444793701172,57.89488220214844,297.14044189453125,142.80149841308594,66.02384185791016
2023-05-05,170.78662109375,157.61785888671875,49.099464416503906,105.66000366210938,93.5093994140625,147.25010681152344,58.167449951171875,302.2385559082031,143.2789764404297,66.62155151367188
2023-05-08,170.7176971435547,155.10952758789062,48.89885711669922,105.83000183105469,92.4039535522461,148.9050750732422,58.076595306396484,300.2927551269531,142.60867309570312,66.81465911865234
2023-05-09,169.01547241210938,157.90931701660156,49.1854362487793,106.62000274658203,92.3945083618164,149.55523681640625,57.59505081176758,298.68743896484375,141.14857482910156,67.66064453125
2023-05-10,170.77676391601562,158.92498779296875,50.60874557495117,110.19000244140625,93.1125717163086,149.02328491210938,57.69499206542969,303.8536376953125,141.4424285888672,68.85606384277344
2023-05-11,170.96372985839844,158.58055114746094,50.952632904052734,112.18000030517578,91.15678405761719,149.52146911621094,58.02207946777344,301.7131652832031,141.7730255126953,68.20318603515625
2023-05-12,170.03750610351562,156.231201171875,51.13412857055664,110.26000213623047,91.20402526855469,149.7156524658203,58.249229431152344,300.60406494140625,143.2147216796875,68.1112289428711
2023-05-15,169.5448455810547,156.89361572265625,52.0129508972168,111.19999694824219,90.9867172241211,149.7156524658203,58.09476852416992,301.080810546875,143.26065063476562,66.80546569824219
2023-05-16,169.5448455810547,158.26260375976562,51.248756408691406,113.4000015258789,90.38661193847656,149.78323364257812,57.44057846069336,303.299072265625,143.01271057128906,66.92501068115234
2023-05-17,170.15574645996094,158.96034240722656,50.914424896240234,115.5,88.43389892578125,148.9979705810547,57.37698745727539,306.16571044921875,142.4066162109375,66.4652328491211
2023-05-18,172.48110961914062,158.57171630859375,49.32871627807617,118.1500015258789,89.53884887695312,150.50094604492188,57.058982849121094,310.5729675292969,140.0650177001953,66.21695709228516
2023-05-19,172.5895233154297,156.13404846191406,50.62784957885742,116.25,88.40531921386719,150.48403930664062,57.08624267578125,310.39739990234375,140.65272521972656,66.36407470703125
2023-05-22,171.64356994628906,154.82691955566406,50.62784957885742,115.01000213623047,86.24305725097656,148.3647003173828,55.88690948486328,313.16656494140625,136.97042846679688,64.7548599243164
2023-05-23,169.04232788085938,152.2302703857422,49.538875579833984,114.98999786376953,86.519287109375,147.3260955810547,55.786964416503906,307.3943176269531,135.49205017089844,65.55487060546875
2023-05-24,169.31820678710938,154.9152069091797,49.16632843017578,116.75,88.08145904541016,146.47328186035156,55.31451416015625,306.0194396972656,134.3717041015625,64.8376235961914
2023-05-25,170.4513397216797,154.56195068359375,48.20153045654297,115.0,89.05305480957031,146.91236877441406,54.887474060058594,317.78826904296875,133.5084991455078,64.36865234375
2023-05-26,172.85552978515625,155.79843139648438,49.30961608886719,120.11000061035156,89.27214050292969,146.55772399902344,54.75117874145508,324.58441162109375,133.51766967773438,63.164039611816406
2023-05-29,172.85552978515625,159.46377563476562,48.59318161010742,120.11000061035156,89.1292495727539,146.72662353515625,54.75117874145508,324.58441162109375,133.51766967773438,63.30196762084961
2023-05-30,174.69808959960938,154.82691955566406,48.134666442871094,121.66000366210938,88.2243423461914,146.27908325195312,54.3150634765625,322.9462890625,131.47911071777344,62.78702926635742
2023-05-31,174.64881896972656,157.9181365966797,49.14722442626953,120.58000183105469,90.33898162841797,150.8302459716797,54.20603942871094,320.19671630859375,130.8546905517578,61.87666320800781
2023-06-01,177.44712829589844,152.0801239013672,48.937068939208984,122.7699966430664,89.04352569580078,149.97743225097656,54.514949798583984,324.2821350097656,132.19540405273438,61.29735565185547
2023-06-02,178.29452514648438,153.6345672607422,48.70781326293945,124.25,88.11956024169922,151.7252960205078,55.568904876708984,327.03173828125,134.5461883544922,61.82149887084961
2023-06-05,176.9446258544922,156.5403594970703,48.79378890991211,125.30000305175781,88.21481323242188,153.09315490722656,55.19639205932617,327.5582580566406,134.01356506347656,63.651405334472656
2023-06-06,176.580078125,158.1919403076172,48.831993103027344,126.61000061035156,87.89095306396484,152.34165954589844,54.79661178588867,325.35467529296875,132.6820831298828,63.91807556152344
2023-06-07,175.2104949951172,159.9407196044922,48.822444915771484,121.2300033569336,87.3861083984375,152.76385498046875,54.71485137939453,315.31170654296875,132.9667510986328,63.92726135253906
2023-06-08,177.9201202392578,158.88967895507812,50.513221740722656,124.25,88.79586791992188,154.123291015625,54.85112762451172,317.144775390625,134.4727020263672,62.731849670410156
2023-06-09,178.3043670654297,158.09478759765625,53.054168701171875,123.43000030517578,89.68173217773438,156.83375549316406,54.941986083984375,318.6366271972656,134.5828857421875,62.005401611328125
2023-06-12,181.09283447265625,156.92010498046875,54.91688919067383,126.56999969482422,88.25292205810547,157.47544860839844,54.705745697021484,323.5703430175781,133.52685546875,61.600799560546875
2023-06-13,180.61990356445312,157.21157836914062,54.79270553588867,126.66000366210938,87.1574935913086,159.13043212890625,54.92381286621094,325.949462890625,133.2054901123047,61.35251998901367
2023-06-14,181.25048828125,157.4235382080078,55.44227600097656,126.41999816894531,89.17688751220703,159.75526428222656,55.296329498291016,328.9233703613281,134.454345703125,62.9709358215332
2023-06-15,183.28030395507812,158.58055114746094,55.958106994628906,127.11000061035156,88.35770416259766,159.24864196777344,56.05620193481445,339.4149475097656,136.3184356689453,64.35945129394531
2023-06-16,182.20628356933594,158.08595275878906,55.64287185668945,125.48999786376953,87.76712036132812,160.39698791503906,56.459022521972656,333.78887939453125,137.3193817138672,62.695064544677734
2023-06-19,182.20628356933594,158.2272491455078,56.63632583618164,125.48999786376953,87.54804229736328,161.3595733642578,56.459022521972656,333.78887939453125,137.3193817138672,63.5042724609375
2023-06-20,182.29493713378906,158.00645446777344,57.16170883178711,125.77999877929688,87.48135375976562,160.2449951171875,56.08366012573242,329.61572265625,136.05218505859375,62.1341438293457
2023-06-21,181.26039123535156,158.08595275878906,57.20947265625,124.83000183105469,88.03382873535156,158.0918426513672,56.239295959472656,325.2376708984375,137.22755432128906,63.081275939941406
2023-06-22,184.25576782226562,155.89559936523438,57.03752517700195,130.14999389648438,87.0336685180664,159.13885498046875,56.62380599975586,331.2342224121094,137.69586181640625,62.29045867919922
2023-06-23,183.9404296875,157.21157836914062,55.59510803222656,129.3300018310547,87.4623031616211,156.90972900390625,56.02873611450195,326.6612548828125,136.32763671875,62.19850540161133
2023-06-26,182.55113220214844,156.98193359375,54.86912536621094,127.33000183105469,86.34783935546875,156.1075897216797,56.04704666137695,320.40142822265625,136.4654083251953,62.869789123535156
2023-06-27,185.30018615722656,156.6639862060547,55.012413024902344,129.17999267578125,86.70027923583984,159.38372802734375,55.92802810668945,326.2225036621094,137.76014709472656,64.17554473876953
2023-06-28,186.4727325439453,155.3568115234375,53.62731170654297,129.0399932861328,86.40499114990234,158.37049865722656,55.406192779541016,327.4705505371094,137.73260498046875,62.989322662353516
2023-06-29,186.80772399902344,155.4451446533203,54.16224670410156,127.9000015258789,86.84315490722656,159.61172485351562,54.94844055175781,326.69049072265625,137.1724395751953,62.649085998535156
2023-06-30,191.1234588623047,155.1625213623047,53.254764556884766,130.36000061035156,87.57661437988281,159.93258666992188,55.131553649902344,332.0435485839844,139.33958435058594,62.42839813232422
2023-07-03,189.6356201171875,156.7964630126953,54.27687454223633,130.22000122070312,88.5863037109375,163.46205139160156,55.461124420166016,329.55712890625,140.03749084472656,63.27438735961914
2023-07-04,189.6356201171875,157.8474578857422,53.961647033691406,130.22000122070312,88.0624008178711,158.75889587402344,55.461124420166016,329.55712890625,140.03749084472656,63.40312194824219
2023-07-05,188.52220153808594,157.21157836914062,55.690635681152344,130.3800048828125,86.60501861572266,160.8529510498047,55.87309646606445,329.71319580078125,139.79873657226562,63.03530502319336
2023-07-06,188.9951629638672,154.77391052246094,55.155696868896484,128.36000061035156,84.68089294433594,160.59962463378906,55.44281768798828,332.75531005859375,139.56915283203125,62.75943374633789
2023-07-07,187.88169860839844,155.15370178222656,55.50914001464844,129.77999877929688,84.62374114990234,160.95428466796875,54.71041488647461,328.8063659667969,136.63987731933594,63.32956314086914
2023-07-10,185.84214782714844,155.77194213867188,56.16825485229492,127.12999725341797,83.35685729980469,157.179931640625,54.298431396484375,323.5508728027344,136.69493103027344,63.412315368652344
2023-07-11,185.3199005126953,155.65713500976562,54.92644119262695,128.77999877929688,85.38577270507812,157.3572540283203,54.490692138671875,324.1749267578125,135.9787139892578,63.908878326416016
2023-07-12,186.985107421875,156.2842254638672,55.40406036376953,130.8000030517578,84.12841033935547,155.2800750732422,54.783653259277344,328.7868957519531,136.68576049804688,63.03530502319336
2023-07-13,187.7437744140625,156.08987426757812,56.22557067871094,134.3000030517578,85.45244598388672,153.7349090576172,55.25056076049805,334.110595703125,136.777587890625,62.71345520019531
2023-07-14,187.8916015625,156.2223663330078,56.02497100830078,134.67999267578125,85.3762435913086,153.1100616455078,55.754085540771484,336.626220703125,137.78768920898438,62.299652099609375
2023-07-17,191.14315795898438,153.4667510986328,55.57600402832031,133.55999755859375,84.49990844726562,153.1691436767578,55.671688079833984,337.1041259765625,136.81431579589844,62.437591552734375
2023-07-18,190.88697814941406,155.1448516845703,55.45182418823242,132.8300018310547,86.2049560546875,153.59979248046875,55.45197296142578,350.5207214355469,137.07144165039062,63.210018157958984
2023-07-19,192.23683166503906,153.8642120361328,54.295982360839844,135.36000061035156,83.6045150756836,152.78919982910156,56.43156051635742,346.2207336425781,138.00811767578125,62.924949645996094
2023-07-20,190.2957763671875,154.16452026367188,53.49357604980469,129.9600067138672,82.90916442871094,154.08106994628906,57.11818313598633,338.2156066894531,139.1271209716797,62.722652435302734
2023-07-21,189.12322998046875,156.32835388183594,53.46492004394531,130.0,84.50942993164062,155.85426330566406,57.16395950317383,335.1929626464844,141.31715393066406,63.182430267333984
2023-07-24,189.9213409423828,153.57273864746094,53.751495361328125,128.8000030517578,82.72817993164062,153.6251220703125,57.1822624206543,336.49945068359375,141.7699432373047,62.7778205871582
2023-07-25,190.77857971191406,151.9387969970703,54.54434585571289,129.1300048828125,83.69978332519531,154.95077514648438,56.99000930786133,342.2230529785156,142.10260009765625,63.11806869506836
2023-07-26,191.64569091796875,153.37843322753906,55.14614486694336,128.14999389648438,83.77597045898438,155.60939025878906,57.722408294677734,329.3426208496094,142.2504425048828,63.936458587646484
2023-07-27,190.38446044921875,152.26559448242188,55.929447174072266,128.25,82.81391143798828,157.92295837402344,57.16395950317383,322.46856689453125,140.55943298339844,64.24911499023438
2023-07-28,192.95616149902344,152.59239196777344,56.33064651489258,132.2100067138672,84.53800964355469,160.4645233154297,57.20057678222656,329.9276428222656,144.5329132080078,64.451416015625
2023-07-31,193.5670623779297,148.38829040527344,55.671531677246094,133.67999267578125,82.8996353149414,160.19432067871094,56.697059631347656,327.538818359375,144.4312744140625,64.13876342773438
2023-08-01,192.73941040039062,144.6346435546875,55.18435287475586,131.69000244140625,79.56575012207031,160.13522338867188,56.550567626953125,327.9483337402344,144.3850555419922,64.80084228515625
2023-08-02,189.75387573242188,143.8750762939453,54.0858268737793,128.2100067138672,79.11804962158203,158.1340789794922,56.72451400756836,319.3288879394531,144.69920349121094,63.63300704956055
2023-08-03,188.36453247070312,144.59048461914062,54.716285705566406,128.91000366210938,82.8996353149414,160.00013732910156,56.43156051635742,318.509765625,145.07810974121094,61.98701095581055
2023-08-04,179.31927490234375,144.83782958984375,55.80526351928711,139.57000732421875,85.35719299316406,159.98326110839844,55.58013916015625,319.6018981933594,143.48870849609375,63.51346969604492
2023-08-07,176.22535705566406,144.3697052001953,56.23512268066406,142.22000122070312,84.88092041015625,162.3643798828125,56.019569396972656,321.8737487792969,145.00416564941406,62.805423736572266
2023-08-08,177.16140747070312,143.49530029296875,55.881683349609375,139.94000244140625,83.43305969238281,163.0145263671875,55.77238464355469,317.9150085449219,145.16127014160156,62.35483169555664
2023-08-09,175.57501220703125,143.64544677734375,55.939002990722656,137.85000610351562,85.30956268310547,162.53326416015625,55.90056228637695,314.1903991699219,144.9764404296875,62.75943374633789
2023-08-10,175.35826110839844,141.37559509277344,58.18381881713867,138.55999755859375,85.22383880615234,161.68887329101562,55.77238464355469,314.8728942871094,144.2556915283203,62.94334411621094
2023-08-11,175.4174346923828,137.51597595214844,59.922359466552734,138.41000366210938,84.40464782714844,160.49830627441406,56.00127410888672,313.00079345703125,145.0966033935547,62.46517562866211
2023-08-14,177.065185546875,135.63475036621094,60.37132263183594,140.57000732421875,84.25224304199219,162.21237182617188,55.735782623291016,315.9552001953125,143.9599609375,63.29277801513672
2023-08-15,175.08197021484375,139.94480895996094,63.045997619628906,137.6699981689453,85.30956268310547,162.71902465820312,55.36042022705078,313.82952880859375,143.03590393066406,64.12037658691406
2023-08-16,174.21376037597656,143.39816284179688,61.58448028564453,135.07000732421875,86.53833770751953,168.5958251953125,55.369571685791016,313.0674133300781,141.5758819580078,63.6146240234375
2023-08-17,171.67803955078125,144.49331665039062,58.65188980102539,133.97999572753906,85.71916198730469,165.3112335205078,55.48858642578125,309.6280517578125,140.55943298339844,61.76631546020508
2023-08-18,172.1614990234375,143.5306396484375,56.46438217163086,133.22000122070312,84.59516143798828,166.9324188232422,55.799861907958984,309.2371826171875,140.95675659179688,61.922637939453125
2023-08-21,173.4934844970703,144.02525329589844,56.13959503173828,134.67999267578125,84.29034423828125,164.23043823242188,55.32379913330078,314.5135803222656,140.24522399902344,62.67667770385742
2023-08-22,174.8649444580078,144.4668426513672,57.61067581176758,134.25,84.4237060546875,163.7998046875,54.985069274902344,315.080322265625,140.3007049560547,62.649085998535156
2023-08-23,178.7030029296875,145.67681884765625,57.95455551147461,135.52000427246094,85.28099060058594,164.63571166992188,55.17732238769531,319.51641845703125,141.6128692626953,63.062889099121094
2023-08-24,174.0262908935547,143.39816284179688,57.3240966796875,131.83999633789062,84.51895904541016,163.45362854003906,55.03084182739258,312.64727783203125,140.95675659179688,62.327247619628906
2023-08-25,176.2265167236328,145.9771270751953,57.20947265625,133.25999450683594,82.72817993164062,165.1508026123047,55.28717803955078,315.5884704589844,141.88082885742188,62.437591552734375
2023-08-28,177.78543090820312,144.41384887695312,56.27333450317383,133.13999938964844,83.72834777832031,165.80096435546875,55.44281768798828,316.2919616699219,142.10260009765625,62.980125427246094
2023-08-29,181.66297912597656,145.23524475097656,57.31454849243164,134.91000366210938,84.04269409179688,168.47763061523438,55.387882232666016,320.8941345214844,142.1857452392578,63.60541915893555
2023-08-30,185.14590454101562,146.4452362060547,57.86859130859375,135.07000732421875,83.80455017089844,166.5271453857422,55.36042022705078,321.2654724121094,142.3428497314453,63.34794616699219
2023-08-31,185.3629608154297,147.0546417236328,57.52470016479492,138.00999450683594,79.90866088867188,161.19068908691406,54.774497985839844,320.2590026855469,142.62008666992188,61.81230163574219
2023-09-01,186.93173217773438,145.3500518798828,57.219024658203125,138.1199951171875,80.60401916503906,161.0978240966797,54.298431396484375,321.13848876953125,142.7771759033203,61.7755126953125
2023-09-04,186.93173217773438,143.9368896484375,57.35275650024414,138.1199951171875,80.01343536376953,159.41751098632812,54.298431396484375,321.13848876953125,142.7771759033203,61.86746597290039
2023-09-05,187.16854858398438,143.06253051757812,57.60111999511719,137.27000427246094,79.92771911621094,160.5152130126953,53.84983444213867,325.9164733886719,140.86436462402344,62.143341064453125
2023-09-06,180.46914672851562,143.25685119628906,57.51514434814453,135.36000061035156,80.46113586425781,162.47413635253906,53.81321716308594,325.2618713378906,140.58712768554688,61.89505386352539
2023-09-07,175.19052124023438,142.63858032226562,57.744407653808594,137.85000610351562,79.20378875732422,160.1774444580078,53.401248931884766,322.35986328125,141.9270477294922,61.545623779296875
2023-09-08,175.80224609375,141.73770141601562,57.63933181762695,138.22999572753906,79.70862579345703,159.96636962890625,53.401248931884766,326.6200256347656,141.31715393066406,61.508846282958984
2023-09-11,176.9665069580078,140.54537963867188,58.08829879760742,143.10000610351562,80.60401916503906,161.0218048095703,53.90476608276367,330.2060241699219,142.99893188476562,61.17780685424805
2023-09-12,173.94735717773438,139.82998657226562,57.49604034423828,141.22999572753906,79.9181900024414,157.71188354492188,53.373779296875,324.1772155761719,140.48550415039062,60.50653839111328
2023-09-13,171.88522338867188,138.7877960205078,57.31454849243164,144.85000610351562,78.67988586425781,157.7878875732422,53.50194549560547,328.36907958984375,141.46502685546875,59.632957458496094
2023-09-14,173.3948211669922,140.22743225097656,57.69664764404297,144.72000122070312,78.28934478759766,157.69497680664062,53.94487380981445,330.94866943359375,143.01742553710938,58.952491760253906
2023-09-15,172.674560546875,140.58953857421875,57.180816650390625,140.38999938964844,78.01310729980469,155.05210876464844,53.46503448486328,322.66278076171875,141.81613159179688,58.336387634277344
2023-09-18,175.5950469970703,140.20094299316406,57.81127166748047,139.97999572753906,78.70845031738281,158.4464874267578,53.797237396240234,321.52923583984375,142.35211181640625,59.697322845458984
2023-09-19,176.6803741455078,141.35794067382812,58.92890548706055,137.6300048828125,78.77513122558594,159.11354064941406,53.686500549316406,321.1286315917969,141.93629455566406,60.451358795166016
2023-09-20,173.14816284179688,142.72689819335938,59.42563247680664,135.2899932861328,79.394287109375,158.42959594726562,53.926422119140625,313.428955078125,141.81613159179688,60.469749450683594
2023-09-21,171.60894775390625,142.3294677734375,59.24413299560547,129.3300018310547,78.1559829711914,157.0617218017578,53.09593200683594,312.2173767089844,140.58712768554688,61.24217224121094
2023-09-22,172.45750427246094,142.5944366455078,61.192832946777344,129.1199951171875,78.52747344970703,158.50559997558594,53.151302337646484,309.75506591796875,140.06968688964844,61.47206115722656
2023-09-25,173.73025512695312,141.6847381591797,61.364768981933594,131.27000427246094,79.07994079589844,162.17018127441406,52.59764099121094,310.2729187011719,139.21954345703125,61.141021728515625
2023-09-26,169.66529846191406,141.30494689941406,60.56237030029297,125.9800033569336,81.03265380859375,159.1895294189453,52.163936614990234,304.9964904785156,137.98129272460938,60.70882797241211
2023-09-27,168.15565490722656,138.92027282714844,60.50505828857422,125.9800033569336,81.72801208496094,159.90725708007812,51.62873840332031,305.63165283203125,136.151611328125,60.699642181396484
2023-09-28,168.41220092773438,139.59149169921875,60.58147430419922,125.9800033569336,80.79451751708984,159.66236877441406,51.499549865722656,306.4621887207031,135.22756958007812,60.79159164428711
2023-09-29,168.92527770996094,140.22743225097656,60.753421783447266,127.12000274658203,79.80388641357422,160.41384887695312,51.65641784667969,308.5238952636719,134.78402709960938,60.48814010620117
2023-10-02,171.43136596679688,141.4462432861328,60.17072296142578,129.4600067138672,79.0513687133789,165.29434204101562,51.19503402709961,314.4353942871094,134.1648712158203,60.534122467041016
2023-10-03,170.09939575195312,139.50320434570312,60.52416229248047,124.72000122070312,78.00357055664062,164.60195922851562,50.64137649536133,306.21795654296875,134.4420928955078,59.67893981933594
2023-10-04,171.34255981445312,139.63568115234375,61.336116790771484,127.0,77.42252349853516,164.93971252441406,50.78902053833008,311.6604309082031,134.8856658935547,60.30423355102539
2023-10-05,172.57589721679688,139.29122924804688,60.74386978149414,125.95999908447266,78.87992095947266,161.92532348632812,48.33445739746094,312.05120849609375,132.88046264648438,59.78927993774414
2023-10-06,175.1214599609375,139.3088836669922,61.04954528808594,127.95999908447266,78.47985076904297,160.92050170898438,49.035762786865234,319.77044677734375,133.14842224121094,58.667423248291016
2023-10-09,176.60145568847656,136.8358917236328,60.476402282714844,128.25999450683594,77.60350799560547,158.87710571289062,48.79584503173828,322.2718505859375,132.47386169433594,55.74325180053711
2023-10-10,176.00946044921875,138.2136993408203,61.995235443115234,129.47999572753906,78.39411926269531,161.20758056640625,49.85702133178711,320.8746643066406,133.78604125976562,57.52718734741211
2023-10-11,177.400634765625,136.31480407714844,60.95402145385742,131.8300018310547,76.02229309082031,162.7359161376953,49.56174087524414,324.8124084472656,132.14120483398438,56.791542053222656
2023-10-12,178.29849243164062,134.2569122314453,59.6262321472168,132.3300018310547,75.17452239990234,163.1243133544922,48.73125076293945,323.5812683105469,132.4368896484375,56.45130920410156
2023-10-13,176.4633331298828,132.79078674316406,58.2697868347168,129.7899932861328,74.50775909423828,161.43557739257812,48.805076599121094,320.229736328125,133.70289611816406,55.1087646484375
2023-10-16,176.33505249023438,133.7976531982422,59.14860916137695,132.5500030517578,74.87924194335938,161.0133819580078,49.30337142944336,325.0273742675781,134.97808837890625,55.973140716552734
2023-10-17,174.7860107421875,137.0832061767578,59.40652847290039,131.47000122070312,74.74589538574219,160.78538513183594,49.89393615722656,324.46063232421875,135.15365600585938,55.23749923706055
2023-10-18,173.4934844970703,138.39036560058594,58.7569580078125,128.1300048828125,73.90765380859375,159.19796752929688,49.87547302246094,322.5552673339844,138.63735961914062,55.458194732666016
2023-10-19,173.1185760498047,136.25299072265625,58.89069747924805,128.39999389648438,71.52629089355469,156.74929809570312,50.152305603027344,323.7375183105469,137.85720825195312,55.403018951416016
2023-10-20,170.572998046875,135.28143310546875,57.0566291809082,125.16999816894531,69.906982421875,154.68057250976562,50.35531997680664,319.1940002441406,137.67120361328125,54.78691864013672
2023-10-23,170.69137573242188,136.5091094970703,56.598114013671875,126.55999755859375,71.3453140258789,154.6468048095703,49.903167724609375,321.7833251953125,137.76419067382812,55.44899368286133
2023-10-24,171.12551879882812,136.55325317382812,56.37841033935547,128.55999755859375,70.2594223022461,153.99664306640625,51.342681884765625,322.9656066894531,139.39151000976562,55.18232345581055
2023-10-25,168.81675720214844,140.74850463867188,59.03398513793945,121.38999938964844,71.71681213378906,155.19566345214844,51.785606384277344,332.8736267089844,140.04246520996094,55.605323791503906
2023-10-26,164.6629180908203,147.92019653320312,59.86504364013672,119.56999969482422,71.53582763671875,160.295654296875,51.471866607666016,320.38604736328125,139.29849243164062,58.86973190307617
2023-10-27,165.9751739501953,147.76123046875,59.196372985839844,127.73999786376953,69.17352294921875,162.95542907714844,50.97357177734375,322.2621765136719,136.84359741210938,61.23297119140625
2023-10-30,168.01756286621094,146.36572265625,58.93846130371094,132.7100067138672,66.68739318847656,170.69833374023438,51.81328582763672,329.59039306640625,138.79637145996094,59.60537338256836
2023-10-31,168.4911346435547,142.8858642578125,57.16170883178711,133.08999633789062,69.70694732666016,172.11688232421875,52.12702941894531,330.3721618652344,139.5123748779297,59.40306854248047
2023-11-01,171.64845275878906,147.6905517578125,57.486488342285156,137.0,72.25022888183594,176.92979431152344,52.08089065551758,338.1499938964844,139.12185668945312,59.97319030761719
2023-11-02,175.20040893554688,147.6905517578125,57.486488342285156,138.07000732421875,72.25022888183594,176.92979431152344,52.680686950683594,340.3485412597656,140.8235626220703,59.97319030761719
2023-11-03,174.2926483154297,148.86521911621094,59.87459945678711,138.60000610351562,74.93639373779297,178.1034698486328,52.35772705078125,344.7259216308594,139.5496063232422,61.44447326660156
2023-11-06,176.8382110595703,148.64443969726562,59.44473648071289,139.74000549316406,78.34648895263672,178.3483428955078,52.5699577331543,348.37060546875,140.35861206054688,61.56401062011719
2023-11-07,179.3936767578125,146.33041381835938,58.709197998046875,142.7100067138672,76.94625854492188,178.97317504882812,52.76374053955078,352.2790222167969,140.0331573486328,60.68124008178711
2023-11-08,180.4494171142578,153.43141174316406,58.08829879760742,142.0800018310547,76.24137878417969,175.01307678222656,52.680686950683594,354.8879089355469,139.49378967285156,60.331817626953125
2023-11-09,179.975830078125,152.17727661132812,58.41307830810547,140.60000610351562,76.86052703857422,179.30250549316406,52.28390121459961,352.4354248046875,139.80996704101562,59.44904708862305
2023-11-10,184.15487670898438,155.78077697753906,58.2697868347168,143.55999755859375,76.6795425415039,177.08180236816406,52.339263916015625,361.2098693847656,140.79566955566406,61.72953414916992
2023-11-13,182.5741424560547,157.77684020996094,58.33665466308594,142.58999633789062,76.05087280273438,178.2723388671875,52.53304672241211,358.288330078125,141.7720489501953,60.89274215698242
2023-11-14,185.18231201171875,158.4657440185547,58.41307830810547,145.8000030517578,78.76560974121094,184.95135498046875,52.68991470336914,361.796142578125,141.4558868408203,63.98243713378906
2023-11-15,185.74546813964844,157.74151611328125,59.11040496826172,143.1999969482422,79.29903411865234,186.04055786132812,52.791419982910156,361.9429931640625,140.80496215820312,63.23759841918945
2023-11-16,187.42498779296875,158.63356018066406,57.52470016479492,142.8300018310547,79.7372055053711,183.8789825439453,52.736053466796875,368.30718994140625,142.11611938476562,62.49276351928711
2023-11-17,187.4052276611328,159.4115447998047,57.66798782348633,145.17999267578125,79.48001861572266,184.23361206054688,52.83755111694336,362.11932373046875,140.4794921875,62.805423736572266
2023-11-20,189.14401245117188,159.4115447998047,57.66798782348633,146.1300048828125,79.48001861572266,184.23361206054688,52.96675109863281,369.5506286621094,139.735595703125,62.805423736572266
2023-11-21,188.3437957763672,154.49307250976562,57.78261947631836,143.89999389648438,80.94692993164062,179.74154663085938,53.54808807373047,365.27197265625,139.12185668945312,62.54793930053711
2023-11-22,189.0057373046875,155.61988830566406,57.964111328125,146.7100067138672,80.96598052978516,181.1432342529297,53.907962799072266,369.9520263671875,140.4330291748047,64.17554473876953
2023-11-23,189.0057373046875,155.33370971679688,57.53425216674805,146.7100067138672,81.30889129638672,183.45680236816406,53.907962799072266,369.9520263671875,140.4330291748047,64.13876342773438
2023-11-24,187.6818389892578,155.53936767578125,57.04707717895508,146.74000549316406,81.80421447753906,181.3036651611328,54.046382904052734,369.54083251953125,140.7677764892578,64.01921844482422
2023-11-27,187.50401306152344,154.9581298828125,57.820823669433594,147.72999572753906,81.89946746826172,179.08294677734375,53.94487380981445,370.6961669921875,140.63758850097656,62.16873550415039
2023-11-28,188.10670471191406,156.04017639160156,57.64888381958008,147.02999877929688,81.91851806640625,180.27349853515625,54.05561065673828,374.70068359375,141.6139373779297,62.76688003540039
2023-11-29,187.0890655517578,155.5036163330078,58.126502990722656,146.32000732421875,82.4138412475586,181.320556640625,53.73263931274414,370.93115234375,140.5352783203125,62.71080017089844
2023-11-30,187.66209411621094,158.3742218017578,58.069190979003906,146.08999633789062,83.13777923583984,186.5387420654297,54.35581970214844,370.9898986816406,142.7577667236328,63.907066345214844
2023-12-01,188.9365692138672,155.95968627929688,57.09484100341797,147.02999877929688,83.12825012207031,184.3264923095703,54.54183578491211,366.6818542480469,141.9580078125,62.925758361816406
2023-12-04,187.14834594726562,158.8302764892578,57.57246017456055,144.83999633789062,83.26160430908203,185.8885955810547,54.47673416137695,361.4241027832031,141.4000701904297,61.7949104309082
2023-12-05,191.09027099609375,161.44154357910156,57.78261947631836,146.8800048828125,84.70946502685547,185.49172973632812,54.56044006347656,364.73345947265625,136.4716339111328,62.48650360107422
2023-12-06,190.00357055664062,161.44154357910156,58.718753814697266,144.52000427246094,84.7761459350586,184.69802856445312,54.504638671875,361.0912170410156,136.3693389892578,62.000511169433594
2023-12-07,191.93006896972656,161.86184692382812,59.12950897216797,146.8800048828125,84.718994140625,188.1514892578125,54.63485336303711,363.1962890625,136.22984313964844,61.589298248291016
2023-12-08,193.35272216796875,162.0943603515625,59.20592498779297,147.4199981689453,83.02346801757812,187.99951171875,54.51393508911133,366.40771484375,134.97451782226562,61.78556442260742
2023-12-11,190.85317993164062,164.3300018310547,58.718753814697266,145.88999938964844,82.91869354248047,188.09239196777344,54.91388702392578,363.5389099121094,135.59754943847656,61.738826751708984
2023-12-12,192.36477661132812,164.3300018310547,58.718753814697266,147.47999572753906,82.91869354248047,188.09239196777344,55.26732635498047,366.5545654296875,135.70912170410156,61.738826751708984
2023-12-13,195.57562255859375,167.41522216796875,58.842933654785156,148.83999633789062,84.1950912475586,189.58694458007812,55.74168395996094,366.5447692871094,138.16404724121094,63.44913101196289
2023-12-14,195.72384643554688,168.998046875,59.158164978027344,147.4199981689453,83.95695495605469,189.68826293945312,54.91388702392578,358.2812194824219,134.5188446044922,65.28092193603516
2023-12-15,195.19033813476562,166.6640167236328,58.479942321777344,149.97000122070312,84.33797454833984,188.28662109375,54.504638671875,362.9808349609375,133.867919921875,64.30894470214844
2023-12-18,193.5305633544922,167.2274169921875,59.40652847290039,154.07000732421875,85.0142822265625,191.03927612304688,54.89527893066406,364.8607177734375,135.92295837402344,65.7108154296875
2023-12-19,194.56793212890625,169.00701904296875,60.2280387878418,153.7899932861328,83.15682983398438,191.21658325195312,54.718563079833984,365.4579772949219,135.92295837402344,66.62672424316406
2023-12-20,192.48333740234375,167.84446716308594,60.189823150634766,152.1199951171875,82.61387634277344,188.65814208984375,53.583824157714844,362.87310791015625,133.8214111328125,65.92578125
2023-12-21,192.33509826660156,170.00857543945312,61.498504638671875,153.83999633789062,83.97601318359375,189.0549774169922,53.93727111816406,365.73211669921875,134.1468963623047,65.86036682128906
2023-12-22,191.26815795898438,165.0275115966797,61.947471618652344,153.4199981689453,84.45228576660156,188.03330993652344,54.244205474853516,366.7503662109375,135.09539794921875,66.07530975341797
2023-12-26,190.72476196289062,168.09486389160156,61.574928283691406,153.41000366210938,84.05221557617188,188.75946044921875,54.467430114746094,366.82867431640625,135.70912170410156,66.44915008544922
2023-12-27,190.8235626220703,166.1185302734375,61.240596771240234,153.33999633789062,83.518798828125,187.97418212890625,54.60694122314453,366.2510681152344,135.8207244873047,67.3743896484375
2023-12-28,191.24838256835938,164.93809509277344,61.1259651184082,153.3800048828125,83.18539428710938,187.0791473388672,54.64415740966797,367.43572998046875,135.51385498046875,66.81363677978516
2023-12-29,190.2110137939453,165.4120635986328,61.4698486328125,151.94000244140625,81.78516387939453,186.99472045898438,54.81156921386719,368.1799011230469,136.26705932617188,66.72017669677734
2024-01-02,183.4040069580078,163.7040252685547,60.533714294433594,149.92999267578125,82.86153411865234,186.0152587890625,55.639373779296875,363.117919921875,138.3128204345703,67.15943908691406
2024-01-03,182.03076171875,163.20321655273438,61.07820129394531,148.47000122070312,80.66117095947266,183.42300415039062,55.76959228515625,362.85357666015625,137.47592163085938,65.23418426513672
2024-01-04,179.71893310546875,162.00494384765625,59.71220016479492,144.57000732421875,80.74688720703125,181.81028747558594,55.583560943603516,360.2491760253906,138.2291259765625,65.47718048095703
2024-01-05,178.99771118164062,161.81712341308594,60.06564712524414,145.24000549316406,84.1474609375,180.2312774658203,55.499855041503906,360.06317138671875,137.0853729248047,64.99119567871094
2024-01-08,183.3249969482422,160.26112365722656,59.817283630371094,149.10000610351562,82.02330017089844,182.48574829101562,55.90911102294922,366.85809326171875,138.26637268066406,65.5239028930664
2024-01-09,182.91001892089844,158.64248657226562,59.062644958496094,151.3699951171875,80.42303466796875,183.0261688232422,55.806793212890625,367.9351501464844,138.83358764648438,63.308929443359375
2024-01-10,183.9473876953125,158.9912567138672,58.670989990234375,153.72999572753906,80.13726806640625,184.28428649902344,55.99281311035156,374.7691650390625,139.42869567871094,64.9631576538086
2024-01-11,183.3546142578125,161.3968048095703,58.62322998046875,155.17999267578125,80.68975067138672,184.59669494628906,55.63007354736328,376.5903625488281,139.95875549316406,65.34634399414062
2024-01-12,183.68063354492188,162.1927032470703,59.119956970214844,154.6199951171875,81.44225311279297,185.08644104003906,56.16954040527344,380.3500671386719,140.04246520996094,66.33699798583984
2024-01-15,183.68063354492188,164.37474060058594,58.54681396484375,154.6199951171875,80.71831512451172,183.82833862304688,56.16954040527344,380.3500671386719,140.04246520996094,65.95381927490234
2024-01-16,181.41819763183594,164.60723876953125,58.55636215209961,153.16000366210938,82.88058471679688,188.7678985595703,55.79749298095703,382.1123962402344,139.2892303466797,65.61736297607422
2024-01-17,180.47962951660156,165.10800170898438,59.5116081237793,151.7100067138672,81.82327270507812,187.26490783691406,55.79749298095703,381.32916259765625,139.42869567871094,64.23418426513672
2024-01-18,186.35797119140625,164.62510681152344,61.25969696044922,153.5,80.48971557617188,192.2635955810547,55.95561218261719,385.63720703125,138.6248779296875,63.76689147949219
2024-01-19,189.25271606445312,164.45516967773438,61.20238494873047,155.33999633789062,80.25157165527344,192.72799682617188,55.6486701965332,390.3368225097656,138.0915069580078,63.88838195800781
2024-01-22,191.5546112060547,160.7708282470703,61.508060455322266,154.77999877929688,74.5934829711914,195.4046630859375,55.4068489074707,388.2220153808594,138.3628692626953,61.589298248291016
2024-01-23,192.8291015625,162.40733337402344,61.1259651184082,156.02000427246094,74.3553466796875,198.8834686279297,55.667274475097656,390.56201171875,144.08978271484375,62.96314239501953
2024-01-24,192.15728759765625,161.47731018066406,62.09075927734375,156.8699951171875,73.72666931152344,192.9390869140625,54.79296875,394.14556884765625,142.3492431640625,62.24350357055664
2024-01-25,191.83126831054688,163.99913024902344,62.052547454833984,157.75,73.28850555419922,196.8316650390625,55.025489807128906,396.4072265625,145.62445068359375,64.74819946289062
2024-01-26,190.10235595703125,167.13800048828125,63.78153610229492,159.1199951171875,75.2888412475586,197.45651245117188,55.220821380615234,395.4868469238281,146.1110382080078,66.07530975341797
2024-01-29,189.42066955566406,169.9102325439453,64.95648956298828,161.25999450683594,75.76510620117188,198.14044189453125,55.5556640625,401.1558532714844,146.12977600097656,65.74820709228516
2024-01-30,185.77508544921875,171.3499755859375,64.37378692626953,159.0,73.90765380859375,199.1199188232422,55.713783264160156,400.0494689941406,147.3743438720703,67.21551513671875
2024-01-31,182.17893981933594,174.9896240234375,64.50751495361328,155.1999969482422,74.54586029052734,196.79786682128906,55.33244323730469,389.2696838378906,147.04681396484375,66.43980407714844
2024-02-01,184.60931396484375,178.39678955078125,65.2430648803711,159.27999877929688,74.79350280761719,202.62405395507812,56.71830368041992,395.34002685546875,148.9557647705078,67.03794860839844
2024-02-02,183.6114959716797,175.3831024169922,63.78153610229492,171.80999755859375,74.20294189453125,203.93284606933594,56.30905532836914,402.6245422363281,147.935791015625,66.92578125
2024-02-05,185.41944885253906,175.3831024169922,63.78153610229492,170.30999755859375,74.20294189453125,203.93284606933594,55.8440055847168,397.1708984375,148.04806518554688,66.92578125
2024-02-06,187.0198974609375,172.1905975341797,64.08721160888672,169.14999389648438,77.5368423461914,200.66510009765625,55.7509880065918,397.0143127441406,148.7499237060547,68.22486877441406
2024-02-07,187.12860107421875,173.55882263183594,64.45020294189453,170.52999877929688,75.68890380859375,200.50466918945312,55.79749298095703,405.3953857421875,148.89964294433594,66.99121856689453
2024-02-08,186.0517578125,174.1758575439453,63.12242126464844,169.83999633789062,75.79368591308594,202.20187377929688,55.6486701965332,405.4540710449219,148.45045471191406,66.75756072998047
2024-02-09,186.81344604492188,173.8628692626953,63.60004425048828,174.4499969482422,74.84114074707031,204.827880859375,55.39754104614258,411.7594909667969,147.3087921142578,67.3370132446289
2024-02-12,185.13174438476562,173.54090881347656,62.711666107177734,172.33999633789062,75.06975555419922,204.17770385742188,55.52775955200195,406.58001708984375,147.01873779296875,66.49588775634766
2024-02-13,183.0445098876953,170.84024047851562,62.167179107666016,168.63999938964844,74.32677459716797,203.67108154296875,55.20222091674805,397.8269348144531,146.23268127441406,66.00055694580078
2024-02-14,182.1641082763672,171.72555541992188,62.138526916503906,170.97999572753906,73.97433471679688,205.61309814453125,55.14641189575195,401.67205810546875,145.63380432128906,66.21549987792969
2024-02-15,181.8772430419922,169.28421020507812,63.76243209838867,169.8000030517578,74.9459228515625,204.30435180664062,55.248722076416016,398.79803466796875,146.92514038085938,64.20613861083984
2024-02-16,180.34396362304688,169.5972137451172,64.44065856933594,169.50999450683594,73.93622589111328,192.10316467285156,55.23942184448242,396.3457336425781,147.39303588867188,63.55192947387695
2024-02-19,180.34396362304688,170.8044891357422,64.32601928710938,169.50999450683594,75.38408660888672,190.91259765625,55.23942184448242,396.3457336425781,147.39303588867188,63.60800552368164
2024-02-20,179.60203552246094,171.2784423828125,64.8609619140625,167.0800018310547,72.49789428710938,190.5495147705078,56.4578742980957,395.10003662109375,148.32882690429688,64.30894470214844
2024-02-21,180.35386657714844,171.70767211914062,64.0012435913086,168.58999633789062,71.20243835449219,191.09837341308594,56.96013259887695,394.501708984375,150.09739685058594,64.2902603149414
2024-02-22,182.38174438476562,174.08642578125,62.3391227722168,174.5800018310547,69.41165924072266,192.72799682617188,56.87642288208008,403.79083251953125,150.24713134765625,64.23418426513672
2024-02-23,180.55169677734375,171.71664428710938,61.74687194824219,174.99000549316406,70.13558197021484,171.74534606933594,56.92292785644531,402.505859375,150.6869659423828,64.95381164550781
2024-02-26,179.2063751220703,169.63299560546875,62.53972244262695,174.72999572753906,69.23067474365234,171.2302703857422,56.4671745300293,399.75933837890625,149.928955078125,64.52389526367188
2024-02-27,180.66049194335938,169.60617065429688,62.988685607910156,173.5399932861328,69.81172943115234,175.97567749023438,56.12303161621094,399.7004699707031,149.0680694580078,63.383705139160156
2024-02-28,179.46356201171875,164.10643005371094,61.88059997558594,173.16000366210938,68.84965515136719,179.5220184326172,56.1788330078125,399.93585205078125,149.7698974609375,63.308929443359375
2024-02-29,178.80078125,164.31211853027344,62.58748245239258,176.75999450683594,67.92568969726562,179.19271850585938,55.82539367675781,405.742919921875,148.731201171875,63.6266975402832
2024-03-01,177.72254943847656,166.3152618408203,63.69557189941406,178.22000122070312,68.1828842163086,179.24339294433594,55.36963653564453,407.5673522949219,148.64698791503906,63.15005111694336
2024-03-04,173.21170043945312,165.3583984375,63.89617156982422,177.5800018310547,68.31623840332031,177.50396728515625,55.63007354736328,406.9984436035156,149.31137084960938,62.841636657714844
2024-03-05,168.28538513183594,164.58041381835938,64.66036987304688,174.1199951171875,69.04016876220703,175.24951171875,55.3603401184082,394.9626770019531,149.08682250976562,62.42108154296875
2024-03-06,167.2961883544922,160.87814331054688,64.43109893798828,173.50999450683594,68.4876937866211,173.58609008789062,55.38824462890625,394.413330078125,149.3207550048828,62.38370132446289
2024-03-07,167.17747497558594,161.97808837890625,64.6794662475586,176.82000732421875,68.58295440673828,172.64039611816406,55.28593063354492,401.3288269042969,150.3032989501953,62.47715759277344
2024-03-08,168.88882446289062,162.0854034423828,63.99169158935547,175.35000610351562,68.28766632080078,173.2483367919922,55.3603401184082,398.4645690917969,150.05062866210938,62.72949981689453
2024-03-11,170.88706970214844,162.14801025390625,64.65081024169922,171.9600067138672,68.56390380859375,173.10476684570312,56.03002166748047,396.7970275878906,151.17355346679688,62.35566329956055
2024-03-12,171.36187744140625,163.15850830078125,65.31947326660156,175.38999938964844,68.41149139404297,173.06256103515625,56.271846771240234,407.3515625,151.5291290283203,62.692108154296875
2024-03-13,169.28451538085938,164.8129119873047,66.857421875,176.55999755859375,67.58277893066406,175.28326416015625,56.8485221862793,407.17498779296875,151.87538146972656,63.000526428222656
2024-03-14,171.13436889648438,165.53724670410156,68.77745819091797,178.75,68.22098541259766,176.69337463378906,56.72195053100586,417.1017761230469,151.1267547607422,62.77621841430664
2024-03-15,170.75843811035156,168.05909729003906,71.09869384765625,174.4199981689453,67.80186462402344,180.53526306152344,56.140663146972656,408.46978759765625,151.01451110839844,62.14070129394531
2024-03-18,171.8466033935547,168.05909729003906,71.09869384765625,174.47999572753906,67.80186462402344,180.53526306152344,56.37506103515625,409.35260009765625,150.85540771484375,62.14070129394531
2024-03-19,174.18113708496094,164.5446319580078,73.91665649414062,175.89999389648438,70.2499008178711,178.2723388671875,56.468814849853516,413.3645324707031,151.43557739257812,61.21546173095703
2024-03-20,176.7432098388672,164.1690216064453,75.06295776367188,178.14999389648438,73.96480560302734,180.6534881591797,56.95634078979492,417.1116027832031,151.58531188964844,63.53323745727539
2024-03-21,169.5218963623047,161.69190979003906,75.42594146728516,178.14999389648438,72.69792938232422,184.05630493164062,56.69382858276367,421.172607421875,151.46363830566406,63.16874694824219
2024-03-22,170.422119140625,164.2674102783203,75.74118041992188,178.8699951171875,70.37372589111328,182.9332733154297,56.71257781982422,420.5545654296875,151.2764892578125,62.55192184448242
2024-03-25,169.007568359375,161.9691162109375,75.45459747314453,179.7100067138672,74.0124282836914,181.88626098632812,56.62819290161133,414.7868347167969,149.90089416503906,62.62668991088867
2024-03-26,167.87986755371094,164.2674102783203,78.71197509765625,178.3000030517578,75.44123840332031,183.72698974609375,56.75945281982422,413.599853515625,150.23779296875,62.72949981689453
2024-03-27,171.4409942626953,162.51463317871094,78.28211975097656,179.8300018310547,74.96497344970703,182.51109313964844,57.218849182128906,413.3841552734375,152.16546630859375,62.804256439208984
2024-03-28,169.6307373046875,162.51463317871094,78.28211975097656,180.3800048828125,74.96497344970703,182.51109313964844,57.3594856262207,412.6877136230469,151.8285675048828,62.804256439208984
2024-04-01,168.1964111328125,160.99440002441406,78.99854278564453,180.97000122070312,73.7742919921875,181.93692016601562,56.89070510864258,416.4642028808594,150.26583862304688,61.70144271850586
2024-04-02,167.0192108154297,161.7455596923828,78.7310791015625,180.69000244140625,72.89796447753906,179.6740264892578,56.39380645751953,413.3939514160156,150.2565155029297,61.87902069091797
2024-04-03,167.82046508789062,159.6529998779297,77.74717712402344,182.41000366210938,70.4499282836914,174.54864501953125,56.093788146972656,412.4228820800781,146.12039184570312,62.224815368652344
2024-04-04,166.9994354248047,158.61566162109375,75.46415710449219,180.0,68.51626586914062,180.07931518554688,55.59688949584961,409.90191650390625,145.46534729003906,60.75751876831055
2024-04-05,167.75123596191406,157.59617614746094,75.70297241210938,185.07000732421875,70.04033660888672,178.55099487304688,55.79376983642578,417.39605712890625,146.0736083984375,62.262203216552734
2024-04-08,166.6334228515625,155.48570251464844,75.4832534790039,185.19000244140625,68.70677947998047,177.68128967285156,55.56875991821289,416.48382568359375,146.01744079589844,61.68275451660156
2024-04-09,167.84027099609375,155.6228790283203,72.78946685791016,185.6699981689453,67.35416412353516,178.66920471191406,55.99066162109375,418.14154052734375,146.59764099121094,61.458457946777344
2024-04-10,165.97064208984375,154.96463012695312,72.26409149169922,185.9499969482422,65.87773895263672,174.41357421875,55.24061965942383,415.17919921875,147.14036560058594,60.90704345703125
2024-04-11,173.15235900878906,156.07998657226562,72.86589050292969,189.0500030517578,65.90631103515625,174.1940460205078,55.36249923706055,419.7600402832031,145.8302764892578,61.57060241699219
2024-04-12,174.64608764648438,154.61720275878906,70.43003845214844,186.1300048828125,65.43955993652344,175.0806427001953,54.64058303833008,413.8451843261719,145.35308837890625,60.6640625
2024-04-15,170.8276824951172,151.04249572753906,70.93630981445312,183.6199951171875,63.80119705200195,173.10476684570312,54.50932693481445,405.742919921875,145.46534729003906,61.08462142944336
2024-04-16,167.5533905029297,151.2344970703125,71.47123718261719,183.32000732421875,64.46797180175781,182.60060119628906,54.434322357177734,406.6649169921875,145.93324279785156,59.252830505371094
2024-04-17,166.18826293945312,153.57493591308594,71.75782012939453,181.27999877929688,62.98200988769531,180.40467834472656,54.85622024536133,403.97723388671875,146.8783721923828,59.45843505859375
2024-04-18,165.23863220214844,157.42393493652344,70.6592788696289,179.22000122070312,63.80119705200195,181.94630432128906,55.23124313354492,396.5517272949219,148.1375732421875,59.05656433105469
2024-04-19,163.22064208984375,154.1509246826172,70.39181518554688,174.6300048828125,65.7253189086914,183.58651733398438,56.41255569458008,391.5001220703125,148.93812561035156,60.07526397705078
2024-04-22,164.0515594482422,158.48446655273438,70.9267578125,177.22999572753906,67.49705505371094,181.93736267089844,56.768829345703125,393.304931640625,151.19847106933594,59.89768981933594
2024-04-23,165.1001434326172,155.86973571777344,73.46769714355469,179.5399932861328,65.83963012695312,177.01673889160156,56.85321044921875,399.78875732421875,152.10260009765625,60.776206970214844
2024-04-24,167.19728088378906,156.77481079101562,70.93630981445312,176.58999633789062,65.97299194335938,178.24464416503906,57.706382751464844,401.250244140625,153.13861083984375,61.60798645019531
2024-04-25,168.05789184570312,151.04249572753906,71.1177978515625,173.6699981689453,67.02078247070312,177.69790649414062,57.884521484375,391.4216003417969,153.09152221679688,63.24351501464844
2024-04-26,167.47425842285156,154.3063507080078,70.17211151123047,179.6199951171875,65.43004608154297,183.49688720703125,57.884521484375,398.5626220703125,151.9048309326172,62.29024124145508
2024-04-29,171.6289520263672,154.635498046875,69.70404052734375,180.9600067138672,66.79216766357422,180.68252563476562,58.1657829284668,394.5704040527344,152.2532958984375,62.59865188598633
2024-04-30,168.4931640625,152.3681640625,68.49087524414062,175.0,68.22098541259766,180.5839385986328,57.91264343261719,381.89697265625,153.70370483398438,59.67338943481445
2024-05-01,167.47425842285156,152.3681640625,68.49087524414062,179.0,68.22098541259766,180.5839385986328,58.06265640258789,387.3999328613281,153.8920440673828,59.67338943481445
2024-05-02,171.16403198242188,153.75779724121094,68.87297821044922,184.72000122070312,69.15447235107422,179.28431701660156,58.1189079284668,390.2445068359375,154.30642700195312,59.16871643066406
2024-05-03,181.40240478515625,152.8435516357422,69.5703125,186.2100067138672,66.67786407470703,180.63772583007812,58.287662506103516,398.8961181640625,154.890380859375,60.03787612915039
2024-05-06,179.7504425048828,150.77737426757812,70.4013671875,188.6999969482422,66.50640869140625,180.9066162109375,58.45642852783203,405.6448059082031,154.87152099609375,61.43975830078125
2024-05-07,180.4329376220703,151.755615234375,69.6562728881836,188.75999450683594,67.85901641845703,181.93736267089844,58.709564208984375,401.5249328613281,156.11471557617188,61.22481155395508
2024-05-08,180.7693328857422,152.98983764648438,70.22942352294922,188.0,67.37322235107422,180.5122528076172,58.925201416015625,402.7020568847656,155.46484375,62.13136291503906
2024-05-09,182.57957458496094,158.3107452392578,69.84733581542969,189.5,69.15447235107422,182.22415161132812,58.95332717895508,404.4481201171875,156.37843322753906,64.03791046142578
2024-05-10,181.32159423828125,157.14967346191406,68.8664321899414,187.47999572753906,67.39810180664062,181.82980346679688,59.309593200683594,406.8218078613281,157.1412811279297,64.55193328857422
2024-05-13,184.5210723876953,156.90281677246094,69.24520111083984,186.57000732421875,67.89993286132812,184.0526123046875,59.609615325927734,405.8212890625,156.2183074951172,63.916419982910156
2024-05-14,185.6602020263672,156.41827392578125,68.42939758300781,187.07000732421875,67.22440338134766,182.14349365234375,59.159584045410156,408.6071472167969,156.11471557617188,62.73883819580078
2024-05-15,187.9285888671875,154.3612060546875,68.41968536376953,185.99000549316406,68.09293365478516,182.1076202392578,59.187713623046875,415.75115966796875,156.82107543945312,63.486507415771484
2024-05-16,188.0474395751953,153.04470825195312,68.62364959716797,183.6300048828125,68.96146392822266,180.30612182617188,59.3658561706543,413.6973571777344,158.09254455566406,63.832305908203125
2024-05-17,188.07716369628906,153.06297302246094,68.19631958007812,184.6999969482422,67.44635772705078,178.38804626464844,59.09395980834961,412.930908203125,157.88531494140625,63.54258346557617
2024-05-20,189.23609924316406,152.66070556640625,68.0215072631836,183.5399932861328,67.3788070678711,176.4341583251953,58.662689208984375,417.9720458984375,157.5745086669922,63.77622985839844
2024-05-21,190.5337677001953,152.75213623046875,67.25428009033203,183.14999389648438,67.49462127685547,175.21519470214844,58.98145294189453,421.60791015625,158.55401611328125,62.5799560546875
2024-05-22,189.09744262695312,151.2344970703125,67.80784606933594,183.1300048828125,67.8323745727539,174.71327209472656,59.065834045410156,423.0623474121094,158.04542541503906,62.29024124145508
2024-05-23,185.1154022216797,151.76475524902344,66.73954772949219,181.0500030517578,65.67069244384766,176.10250854492188,58.21266174316406,419.6032409667969,155.86044311523438,62.075279235839844
2024-05-24,188.18612670898438,148.7660369873047,66.2442398071289,180.75,63.846778869628906,174.71327209472656,58.128273010253906,422.7085266113281,155.70974731445312,60.93508529663086
2024-05-27,188.18612670898438,149.0951690673828,66.5064697265625,180.75,63.69237518310547,172.9834442138672,58.128273010253906,422.7085266113281,155.70974731445312,60.7668571472168
2024-05-28,188.196044921875,147.98892211914062,65.68095397949219,182.14999389648438,64.0301284790039,176.3534698486328,57.95951843261719,422.86578369140625,153.61891174316406,60.2341423034668
2024-05-29,188.4932098388672,147.89752197265625,66.2442398071289,182.02000427246094,63.103702545166016,176.82850646972656,57.84701919555664,421.7357482910156,152.2438507080078,59.645355224609375
2024-05-30,189.4837188720703,150.20138549804688,66.20539855957031,179.32000732421875,63.20020294189453,177.24081420898438,58.100154876708984,407.4869079589844,153.11976623535156,59.430397033691406
2024-05-31,190.43470764160156,159.0146942138672,65.3119125366211,176.44000244140625,61.56929016113281,174.21133422851562,59.000205993652344,407.9389343261719,154.96571350097656,59.57993698120117
2024-06-03,192.19789123535156,148.65631103515625,60.35889434814453,178.33999633789062,61.7912483215332,168.0180206298828,59.000205993652344,406.3567810058594,155.0692901611328,56.14065170288086
2024-06-04,192.51487731933594,157.7073516845703,62.612030029296875,179.33999633789062,66.16285705566406,178.60316467285156,59.94712829589844,408.8626403808594,157.29197692871094,57.49580383300781
2024-06-05,194.0205078125,162.68081665039062,66.55502319335938,181.27999877929688,68.18943786621094,178.80929565429688,59.928382873535156,416.6650695800781,156.38784790039062,58.64534378051758
2024-06-06,192.64366149902344,163.67738342285156,65.5547103881836,185.0,67.27265930175781,180.64669799804688,60.14402389526367,417.166259765625,158.6670379638672,59.262176513671875
2024-06-07,195.0308837890625,159.50840759277344,61.4369010925293,184.3000030517578,65.51628875732422,178.0384979248047,59.919002532958984,416.50787353515625,157.33909606933594,58.30889129638672
2024-06-10,191.29647827148438,162.3151397705078,60.349178314208984,187.05999755859375,68.42105102539062,179.4994354248047,59.618988037109375,420.4582214355469,157.6122283935547,58.37431716918945
2024-06-11,205.1940155029297,162.53456115722656,59.824737548828125,187.22999572753906,66.99279022216797,181.7760009765625,59.581485748291016,425.1849060058594,157.73463439941406,58.121978759765625
2024-06-12,211.05812072753906,161.8854522705078,59.53338623046875,186.88999938964844,66.90594482421875,182.06285095214844,58.95332717895508,433.41973876953125,155.5684814453125,57.009822845458984
2024-06-13,212.21705627441406,163.84194946289062,59.34886169433594,183.8300018310547,65.16887664794922,177.0436248779297,59.056453704833984,433.9307556152344,156.72691345214844,56.972434997558594
2024-06-14,210.48358154296875,162.74485778808594,59.1060676574707,183.66000366210938,64.7056655883789,175.2510528564453,59.09897232055664,434.9035949707031,157.08477783203125,56.8042106628418
2024-06-17,214.6241455078125,163.2933807373047,58.2028694152832,184.05999755859375,64.37754821777344,179.64283752441406,59.16511154174805,440.6031188964844,157.7534942626953,57.252811431884766
2024-06-18,212.2666015625,164.40875244140625,58.84384536743164,182.80999755859375,67.25334930419922,178.25360107421875,59.174564361572266,438.6082458496094,158.75181579589844,58.17805480957031
2024-06-19,212.2666015625,162.96424865722656,58.08633041381836,182.80999755859375,67.8323745727539,183.37139892578125,59.174564361572266,438.6082458496094,158.75181579589844,58.48646926879883
2024-06-20,207.70010375976562,165.6338348388672,58.03776931762695,186.10000610351562,68.0736312866211,177.61724853515625,58.7493896484375,437.9794006347656,157.91357421875,58.234130859375
2024-06-21,205.5308074951172,165.0304718017578,60.349178314208984,189.0800018310547,65.62244415283203,172.9834442138672,59.30683135986328,441.98870849609375,158.46923828125,58.00982666015625
2024-06-24,206.1746826171875,165.61557006835938,61.087276458740234,185.57000732421875,63.47041320800781,174.6953582763672,60.44063186645508,439.9152526855469,158.648193359375,56.692054748535156
2024-06-25,207.0958709716797,165.08531188964844,61.087276458740234,186.33999633789062,62.45712661743164,177.5096893310547,60.31780242919922,443.1384582519531,157.1412811279297,58.72011947631836
2024-06-26,211.2364044189453,163.1928253173828,60.68909454345703,193.61000061035156,63.12300491333008,174.1934356689453,60.51621627807617,444.3274230957031,157.7063751220703,58.02851867675781
2024-06-27,212.07839965820312,166.15499877929688,61.990474700927734,197.85000610351562,63.08439636230469,174.6953582763672,60.383934020996094,445.0055236816406,156.92466735839844,57.99113464355469
2024-06-28,208.63121032714844,164.47276306152344,61.7671012878418,193.25,62.35097122192383,176.0218505859375,60.13829040527344,439.2077331542969,155.3236083984375,58.4023551940918
2024-07-01,214.70338439941406,161.9128875732422,62.874244689941406,197.1999969482422,64.25209045410156,178.02955627441406,59.788700103759766,448.8183288574219,153.2515869140625,58.62665557861328
2024-07-02,218.19012451171875,161.154052734375,61.582576751708984,200.0,60.95166778564453,175.66334533691406,59.665870666503906,451.3241271972656,154.36293029785156,57.664031982421875
2024-07-03,219.45803833007812,162.85455322265625,62.330387115478516,197.58999633789062,61.18327713012695,175.77984619140625,59.835941314697266,452.7882995605469,154.29702758789062,57.53318786621094
2024-07-04,219.45803833007812,161.59286499023438,61.145545959472656,197.58999633789062,61.07712173461914,172.01544189453125,59.835941314697266,452.7882995605469,154.29702758789062,57.523841857910156
2024-07-05,224.20281982421875,161.8214569091797,60.23263931274414,200.0,60.797264099121094,172.7145538330078,60.242210388183594,459.460693359375,155.5967559814453,57.589263916015625
2024-07-08,225.66885375976562,161.24546813964844,60.2035026550293,199.2899932861328,61.20257568359375,177.64413452148438,59.486351013183594,458.1635437011719,156.8304901123047,57.78553009033203
2024-07-09,226.5207061767578,161.5654754638672,59.611083984375,199.33999633789062,61.49209213256836,180.18064880371094,59.23125076293945,451.5796203613281,156.0205535888672,59.86965560913086
2024-07-10,230.7801055908203,163.99734497070312,60.08695602416992,199.7899932861328,61.762298583984375,183.23696899414062,59.363525390625,458.17340087890625,157.09420776367188,60.178070068359375
2024-07-11,225.4212188720703,164.06137084960938,60.3394660949707,195.0500030517578,61.771949768066406,183.72991943359375,59.61862564086914,446.823486328125,155.90753173828125,61.131351470947266
2024-07-12,228.3631134033203,164.02479553222656,61.60200119018555,194.49000549316406,62.679080963134766,185.37013244628906,60.185523986816406,445.693359375,156.91526794433594,63.5799674987793
2024-07-15,232.18670654296875,164.0522003173828,60.07725143432617,192.72000122070312,62.60188293457031,184.88613891601562,59.911521911621094,446.0962829589844,155.0033721923828,62.804256439208984
2024-07-16,232.60276794433594,165.4784393310547,59.74704360961914,193.02000427246094,62.669437408447266,186.86692810058594,60.72407531738281,441.733154296875,157.23545837402344,61.514530181884766
2024-07-17,226.71884155273438,163.339111328125,59.81502914428711,187.92999267578125,62.46677780151367,186.77731323242188,61.612213134765625,435.8371276855469,159.58058166503906,60.54255676269531
2024-07-18,222.06321716308594,162.0591583251953,59.13520050048828,183.75,61.44383239746094,187.144775390625,61.593318939208984,432.74169921875,158.63876342773438,59.35563278198242
2024-07-19,222.19200134277344,163.15626525878906,60.32975387573242,183.1300048828125,62.80453872680664,188.22032165527344,61.687801361083984,429.5381164550781,159.13809204101562,59.48647689819336
2024-07-22,221.84530639648438,167.72747802734375,60.07725143432617,182.5500030517578,62.65978240966797,190.81954956054688,61.19648742675781,435.2672424316406,159.41287231445312,59.402366638183594
2024-07-23,222.88534545898438,168.3582763671875,59.669349670410156,186.41000366210938,62.80453872680664,190.08460998535156,61.376007080078125,437.14404296875,157.8684844970703,59.34628677368164
2024-07-24,216.4764404296875,165.34130859375,56.52272415161133,180.8300018310547,63.16160202026367,183.0218505859375,62.17911148071289,421.47039794921875,159.17601013183594,58.65468978881836
2024-07-25,215.4364013671875,165.67955017089844,53.80342102050781,179.85000610351562,66.60677337646484,179.3112335205078,62.42477035522461,411.1522521972656,158.1337890625,58.87899398803711
2024-07-26,215.90196228027344,168.0291748046875,53.53148651123047,182.5,65.18817901611328,180.95144653320312,63.350704193115234,417.9031982421875,160.22769165039062,57.243465423583984
2024-07-29,216.17929077148438,167.508056640625,53.02647399902344,183.1999969482422,65.80580139160156,182.0180206298828,63.14284133911133,419.3379821777344,161.00460815429688,57.963096618652344
2024-07-30,216.7340087890625,165.0395965576172,53.6383171081543,181.7100067138672,62.65978240966797,181.74017333984375,63.94594955444336,415.5939636230469,153.2069091796875,57.64533996582031
2024-07-31,219.98306274414062,167.82803344726562,54.40555191040039,186.97999572753906,63.29670333862305,184.2139129638672,63.05780792236328,411.1031494140625,152.31625366210938,57.94440841674805
2024-08-01,216.2981719970703,167.078369140625,53.76457214355469,184.07000732421875,63.17124938964844,184.40213012695312,64.21049499511719,409.88458251953125,156.98736572265625,56.76682662963867
2024-08-02,217.78399658203125,167.17892456054688,53.6383171081543,167.89999389648438,64.65740203857422,186.31121826171875,65.50489807128906,401.41387939453125,161.1467742919922,56.262149810791016
2024-08-05,207.2939910888672,170.64390563964844,52.832237243652344,161.02000427246094,62.82383728027344,185.5314483642578,64.34276580810547,388.30499267578125,159.23284912109375,55.4210205078125
2024-08-06,205.2732391357422,172.8838348388672,53.424659729003906,161.92999267578125,64.64775848388672,186.992431640625,64.2955322265625,392.6877746582031,159.26126098632812,56.86028289794922
2024-08-07,207.83880615234375,172.39926147460938,53.43437194824219,162.77000427246094,65.20747375488281,189.9053497314453,64.68289947509766,391.5281982421875,161.08990478515625,56.86028289794922
2024-08-08,211.2958526611328,171.6861572265625,53.4440803527832,165.8000030517578,66.18216705322266,187.78115844726562,64.93801879882812,395.7144470214844,161.89524841308594,57.75748825073242
2024-08-09,214.19818115234375,171.87814331054688,53.414947509765625,166.94000244140625,66.66468048095703,188.48023986816406,64.89076232910156,398.9866943359375,161.5825958251953,58.25282287597656
2024-08-12,215.72540283203125,170.48851013183594,53.414947509765625,166.8000030517578,66.21112060546875,188.22032165527344,64.40890502929688,399.7630310058594,158.04849243164062,58.51450729370117
2024-08-13,219.4344024658203,170.95477294921875,54.06563949584961,170.22999572753906,67.79377746582031,189.28689575195312,64.68289947509766,406.83831787109375,158.50328063964844,59.35563278198242
2024-08-14,219.8806610107422,171.94216918945312,54.50267028808594,170.10000610351562,67.56216430664062,189.64541625976562,64.79627990722656,409.63897705078125,159.93397521972656,58.51450729370117
2024-08-15,222.8557891845703,172.5089874267578,54.57065200805664,177.58999633789062,67.04104614257812,188.48023986816406,64.86241912841797,414.482421875,159.10018920898438,59.000492095947266
2024-08-16,224.1747283935547,171.00047302246094,54.735755920410156,177.05999755859375,67.44635772705078,188.7222442626953,65.3631820678711,411.96221923828125,159.07177734375,58.99114227294922
2024-08-19,224.01608276367188,169.40054321289062,55.60981369018555,178.22000122070312,67.94818115234375,190.00393676757812,65.1742172241211,414.974609375,159.57391357421875,58.78553771972656
2024-08-20,224.6309051513672,170.0862274169922,56.31877899169922,178.8800048828125,67.93852996826172,188.03208923339844,65.55215454101562,418.1938171386719,161.45944213867188,58.57057571411133
2024-08-21,224.52182006835938,163.94252014160156,54.7843132019043,180.11000061035156,66.72258758544922,186.17678833007812,65.7316665649414,417.5440979003906,161.22254943847656,59.87900161743164
2024-08-22,222.66732788085938,160.90719604492188,54.4541130065918,176.1300048828125,66.12425994873047,186.64285278320312,65.50489807128906,409.087646484375,161.2130584716797,59.065914154052734
2024-08-23,224.9581756591797,159.15185546875,54.88142776489258,177.0399932861328,66.3365707397461,184.39315795898438,65.93952941894531,410.308349609375,160.28456115722656,59.121986389160156
2024-08-26,225.29534912109375,162.3334197998047,53.78399658203125,175.5,67.74551391601562,182.87844848632812,66.93157958984375,407.0596923828125,161.40257263183594,58.69207763671875
2024-08-27,226.13832092285156,160.9437713623047,53.68687438964844,173.1199951171875,65.39083862304688,184.9398956298828,67.55518341064453,407.40423583984375,160.36032104492188,58.43039321899414
2024-08-28,224.61109924316406,159.96998596191406,55.017398834228516,170.8000030517578,65.72859191894531,183.5596160888672,67.79138946533203,404.214599609375,160.18032836914062,57.523841857910156
2024-08-29,227.88368225097656,161.37965393066406,54.29872131347656,172.1199951171875,67.06999206542969,184.4290313720703,68.0748291015625,406.6954345703125,161.099365234375,58.5518913269043
2024-08-30,227.10028076171875,164.69981384277344,52.5408821105957,178.5,68.23768615722656,181.5071258544922,68.47167205810547,410.6529541015625,162.53004455566406,58.579925537109375
2024-09-02,227.10028076171875,164.60707092285156,54.15304183959961,178.5,67.79377746582031,183.73886108398438,68.47167205810547,410.6529541015625,162.53004455566406,59.112640380859375
2024-09-03,220.9219512939453,165.1542510986328,52.82252502441406,176.25,66.52957916259766,179.06922912597656,68.98186492919922,403.0726623535156,165.35354614257812,57.84160232543945
2024-09-04,219.0178680419922,164.06915283203125,52.171836853027344,173.3300018310547,68.50789642333984,183.6492462158203,68.55670166015625,402.5410461425781,166.6610565185547,56.81355667114258
2024-09-05,220.53517150878906,166.71229553222656,51.39488983154297,177.88999938964844,67.43670654296875,181.8656463623047,67.24339294433594,402.03900146484375,166.25363159179688,56.02850341796875
2024-09-06,218.98812866210938,166.12803649902344,50.462554931640625,171.38999938964844,66.77083587646484,182.0359344482422,67.21504211425781,395.4530334472656,166.3673553466797,55.71074295043945
2024-09-09,219.077392578125,166.11874389648438,51.67653274536133,175.39999389648438,66.68397521972656,182.3317108154297,67.8858642578125,399.4105529785156,166.8126678466797,56.8042106628418
2024-09-10,218.28399658203125,164.96878051757812,49.86042785644531,179.5500030517578,65.88300323486328,179.3112335205078,67.6024398803711,407.7586669921875,168.45176696777344,56.187381744384766
2024-09-11,220.81285095214844,165.3582763671875,49.99638748168945,184.52000427246094,65.61278533935547,179.84002685546875,67.1583480834961,416.461181640625,164.7850799560547,57.009822845458984
2024-09-12,220.9219512939453,165.9147186279297,51.09382629394531,187.0,66.91558837890625,179.93861389160156,67.30008697509766,420.3595886230469,164.3586883544922,57.30888748168945
2024-09-13,220.65419006347656,166.9256134033203,51.5017204284668,186.49000549316406,66.2786636352539,179.72352600097656,67.93270111083984,423.8937683105469,164.93667602539062,56.81355667114258
2024-09-16,214.5254669189453,166.9256134033203,51.5017204284668,184.88999938964844,66.2786636352539,179.72352600097656,68.58909606933594,424.632080078125,167.93067932128906,56.81355667114258
2024-09-17,214.9915313720703,168.15908813476562,51.00641632080078,186.8800048828125,65.49699401855469,177.62619018554688,68.3037109375,428.3828125,166.64212036132812,57.89767837524414
2024-09-18,218.85919189453125,168.66915893554688,51.39488983154297,186.42999267578125,66.05670166015625,176.98089599609375,68.25614166259766,424.1103210449219,164.7850799560547,57.10327911376953
2024-09-19,226.97132873535156,170.9320526123047,51.71538162231445,189.8699951171875,67.34986114501953,176.86436462402344,67.18116760253906,431.8677978515625,162.53004455566406,57.12196731567383
2024-09-20,226.30690002441406,175.28163146972656,50.73448944091797,191.60000610351562,64.10733795166016,172.9834442138672,68.1514892578125,428.5009765625,165.06930541992188,56.82290267944336
2024-09-23,224.59124755859375,172.9909210205078,50.81218338012695,193.8800048828125,65.94090270996094,174.41749572753906,68.23712158203125,426.768310546875,164.64292907714844,56.533180236816406
2024-09-24,225.48377990722656,176.1533966064453,51.58912658691406,193.9600067138672,67.40776062011719,174.90150451660156,67.85659790039062,422.4958801269531,164.1407928466797,57.74814224243164
2024-09-25,224.4920654296875,174.8643035888672,51.841636657714844,192.52999877929688,66.24971771240234,176.49688720703125,67.97074890136719,425.3901062011719,163.2122344970703,56.60794448852539
2024-09-26,225.63255310058594,176.1533966064453,51.33662033081055,191.16000366210938,66.77083587646484,176.720947265625,67.92317962646484,424.6025085449219,164.1123504638672,55.71074295043945
2024-09-27,225.90029907226562,172.7405242919922,52.76425552368164,187.97000122070312,65.76720428466797,175.4302978515625,68.29417419433594,421.36370849609375,164.4344940185547,54.542510986328125
2024-09-30,231.06707763671875,170.61672973632812,52.638004302978516,186.3300018310547,65.34257507324219,173.99623107910156,68.36077880859375,423.6082763671875,164.10287475585938,55.52382278442383
2024-10-01,224.3334197998047,170.61672973632812,52.638004302978516,185.1300048828125,65.34257507324219,173.99623107910156,68.21808624267578,414.1477355957031,163.95127868652344,55.52382278442383
2024-10-02,224.89869689941406,169.9119110107422,52.04558181762695,184.75999450683594,64.63810729980469,171.42388916015625,67.55216979980469,410.64306640625,162.89010620117188,53.84156799316406
2024-10-03,223.79788208007812,165.62722778320312,50.88987731933594,181.9600067138672,63.44145965576172,171.45973205566406,67.0860366821289,410.0622253417969,161.18466186523438,54.009796142578125
2024-10-04,224.91848754882812,171.7667236328125,52.016448974609375,186.50999450683594,64.98551177978516,172.1947021484375,66.7530746459961,409.5897216796875,160.00979614257812,55.13130187988281
2024-10-07,219.85092163085938,171.469970703125,52.44376754760742,180.8000030517578,63.8950309753418,171.76451110839844,65.64957427978516,403.1711120605469,158.34222412109375,54.13128662109375
2024-10-08,223.89706420898438,168.7340850830078,52.929359436035156,182.72000122070312,63.72132110595703,170.7247772216797,65.81128692626953,408.2607421875,159.32760620117188,53.26212692260742
2024-10-09,227.6357879638672,172.41592407226562,51.66682434082031,185.1699981689453,62.38957214355469,171.80032348632812,66.18229675292969,410.9679260253906,160.37928771972656,52.869598388671875
2024-10-10,227.1399383544922,165.738525390625,52.113563537597656,186.64999389648438,62.24481964111328,172.09609985351562,65.87788391113281,409.3731384277344,160.07611083984375,55.757469177246094
2024-10-11,225.6623077392578,166.70303344726562,51.80278396606445,188.82000732421875,63.64411544799805,170.51864624023438,66.18229675292969,409.845703125,162.1037139892578,55.65467071533203
2024-10-14,229.38119506835938,164.56997680664062,51.511436462402344,187.5399932861328,62.21586608886719,171.67483520507812,66.914794921875,412.6217956542969,163.4490966796875,54.86961364746094
2024-10-15,231.91004943847656,166.5453643798828,53.570335388183594,187.69000244140625,61.916709899902344,174.1127471923828,66.914794921875,412.2280578613281,164.45343017578125,55.17802810668945
2024-10-16,229.857177734375,167.8623046875,52.81281661987305,186.88999938964844,63.055442810058594,173.45846557617188,67.13359069824219,409.6488037109375,163.3259735107422,55.271484375
2024-10-17,230.22415161132812,164.32884216308594,52.803104400634766,187.52999877929688,63.11334991455078,171.09226989746094,66.49623107910156,410.239501953125,163.23118591308594,55.62663269042969
2024-10-18,233.0504913330078,166.85140991210938,53.512062072753906,188.99000549316406,63.2098503112793,174.55194091796875,67.00993347167969,411.65704345703125,163.23788452148438,55.86962127685547
2024-10-21,234.5181884765625,164.1062774658203,53.32754135131836,189.07000732421875,62.39922332763672,176.25489807128906,66.06814575195312,412.26739501953125,161.57955932617188,56.1686897277832
2024-10-22,233.90333557128906,162.0288543701172,52.171836853027344,189.6999969482422,62.3413200378418,174.9552764892578,66.06814575195312,420.86163330078125,161.7320556640625,56.523834228515625
2024-10-23,228.8456573486328,163.0304412841797,49.355411529541016,184.7100067138672,62.1483154296875,173.57498168945312,64.69825744628906,417.9969177246094,161.61769104003906,57.3836555480957
2024-10-24,228.65725708007812,160.26675415039062,49.87984848022461,186.3800048828125,61.926353454589844,171.73760986328125,64.02283477783203,418.1248779296875,161.65579223632812,55.28083419799805
2024-10-25,229.49026489257812,161.37037658691406,48.811546325683594,187.8300018310547,60.89376449584961,173.25233459472656,63.66134262084961,421.49169921875,160.32154846191406,53.29950714111328
2024-10-28,231.4637451171875,163.1139373779297,49.1708869934082,188.38999938964844,62.63083267211914,176.73887634277344,63.42350387573242,419.9559326171875,161.350830078125,53.336891174316406
2024-10-29,231.7315216064453,164.18045043945312,47.956912994384766,190.8300018310547,59.83222579956055,174.0052032470703,62.367557525634766,425.23260498046875,159.32083129882812,52.20603942871094
2024-10-30,228.19114685058594,159.6917724609375,47.41305160522461,192.72999572753906,59.764671325683594,173.42262268066406,62.71003341674805,425.8036193847656,158.3582763671875,51.49575424194336
2024-10-31,224.03587341308594,158.30062866210938,46.917747497558594,186.39999389648438,59.803279876708984,173.7452850341797,62.129730224609375,400.03070068359375,157.42428588867188,51.63594436645508
2024-11-01,221.06077575683594,158.6994171142578,47.74325180053711,197.92999267578125,59.21460723876953,175.54681396484375,61.84434509277344,403.9881896972656,157.34803771972656,52.196693420410156
2024-11-04,220.1682586669922,158.615966796875,48.99607467651367,195.77999877929688,60.633209228515625,175.9501495361328,61.939476013183594,402.1078796386719,157.32899475097656,52.71072006225586
2024-11-05,221.5963134765625,159.33934020996094,47.93748474121094,199.5,60.58495330810547,173.6825408935547,62.18681716918945,405.0612487792969,157.97705078125,52.12192916870117
2024-11-06,220.8723602294922,161.8062744140625,48.83097457885742,207.08999633789062,61.18327713012695,173.87973022460938,60.5981330871582,413.64569091796875,153.48818969726562,52.336883544921875
2024-11-07,225.59286499023438,163.3643341064453,48.69500732421875,210.0500030517578,64.18453979492188,172.27537536621094,60.56008529663086,418.81396484375,155.7373809814453,52.551841735839844
2024-11-08,225.32479858398438,160.1369171142578,48.07345199584961,208.17999267578125,64.58985137939453,175.2241668701172,60.80741882324219,415.9689636230469,159.83547973632812,52.43033981323242
2024-11-11,222.61447143554688,158.67161560058594,47.23823547363281,206.83999633789062,63.016849517822266,175.03591918945312,60.274688720703125,411.5094299316406,158.23439025878906,53.84001922607422
2024-11-12,222.61447143554688,159.8865203857422,46.45158386230469,208.91000366210938,60.62355422973633,171.82723999023438,60.12248229980469,416.4513244628906,158.05328369140625,54.18029022216797
2024-11-13,223.49806213378906,156.11195373535156,46.587547302246094,214.10000610351562,60.60425567626953,171.17295837402344,59.932220458984375,418.5875549316406,158.758544921875,54.88998794555664
2024-11-14,226.57574462890625,155.79661560058594,46.21849822998047,211.47999572753906,60.44984817504883,166.9155731201172,59.50413131713867,420.2513122558594,159.2350616455078,53.42197799682617
2024-11-15,223.37893676757812,158.08734130859375,46.71379852294922,202.61000061035156,60.942020416259766,164.9975128173828,58.733577728271484,408.54620361328125,161.57955932617188,53.5289192199707
2024-11-18,226.377197265625,158.08734130859375,46.71379852294922,201.6999969482422,60.942020416259766,164.9975128173828,58.84773254394531,409.29437255859375,162.73277282714844,53.5289192199707
2024-11-19,226.63531494140625,161.398193359375,46.199073791503906,204.61000061035156,58.97334289550781,160.92835998535156,59.54218673706055,411.2928161621094,162.7422637939453,52.26506423950195
2024-11-20,227.35011291503906,161.13851928710938,45.956275939941406,202.8800048828125,59.24355697631836,157.9975128173828,59.922706604003906,409.0285339355469,162.86618041992188,51.6817512512207
2024-11-21,226.8735809326172,159.62684631347656,45.96599197387695,198.3800048828125,58.867191314697266,158.0333709716797,60.655216217041016,407.26287841796875,164.63885498046875,50.60261917114258
2024-11-22,228.21385192871094,164.45867919921875,45.65521240234375,197.1199951171875,58.683837890625,159.9155731201172,60.80741882324219,411.3367919921875,168.00306701660156,52.031742095947266
2024-11-25,231.19223022460938,163.23448181152344,44.256710052490234,201.4499969482422,58.21096420288086,160.8297882080078,61.245018005371094,413.1025085449219,169.06097412109375,51.7886962890625
2024-11-26,233.366455078125,162.18650817871094,44.73259353637695,207.86000061035156,57.6319465637207,162.22799682617188,61.40675735473633,422.1775817871094,170.8908233642578,51.944244384765625
2024-11-27,233.23739624023438,161.86192321777344,43.73227310180664,205.74000549316406,57.89250946044922,158.28436279296875,61.29258728027344,417.2454833984375,170.93849182128906,52.86783218383789
2024-11-28,233.23739624023438,160.7490234375,43.722564697265625,205.74000549316406,58.114463806152344,159.93348693847656,61.29258728027344,417.2454833984375,170.93849182128906,51.82758331298828
2024-11-29,235.62010192871094,159.7566680908203,43.69342803955078,207.88999938964844,57.564395904541016,159.99624633789062,61.4219856262207,417.7090759277344,170.84317016601562,52.41089630126953
2024-12-02,237.8638153076172,159.96070861816406,43.08158493041992,210.7100067138672,58.74173355102539,160.58779907226562,61.009830474853516,425.1269836425781,171.2625274658203,52.65394592285156
2024-12-03,240.9017791748047,159.5341033935547,44.548065185546875,213.44000244140625,57.60299301147461,162.98985290527344,60.88521957397461,425.3439636230469,167.1834716796875,53.45114517211914
2024-12-04,241.25917053222656,163.77239990234375,43.79054641723633,218.16000366210938,56.88886642456055,164.86306762695312,59.62955856323242,431.4794616699219,166.88803100585938,54.94831848144531
2024-12-05,241.28895568847656,172.87034606933594,44.431522369384766,220.5500030517578,56.966068267822266,166.88868713378906,60.31010055541992,436.60882568359375,167.76483154296875,55.59968566894531
2024-12-06,241.0904083251953,168.65060424804688,44.83941650390625,227.02999877929688,56.74411392211914,163.47381591796875,59.936283111572266,437.5459899902344,165.65858459472656,55.72607421875
2024-12-09,244.97222900390625,169.72642517089844,45.247318267822266,226.08999633789062,56.55110549926758,164.29843139648438,60.00337600708008,439.9626770019531,162.77084350585938,55.842735290527344
2024-12-10,245.98487854003906,166.94415283203125,45.74261474609375,225.0399932861328,55.827327728271484,160.9373321533203,60.30051803588867,437.3091735839844,164.19091796875,55.570526123046875
2024-12-11,244.714111328125,169.69859313964844,44.499507904052734,230.25999450683594,56.406349182128906,161.19725036621094,60.041717529296875,442.8923645019531,162.61839294433594,55.53163528442383
2024-12-12,246.17352294921875,169.69859313964844,44.499507904052734,228.97000122070312,56.406349182128906,161.19725036621094,61.19194030761719,443.4546203613281,162.82806396484375,55.53163528442383
2024-12-13,246.34230041503906,169.21633911132812,43.28553009033203,227.4600067138672,55.99138641357422,159.49432373046875,60.50180435180664,441.19573974609375,163.02818298339844,59.87733459472656
2024-12-16,249.23129272460938,165.9611053466797,42.994178771972656,232.92999267578125,54.96844482421875,156.85923767089844,59.955448150634766,445.45703125,163.1044464111328,58.19544219970703
2024-12-17,251.6537322998047,163.62400817871094,43.82939529418945,231.14999389648438,53.92620849609375,159.6466827392578,60.77019500732422,448.2880554199219,162.33248901367188,56.085784912109375
2024-12-18,246.2628631591797,163.03973388671875,42.906768798828125,220.52000427246094,53.762149810791016,158.40084838867188,60.24300765991211,431.44989013671875,161.1411590576172,56.44549560546875
2024-12-19,247.99034118652344,161.453857421875,42.003570556640625,223.2899932861328,53.86830139160156,154.2510223388672,59.85960388183594,431.09478759765625,161.24600219726562,56.39688491821289
2024-12-20,252.6564483642578,162.6780548095703,43.99449157714844,224.9199981689453,53.79110336303711,156.5724334716797,59.955448150634766,430.6706848144531,160.16903686523438,55.901065826416016
2024-12-23,253.4308319091797,161.97320556640625,43.49919128417969,225.05999755859375,53.935855865478516,158.18572998046875,59.79249954223633,429.3389587402344,160.2167205810547,54.802490234375
2024-12-24,256.3397521972656,161.75062561035156,42.256080627441406,229.0500030517578,53.59809494018555,157.5404052734375,60.233421325683594,433.363525390625,161.0077362060547,54.744163513183594
2024-12-26,257.15380859375,163.2159423828125,42.22694396972656,227.0500030517578,53.067325592041016,158.91172790527344,59.97462463378906,432.1600646972656,162.17044067382812,54.578887939453125
2024-12-27,253.74850463867188,162.09376525878906,41.673370361328125,223.75,52.91291809082031,158.96548461914062,59.85960388183594,424.6830139160156,161.5700225830078,53.3928108215332
2024-12-30,250.38296508789062,159.97926330566406,41.86760711669922,221.3000030517578,52.48830032348633,157.6927947998047,59.45701599121094,419.0604553222656,159.2445831298828,52.770606994628906
2024-12-31,248.6157989501953,160.00709533691406,42.33377456665039,219.38999938964844,53.414737701416016,159.45848083496094,59.6774787902832,415.77569580078125,159.77830505371094,53.35392379760742
2025-01-02,242.0931396484375,163.77239990234375,44.577205657958984,220.22000122070312,53.24102783203125,157.4507598876953,59.274898529052734,412.8953857421875,158.18670654296875,53.71363830566406
2025-01-03,241.60667419433594,159.24661254882812,44.703453063964844,224.19000244140625,52.46900177001953,150.30735778808594,59.18863296508789,417.6005554199219,157.3766326904297,52.9261589050293
2025-01-06,243.23484802246094,160.12765502929688,44.16930389404297,227.61000061035156,52.53655242919922,152.14476013183594,58.28762435913086,422.0394287109375,153.05931091308594,53.47058868408203
2025-01-07,240.46493530273438,164.16189575195312,45.460975646972656,222.11000061035156,52.42074966430664,154.80674743652344,58.316383361816406,416.6338806152344,153.72647094726562,54.45249938964844
2025-01-08,240.95140075683594,164.71835327148438,42.64455032348633,222.1300048828125,49.89236068725586,153.13963317871094,59.150291442871094,418.7941589355469,154.48890686035156,54.3163948059082
2025-01-09,240.95140075683594,166.83287048339844,42.731956481933594,222.1300048828125,49.602848052978516,153.8566436767578,59.150291442871094,418.7941589355469,154.48890686035156,55.41497039794922
2025-01-10,235.14356994628906,167.40786743164062,42.77080535888672,218.94000244140625,48.76326370239258,153.1306915283203,58.536842346191406,413.2603454589844,151.11509704589844,55.44413757324219
2025-01-13,232.71119689941406,168.613525390625,40.61478042602539,218.4600067138672,49.05277633666992,155.04873657226562,59.09278106689453,411.5242919921875,151.38197326660156,56.192726135253906
2025-01-14,231.5992889404297,170.051025390625,39.73100662231445,217.75999450683594,49.06242370605469,154.09866333007812,59.46660232543945,410.0248718261719,152.23971557617188,56.07606506347656
2025-01-15,236.1562042236328,167.138916015625,38.594730377197266,223.35000610351562,48.695709228515625,151.73243713378906,59.207801818847656,420.5203857421875,152.1539306640625,55.46358108520508
2025-01-16,226.6154327392578,164.60707092285156,39.546485900878906,220.66000366210938,47.58592224121094,151.75039672851562,59.66789627075195,418.8138122558594,152.96401977539062,53.47058868408203
2025-01-17,228.32305908203125,165.25625610351562,40.16804122924805,225.94000244140625,50.259071350097656,153.26510620117188,60.10881042480469,423.20343017578125,153.56443786621094,52.20673751831055
2025-01-20,228.32305908203125,166.82359313964844,39.71158218383789,225.94000244140625,50.374874114990234,154.14346313476562,60.10881042480469,423.20343017578125,153.56443786621094,53.752525329589844
2025-01-21,221.03591918945312,167.2687530517578,39.45907974243164,230.7100067138672,51.14690399169922,157.23565673828125,59.830841064453125,422.6806335449219,154.12673950195312,54.97748565673828
2025-01-22,222.2173614501953,169.8098907470703,40.54680252075195,235.00999450683594,52.797115325927734,154.93222045898438,59.217384338378906,440.1402587890625,157.0049285888672,56.06633758544922
2025-01-23,222.04859924316406,167.56553649902344,41.03239059448242,235.4199981689453,52.08298873901367,154.06280517578125,58.97775650024414,440.643310546875,158.34873962402344,55.327476501464844
2025-01-24,221.17491149902344,171.47923278808594,42.343482971191406,234.85000610351562,52.42074966430664,154.9591064453125,59.35158157348633,438.02935791015625,157.36781311035156,56.085784912109375
2025-01-27,228.2039337158203,176.9416961669922,43.3729362487793,235.4199981689453,51.841732025146484,156.27664184570312,61.22069549560547,428.6583251953125,162.67990112304688,55.44413757324219
2025-01-28,236.5433807373047,180.42880249023438,43.26610565185547,238.14999389648438,52.50760269165039,159.13580322265625,59.77333450317383,441.1266784667969,159.3526611328125,54.47194290161133
2025-01-29,237.6354522705078,176.21832275390625,43.00388717651367,237.07000732421875,52.32424545288086,158.73248291015625,60.22383499145508,436.3227844238281,159.39102172851562,53.24698257446289
2025-01-30,235.8782196044922,176.96954345703125,43.51861572265625,234.63999938964844,53.028724670410156,161.1434783935547,61.39323425292969,409.3540954589844,160.5224609375,53.26642990112305
2025-01-31,234.2996826171875,175.07760620117188,42.92619705200195,237.67999267578125,52.401451110839844,158.02439880371094,60.84687423706055,409.4231872558594,159.16090393066406,52.47895050048828
2025-02-03,226.3672332763672,175.07760620117188,42.92619705200195,237.4199981689453,52.401451110839844,158.02439880371094,60.72226333618164,405.33941650390625,161.81690979003906,52.47895050048828
2025-02-04,231.12274169921875,179.0098419189453,44.44123458862305,242.05999755859375,52.411102294921875,157.80929565429688,60.07047653198242,406.7696838378906,161.21286010742188,53.47058868408203
2025-02-05,230.7951202392578,180.98524475097656,44.61604690551758,236.1699981689453,52.48830032348633,156.98471069335938,60.50180435180664,407.67718505859375,162.056640625,53.24698257446289
2025-02-06,231.5397186279297,182.18161010742188,46.33503723144531,238.8300018310547,52.584808349609375,164.63003540039062,60.731849670410156,410.1728515625,161.93202209472656,54.10251235961914
2025-02-07,225.99000549316406,186.03038024902344,47.42276382446289,229.14999389648438,52.16019058227539,161.34068298339844,61.19194030761719,404.18524169921875,161.0594024658203,53.762245178222656
2025-02-10,226.25833129882812,183.17393493652344,48.43278884887695,233.13999938964844,52.517250061035156,159.99624633789062,61.872501373291016,406.6216735839844,160.6375274658203,54.69554901123047
2025-02-11,231.1979522705078,188.65496826171875,48.27739715576172,232.75999450683594,53.414737701416016,161.91429138183594,64.79598236083984,405.8523254394531,162.4593505859375,56.41633224487305
2025-02-12,235.4219512939453,197.35414123535156,48.16086196899414,228.92999267578125,54.842994689941406,163.50070190429688,65.85993957519531,403.4849548339844,162.6031951904297,56.34827423095703
2025-02-13,240.05348205566406,195.67552185058594,48.03460693359375,230.3699951171875,55.624671936035156,164.3163299560547,66.61717987060547,404.9645690917969,163.98394775390625,57.03853225708008
2025-02-14,243.10472106933594,192.93035888671875,50.006103515625,228.67999267578125,54.910545349121094,165.97445678710938,66.0133056640625,402.8832092285156,156.18841552734375,53.0914306640625
2025-02-17,243.10472106933594,192.80978393554688,49.3651237487793,228.67999267578125,54.81403732299805,165.40982055664062,66.0133056640625,402.8832092285156,156.18841552734375,53.24698257446289
2025-02-18,242.9755096435547,190.4263458251953,49.54964828491211,226.64999389648438,55.42201614379883,166.14474487304688,66.18584442138672,404.0767822265625,158.62391662597656,54.21917724609375
2025-02-19,243.37307739257812,189.56382751464844,49.6759033203125,226.6300048828125,54.399070739746094,166.53016662597656,67.16351318359375,409.1370544433594,159.6403350830078,54.24834060668945
2025-02-20,244.3271942138672,193.8299560546875,48.71443176269531,222.8800048828125,54.79473876953125,164.90789794921875,67.134765625,411.30169677734375,160.33071899414062,54.92887496948242
2025-02-21,244.0489044189453,196.84405517578125,48.25797653198242,216.5800018310547,54.29291915893555,163.65309143066406,68.39042663574219,403.4735412597656,163.2264404296875,54.70526885986328
2025-02-24,245.58944702148438,198.46702575683594,48.03460693359375,212.7100067138672,54.61138153076172,164.12811279296875,67.66195678710938,399.31243896484375,163.52369689941406,55.07470703125
2025-02-25,245.52978515625,197.53033447265625,45.77175521850586,212.8000030517578,54.5148811340332,163.72479248046875,68.52462005615234,393.283203125,165.546875,54.355281829833984
2025-02-26,238.89064025878906,199.3851776123047,44.577205657958984,214.35000610351562,55.31585693359375,163.42901611328125,67.86324310302734,395.0919494628906,164.25242614746094,54.24834060668945
2025-02-27,235.84933471679688,196.1577606201172,43.683712005615234,208.74000549316406,52.60410690307617,172.65182495117188,67.93034362792969,387.9754943847656,164.89488220214844,54.08306884765625
2025-02-28,240.361572265625,197.14083862304688,43.761409759521484,212.27999877929688,53.39543914794922,173.1178741455078,68.25623321533203,392.3837585449219,166.6879119873047,53.16920852661133
2025-03-03,236.5749053955078,193.96905517578125,43.402069091796875,205.02000427246094,52.719913482666016,172.97447204589844,69.3201904296875,383.9823303222656,168.36593627929688,53.276145935058594
2025-03-04,234.4877166748047,196.39889526367188,41.916168212890625,203.8000030517578,52.99977111816406,173.40467834472656,67.2785415649414,384.1009826660156,166.05506896972656,53.295589447021484
2025-03-05,234.2988739013672,199.18115234375,41.09066390991211,208.36000061035156,54.698238372802734,173.7721710205078,67.1731185913086,396.36700439453125,167.42625427246094,54.04418182373047
2025-03-06,233.89138793945312,193.5980987548828,41.28489685058594,200.6999969482422,54.44732666015625,177.27662658691406,67.53734588623047,392.284912109375,167.4741973876953,53.07198715209961
2025-03-07,237.60853576660156,192.45738220214844,40.80902099609375,199.25,56.2808952331543,177.5545196533203,68.46711730957031,388.7464294433594,168.7111053466797,53.72335433959961
2025-03-10,226.08938598632812,192.36463928222656,39.527061462402344,194.5399932861328,54.5341796875,176.2638702392578,68.48628234863281,375.7490234375,169.00836181640625,52.760887145996094
2025-03-11,219.4899444580078,192.66140747070312,38.9055061340332,196.58999633789062,52.594459533691406,175.1883087158203,68.09329223632812,376.03570556640625,165.99752807617188,51.8664665222168
2025-03-12,215.65354919433594,194.27511596679688,39.585330963134766,198.88999938964844,52.835716247558594,177.4738311767578,67.03892517089844,378.82293701171875,161.44296264648438,52.663665771484375
2025-03-13,208.39817810058594,196.1114044189453,39.83783721923828,193.88999938964844,53.3375358581543,175.3944549560547,66.73218536376953,374.3751220703125,161.65391540527344,51.44842529296875
2025-03-14,212.18490600585938,194.76661682128906,40.20689010620117,197.9499969482422,52.73921585083008,176.873291015625,66.78046417236328,384.05157470703125,161.0594024658203,52.13868713378906
2025-03-17,212.6917724609375,194.76661682128906,40.20689010620117,195.74000549316406,52.73921585083008,176.873291015625,67.70744323730469,384.1899719238281,162.77578735351562,52.13868713378906
2025-03-18,211.38980102539062,195.65696716308594,40.70219039916992,192.82000732421875,53.97446060180664,177.5545196533203,66.9928970336914,379.070068359375,160.81011962890625,53.363643646240234
2025-03-19,213.9241943359375,194.12673950195312,41.391727447509766,195.5399932861328,53.55949401855469,178.3701171875,66.89634704589844,383.3201599121094,161.634765625,53.0622673034668
2025-03-20,212.7911834716797,199.2738800048828,42.22694396972656,194.9499969482422,52.46900177001953,178.3611602783203,67.3115463256836,382.35150146484375,160.65670776367188,53.363643646240234
2025-03-21,216.93568420410156,194.5996856689453,41.66366195678711,196.2100067138672,52.758514404296875,176.31761169433594,66.30732727050781,386.72027587890625,159.8321075439453,54.44278335571289
2025-03-24,219.38063049316406,197.98477172851562,41.88703155517578,203.25999450683594,52.768165588378906,173.79905700683594,66.57769012451172,388.5191650390625,158.83486938476562,54.530277252197266
2025-03-25,222.38217163085938,196.60292053222656,41.799625396728516,205.7100067138672,53.376136779785156,175.134521484375,66.44251251220703,390.57501220703125,156.15008544921875,54.79277038574219
2025-03-26,220.17575073242188,195.90737915039062,41.66366195678711,201.1300048828125,53.90690994262695,174.75807189941406,67.61087799072266,385.44525146484375,159.7266082763672,54.870540618896484
2025-03-27,222.48158264160156,196.45452880859375,42.411468505859375,201.36000061035156,53.877960205078125,180.9693603515625,68.30610656738281,386.04815673828125,161.7689971923828,56.8149299621582
2025-03-28,216.56793212890625,199.61703491210938,42.2755012512207,192.72000122070312,54.40872573852539,183.10250854492188,67.94883728027344,374.4048156738281,161.11695861816406,55.55107879638672
2025-03-31,220.7720947265625,198.457763671875,42.35319900512695,190.25999450683594,53.54984664916992,178.51351928710938,69.15583801269531,371.034423828125,163.4086151123047,54.99692916870117
2025-04-01,221.82559204101562,203.83676147460938,42.39204406738281,192.1699981689453,55.28690719604492,182.09866333007812,69.39723205566406,377.7554931640625,163.54286193847656,55.66773986816406
2025-04-02,222.5213165283203,201.46449279785156,43.402069091796875,196.00999450683594,56.92747116088867,183.34449768066406,68.87580871582031,377.7060852050781,162.52647399902344,56.16355895996094
2025-04-03,201.94784545898438,199.73489379882812,44.499507904052734,178.41000366210938,57.54509353637695,181.28305053710938,70.66214752197266,368.78082275390625,165.29757690429688,57.767677307128906
2025-04-04,187.22840881347656,186.38963317871094,42.741668701171875,171.0,54.32187271118164,177.7337646484375,67.52397918701172,355.664794921875,157.01304626464844,55.12331771850586
2025-04-07,180.3507080078125,190.7372283935547,41.003257751464844,175.25999450683594,53.42438888549805,171.41494750976562,66.01765441894531,353.7077941894531,153.63784790039062,55.08442687988281
2025-04-08,171.36595153808594,192.5802459716797,41.003257751464844,170.66000366210938,54.0323600769043,174.5071258544922,66.0659408569336,350.446044921875,151.87355041503906,54.578887939453125
2025-04-09,197.6343994140625,203.70445251464844,43.41178512573242,191.10000610351562,57.00467300415039,178.01161193847656,67.54328918457031,385.95916748046875,155.6418914794922,56.00801086425781
2025-04-10,189.25592041015625,196.53089904785156,40.3817024230957,181.22000122070312,55.76942443847656,177.0436248779297,68.3254165649414,376.92523193359375,156.83084106445312,54.64693832397461
2025-04-11,196.93865966796875,191.8619384765625,40.13890838623047,184.8699951171875,56.25194549560547,179.32916259765625,68.97237396240234,383.94287109375,160.04306030273438,54.24834060668945
2025-04-14,201.28196716308594,196.84278869628906,40.24573516845703,182.1199951171875,57.25558090209961,179.9834442138672,69.95726776123047,383.3102722167969,162.1717071533203,54.92887496948242
2025-04-15,200.90428161621094,197.57054138183594,39.85726547241211,179.58999633789062,57.168731689453125,183.90020751953125,69.38756561279297,381.25439453125,161.5388641357422,55.82329177856445
2025-04-16,193.08241271972656,200.5193634033203,40.24573516845703,174.3300018310547,58.027610778808594,185.75552368164062,69.2137680053711,367.2982177734375,159.54443359375,57.46630096435547
2025-04-17,195.77581787109375,200.5193634033203,40.24573516845703,172.61000061035156,58.027610778808594,185.75552368164062,70.48834228515625,363.5126953125,163.61000061035156,57.46630096435547
2025-04-21,191.97918701171875,203.84622192382812,41.32374572753906,167.32000732421875,60.32439041137695,185.36117553710938,70.2662582397461,354.95318603515625,159.9214324951172,59.23569107055664
2025-04-22,198.5189666748047,202.14498901367188,39.89611053466797,173.17999267578125,61.17362594604492,187.01034545898438,71.35738372802734,362.5638122558594,161.97654724121094,61.646724700927734
2025-04-23,203.34925842285156,200.85015869140625,41.2363395690918,180.60000610351562,64.17488861083984,186.3918914794922,70.77803039550781,370.0460205078125,159.90213012695312,60.207881927490234
2025-04-24,207.09619140625,197.43821716308594,42.33377456665039,186.5399932861328,65.14957427978516,189.37796020507812,70.02485656738281,382.80615234375,153.920166015625,60.8884162902832
2025-04-25,208.00064086914062,198.0242156982422,44.2761344909668,188.99000549316406,64.18453979492188,189.02212524414062,69.43585205078125,387.30340576171875,155.35775756835938,59.68289566040039
2025-04-28,208.85537719726562,193.7994842529297,44.83941650390625,187.6999969482422,65.03377532958984,189.0494842529297,69.31997680664062,386.62139892578125,156.15858459472656,60.75231170654297
2025-04-29,209.91885375976562,192.01316833496094,42.54743194580078,187.38999938964844,61.08677291870117,187.24293518066406,69.86070251464844,389.4679870605469,156.55416870117188,58.40932846069336
2025-04-30,211.20095825195312,195.19825744628906,42.702823638916016,184.4199981689453,57.58369064331055,188.1279754638672,70.0538330078125,390.6738586425781,156.85325622558594,60.402320861816406
2025-05-01,212.01596069335938,195.19825744628906,42.702823638916016,190.1999969482422,57.58369064331055,188.1279754638672,68.8371810913086,420.464111328125,154.3543243408203,60.402320861816406
2025-05-02,204.09466552734375,195.17935180664062,41.86760711669922,189.97999572753906,56.18439483642578,180.938232421875,69.18479919433594,430.2294921875,154.87535095214844,58.982913970947266
2025-05-05,197.67416381835938,196.88059997558594,42.693111419677734,186.35000610351562,56.319496154785156,180.7466583251953,69.23307037353516,431.1091613769531,153.24478149414062,59.537071228027344
2025-05-06,197.29644775390625,199.4986114501953,43.88766098022461,185.00999450683594,58.41361999511719,184.5605010986328,69.25238800048828,428.2823486328125,153.6499786376953,62.69668960571289
2025-05-07,195.05029296875,201.9843292236328,43.683712005615234,188.7100067138672,58.201316833496094,186.12069702148438,69.90898895263672,428.3218994140625,153.6885986328125,63.41612243652344
2025-05-08,196.28273010253906,197.42877197265625,42.93590545654297,192.0800018310547,57.75739669799805,181.31231689453125,68.7213134765625,433.0859680175781,153.07110595703125,61.24812698364258
2025-05-09,197.3163604736328,197.58944702148438,45.10163497924805,193.05999755859375,56.71516036987305,181.4309539794922,68.09367370605469,433.63946533203125,152.1159210205078,60.50926208496094
2025-05-12,209.77613830566406,198.9882354736328,44.781150817871094,208.63999938964844,56.2808952331543,179.3050537109375,67.13773345947266,444.04730224609375,155.24197387695312,61.5397834777832
2025-05-13,211.9058380126953,199.41355895996094,44.781150817871094,211.3699951171875,57.10566711425781,180.29043579101562,66.58734893798828,443.9286804199219,153.14830017089844,62.025882720947266
2025-05-14,211.3087158203125,195.3872833251953,45.169620513916016,210.25,56.5950927734375,181.7867889404297,66.78046417236328,447.6845397949219,152.4632568359375,63.07584762573242
2025-05-15,210.43296813964844,193.7994842529297,46.34475326538086,205.1699981689453,56.46744918823242,182.30685424804688,69.14617919921875,448.6946105957031,156.69888305664062,61.967552185058594
2025-05-16,210.24388122558594,195.62356567382812,47.15082931518555,205.58999633789062,56.4576301574707,183.86705017089844,69.52276611328125,449.82342529296875,157.53826904296875,62.35642623901367
2025-05-19,207.7758026123047,197.23028564453125,46.73322296142578,206.16000366210938,57.15475845336914,188.16445922851562,69.45516204833984,454.3783874511719,158.9759063720703,62.95918655395508
2025-05-20,205.86505126953125,197.305908203125,45.96599197387695,204.07000732421875,54.405517578125,189.30496215820312,69.22341918945312,453.6852722167969,159.81529235839844,63.67860794067383
2025-05-21,201.1179656982422,195.35891723632812,46.14080047607422,201.1199951171875,54.680442810058594,189.92539978027344,69.37791442871094,448.1401062011719,159.61265563964844,64.145263671875
2025-05-22,200.3914794921875,195.87876892089844,44.955963134765625,203.10000610351562,54.454612731933594,186.52212524414062,68.69235229492188,450.40765380859375,159.22674560546875,63.10502243041992
2025-05-23,194.33079528808594,200.8312530517578,45.39299392700195,200.99000549316406,54.984825134277344,187.14259338378906,69.30066680908203,445.7734680175781,160.02757263183594,63.756385803222656
2025-05-26,194.33079528808594,201.90872192382812,46.59725570678711,200.99000549316406,54.965187072753906,184.8433074951172,69.30066680908203,445.7734680175781,160.02757263183594,63.853607177734375
2025-05-27,199.2470245361328,201.2754669189453,47.12169647216797,206.02000427246094,54.46443176269531,188.21920776367188,69.31031799316406,456.1806335449219,161.86073303222656,63.72721862792969
2025-05-28,199.45602416992188,203.16574096679688,47.27708435058594,204.72000122070312,54.0913200378418,188.74839782714844,68.7020034790039,452.8832092285156,161.47482299804688,63.873043060302734
2025-05-29,198.98826599121094,201.3983154296875,47.82094955444336,205.6999969482422,54.16986846923828,189.0768585205078,69.0302963256836,454.1902770996094,162.6326141357422,63.97998809814453
2025-05-30,199.8839569091797,201.78582763671875,47.2285270690918,205.00999450683594,53.26654815673828,188.00022888183594,69.61930847167969,455.85382080078125,163.91586303710938,61.5883903503418
2025-06-02,200.7298583984375,201.3227081298828,48.54933547973633,206.64999389648438,51.4500846862793,186.604248046875,69.52276611328125,457.4480895996094,161.88003540039062,62.55086135864258
2025-06-03,202.29229736328125,198.260498046875,48.889244079589844,205.7100067138672,51.88210678100586,185.22653198242188,68.71166229248047,458.43829345703125,160.98275756835938,62.278648376464844
2025-06-04,201.84446716308594,194.99032592773438,49.1708869934082,207.22999572753906,51.057334899902344,183.40171813964844,68.91443634033203,459.3294677734375,160.11441040039062,62.59947204589844
2025-06-05,199.66502380371094,194.27203369140625,49.43310546875,207.91000366210938,51.263526916503906,184.45098876953125,68.47026062011719,463.1022033691406,157.07516479492188,63.464725494384766
2025-06-06,202.9391632080078,195.29122924804688,47.68497848510742,213.57000732421875,51.263526916503906,186.25753784179688,68.8951187133789,465.7757568359375,158.2522735595703,62.14254379272461
2025-06-09,200.48106384277344,195.42584228515625,48.03460693359375,216.97999572753906,50.0460090637207,181.9510040283203,69.30066680908203,468.12255859375,156.84359741210938,62.69668960571289
2025-06-10,201.69517517089844,194.58934020996094,48.34537887573242,217.61000061035156,50.69404602050781,183.26486206054688,69.86070251464844,466.3105163574219,157.11376953125,62.91057586669922
2025-06-11,197.8238983154297,196.3296661376953,49.08348083496094,213.1999969482422,50.00673294067383,183.6663360595703,69.59034729003906,467.99383544921875,156.409423828125,61.909217834472656
2025-06-12,198.2418670654297,193.94512939453125,48.68529510498047,213.24000549316406,50.79222869873047,182.4072265625,69.7544937133789,474.18267822265625,157.44178771972656,61.26757049560547
2025-06-13,195.50509643554688,193.7432098388672,49.26800537109375,212.10000610351562,50.752952575683594,182.9546661376953,69.06404113769531,470.3109130859375,154.643798828125,61.00507736206055
2025-06-16,197.46563720703125,192.36827087402344,49.32627487182617,216.10000610351562,50.595855712890625,180.49118041992188,68.57781982421875,474.45001220703125,155.22268676757812,59.76067352294922
2025-06-17,194.69898986816406,191.15676879882812,49.32627487182617,214.82000732421875,50.62531280517578,178.0550537109375,67.70260620117188,473.36077880859375,152.94569396972656,59.40095901489258
2025-06-18,195.6344757080078,190.29139709472656,49.70503616333008,212.52000427246094,50.38966369628906,176.50396728515625,67.30389404296875,475.5392150878906,152.4632568359375,60.178714752197266
2025-06-19,195.6344757080078,194.41627502441406,49.28742980957031,212.52000427246094,50.84132385253906,174.88900756835938,67.30389404296875,475.5392150878906,152.4632568359375,59.00236129760742
2025-06-20,200.03321838378906,199.2333984375,49.60791778564453,209.69000244140625,51.42062759399414,174.98028564453125,66.94408416748047,472.7270202636719,153.48597717285156,59.167633056640625
2025-06-23,200.5308380126953,192.32980346679688,49.66618728637695,208.47000122070312,51.27334976196289,175.76492309570312,67.81930541992188,481.24285888671875,155.36740112304688,59.30374526977539
2025-06-24,199.3365936279297,189.9067840576172,49.86042785644531,212.77000427246094,51.22425079345703,175.53683471679688,68.2763671875,485.3126220703125,154.72096252441406,61.218963623046875
2025-06-25,200.5905303955078,188.60877990722656,49.65647888183594,211.99000549316406,52.471229553222656,173.4383087158203,67.71232604980469,487.45147705078125,153.3798370361328,62.09393310546875
2025-06-26,200.03321838378906,191.0894775390625,49.66618728637695,217.1199951171875,52.58905792236328,175.19924926757812,67.55674743652344,492.5807800292969,153.0518035888672,61.8120002746582
2025-06-27,200.11282348632812,189.34912109375,49.462242126464844,223.3000030517578,52.04902648925781,175.43646240234375,68.39306640625,491.0855712890625,154.23854064941406,62.317535400390625
2025-06-30,204.18316650390625,191.1471405029297,49.627342224121094,219.38999938964844,51.39117431640625,176.1298828125,68.8014907836914,492.5411682128906,153.71754455566406,60.35371398925781
2025-07-01,206.8204345703125,189.60873413085938,49.6953239440918,220.4600067138672,51.234073638916016,176.78680419921875,69.6961441040039,487.2336120605469,155.55072021484375,60.946746826171875
2025-07-02,211.41819763183594,187.3588104248047,50.23918533325195,219.9199981689453,51.43044662475586,181.3214569091797,68.95708465576172,486.28302001953125,155.53143310546875,60.83008575439453
2025-07-03,212.5228729248047,189.11837768554688,48.85039520263672,223.41000366210938,51.361717224121094,181.9236297607422,69.38496398925781,493.9571838378906,155.17445373535156,59.5856819152832
2025-07-04,212.5228729248047,190.32025146484375,49.14175033569336,223.41000366210938,51.16534423828125,179.9619903564453,69.38496398925781,493.9571838378906,155.17445373535156,59.27457809448242
2025-07-07,208.94015502929688,185.5896453857422,48.41336441040039,223.47000122070312,50.0460090637207,179.8707275390625,69.05432891845703,492.84814453125,154.85604858398438,57.89406204223633
2025-07-08,208.99989318847656,181.18594360351562,47.58786392211914,219.36000061035156,50.448577880859375,177.54412841796875,68.30552673339844,491.7589111328125,152.3378143310547,57.06769943237305
2025-07-09,210.12445068359375,177.4360809326172,47.665557861328125,222.5399932861328,49.77108383178711,174.14085388183594,67.56646728515625,498.58148193359375,151.9808349609375,56.853816986083984
2025-07-10,211.38833618164062,178.12835693359375,46.54869842529297,222.25999450683594,49.74162673950195,172.3069305419922,67.84848022460938,496.57135009765625,152.91673278808594,57.15519714355469
2025-07-11,210.14434814453125,180.24368286132812,46.61668014526367,225.02000427246094,49.800540924072266,171.1299285888672,67.94572448730469,498.3932800292969,151.52737426757812,56.912147521972656
2025-07-14,207.61654663085938,181.90708923339844,46.14080047607422,225.69000244140625,49.66307830810547,168.6299591064453,67.55674743652344,498.09625244140625,148.35305786132812,56.046897888183594
2025-07-15,208.10421752929688,182.70513916015625,45.97570037841797,226.35000610351562,49.800540924072266,168.5843505859375,67.44976806640625,500.8688659667969,147.31103515625,55.901065826416016
2025-07-16,209.14918518066406,183.32049560546875,45.907718658447266,223.19000244140625,49.25069046020508,169.8708038330078,67.36225128173828,500.6708068847656,148.3240966796875,55.70663070678711
2025-07-17,209.0098419189453,187.1280517578125,46.42244338989258,223.8800048828125,49.839813232421875,175.30905151367188,68.6458969116211,506.6912841796875,150.14764404296875,51.8178596496582
2025-07-18,210.16424560546875,189.04144287109375,46.189361572265625,226.1300048828125,49.48634338378906,173.30789184570312,67.92626953125,505.05743408203125,150.66932678222656,52.0025749206543
2025-07-21,211.45799255371094,188.63763427734375,46.13108825683594,229.3000030517578,48.907039642333984,173.5778045654297,68.14020538330078,505.0673522949219,150.60130310058594,49.465152740478516
2025-07-22,213.36878967285156,185.85887145996094,46.40302276611328,227.47000122070312,48.524105072021484,170.68316650390625,67.74151611328125,500.32421875,153.79733276367188,50.1068000793457
2025-07-23,213.11997985839844,186.75306701660156,53.414947509765625,228.2899932861328,49.8201789855957,168.19801330566406,67.2552719116211,500.9183654785156,153.75845336914062,52.48867416381836
2025-07-24,212.73184204101562,186.52230834960938,52.346649169921875,232.22999572753906,49.09359359741211,168.98915100097656,67.19692993164062,505.8793640136719,154.27333068847656,53.40253448486328
2025-07-25,212.8512725830078,188.3780059814453,55.017398834228516,231.44000244140625,53.099632263183594,169.9757537841797,67.26499938964844,508.6816711425781,153.7779083251953,53.73308181762695
2025-07-28,213.0204620361328,190.97406005859375,55.1145133972168,232.7899932861328,54.48406982421875,160.81704711914062,66.2147445678711,507.48345947265625,152.6218719482422,54.04418182373047
2025-07-29,210.2538299560547,189.57989501953125,54.38612747192383,231.00999450683594,55.32847595214844,160.84498596191406,67.4692153930664,507.5527648925781,152.13616943359375,55.08442687988281
2025-07-30,208.0445098876953,187.07998657226562,54.86200714111328,230.19000244140625,54.58225631713867,157.52218627929688,66.8565673828125,508.2162170410156,148.51272583007812,55.298309326171875
2025-07-31,206.57164001464844,189.10874938964844,54.929988861083984,234.11000061035156,53.777122497558594,158.74148559570312,66.02024841308594,528.2778930664062,146.17156982421875,54.05390167236328
2025-08-01,201.40660095214844,188.7626190185547,53.68687438964844,214.75,53.836036682128906,156.43319702148438,66.96354675292969,518.979736328125,146.346435546875,53.80113220214844
2025-08-04,202.37191772460938,188.7818603515625,53.317832946777344,211.64999389648438,53.021080017089844,155.30694580078125,67.06078338623047,530.39697265625,146.45327758789062,52.45950698852539
2025-08-05,201.94398498535156,191.12791442871094,54.123905181884766,213.75,53.18799591064453,155.63272094726562,67.1483154296875,522.5842895507812,146.21041870117188,52.80949401855469
2025-08-06,212.2243194580078,191.0606231689453,54.191890716552734,222.30999755859375,53.44328308105469,152.73805236816406,67.59564208984375,519.8017578125,148.4932861328125,52.41089630126953
2025-08-07,218.9716796875,191.35867309570312,55.33788299560547,223.1300048828125,54.18950653076172,153.44544982910156,68.49030303955078,515.7417602539062,149.1053009033203,55.346920013427734
2025-08-08,228.2468719482422,189.64720153808594,55.095088958740234,222.69000244140625,53.87530517578125,150.40184020996094,68.40277862548828,516.9301147460938,149.12472534179688,54.68582534790039
2025-08-11,226.34388732910156,188.95492553710938,55.065956115722656,221.3000030517578,53.51201629638672,150.029541015625,68.8014907836914,516.6627807617188,150.552734375,54.598331451416016
2025-08-12,228.80479431152344,189.28182983398438,54.648345947265625,221.47000122070312,53.51201629638672,149.04293823242188,68.76258087158203,524.0595703125,150.6595916748047,54.62749481201172
2025-08-13,232.47125244140625,190.0798797607422,54.28901290893555,224.55999755859375,54.58225631713867,148.73577880859375,68.51947021484375,515.4843139648438,150.970458984375,55.02609634399414
2025-08-14,231.92327880859375,187.89724731445312,54.04621505737305,230.97999572753906,55.04373550415039,148.15869140625,67.63453674316406,517.3657836914062,149.34817504882812,54.510833740234375
2025-08-15,230.73764038085938,191.09906005859375,53.939388275146484,231.02999877929688,55.681949615478516,148.63339233398438,67.99434661865234,515.078369140625,149.950439453125,55.08442687988281
2025-08-18,230.0402374267578,190.57986450195312,54.58036422729492,231.49000549316406,55.52485275268555,149.15463256835938,67.22610473632812,512.0383911132812,151.2716064453125,54.45249938964844
2025-08-19,229.71144104003906,193.0413055419922,54.279296875,228.00999450683594,56.62454605102539,148.18663024902344,68.19856262207031,504.78021240234375,153.87503051757812,55.67746353149414
2025-08-20,225.1781768798828,189.99334716796875,53.900535583496094,223.80999755859375,56.850379943847656,150.69036865234375,68.75286102294922,500.76983642578125,154.95333862304688,55.89134979248047
2025-08-21,224.07228088378906,194.59893798828125,53.900535583496094,221.9499969482422,57.22349166870117,152.31918334960938,68.7139663696289,500.1251220703125,154.1956024169922,56.07606506347656
2025-08-22,226.92173767089844,193.47398376464844,53.65774154663086,228.83999633789062,57.33149719238281,154.07833862304688,68.19856262207031,503.0907287597656,154.13731384277344,55.774681091308594
2025-08-25,226.32395935058594,192.5989990234375,53.05561065673828,227.94000244140625,57.753700256347656,153.42681884765625,67.0316162109375,500.1449890136719,151.6893310546875,54.355281829833984
2025-08-26,228.46604919433594,187.32997131347656,52.36606979370117,228.7100067138672,57.05657196044922,151.22091674804688,66.83712768554688,497.943115234375,151.5144500732422,53.674747467041016
2025-08-27,229.64170837402344,189.30105590820312,54.25987243652344,229.1199951171875,57.29222106933594,151.1185302734375,66.93437194824219,502.6047058105469,152.47618103027344,54.121952056884766
2025-08-28,231.70408630371094,189.70489501953125,53.706302642822266,231.60000610351562,56.98784255981445,152.31918334960938,66.47731018066406,505.4810791015625,151.20359802246094,54.05390167236328
2025-08-29,231.28562927246094,183.3685760498047,52.32722473144531,229.0,57.02711868286133,150.69036865234375,67.08995819091797,502.5551452636719,152.5538787841797,54.209449768066406
2025-09-01,231.28562927246094,187.39727783203125,52.395206451416016,229.0,56.78165054321289,152.55189514160156,67.08995819091797,502.5551452636719,152.5538787841797,54.530277252197266
2025-09-02,228.8745574951172,185.09927368164062,53.1138801574707,225.33999633789062,58.34282302856445,150.9137420654297,67.15802764892578,500.9979553222656,153.47674560546875,55.278865814208984
2025-09-03,237.59234619140625,183.5320281982422,54.09477615356445,225.99000549316406,59.04977035522461,145.64564514160156,67.08995819091797,501.2261047363281,153.651611328125,54.38444519042969
2025-09-04,238.8975067138672,185.38772583007812,53.706302642822266,235.67999267578125,60.169105529785156,148.9312286376953,66.37034606933594,503.82470703125,154.64248657226562,54.744163513183594
2025-09-05,238.80784606933594,181.8974609375,53.900535583496094,232.3300018310547,62.23103713989258,148.65199279785156,66.08832550048828,490.96051025390625,155.44876098632812,55.41497039794922
2025-09-08,237.00450134277344,181.9936065673828,53.65774154663086,235.83999633789062,61.681190490722656,151.05335998535156,65.57292175292969,494.1344299316406,154.4676055908203,55.22053146362305
2025-09-09,233.4875030517578,176.0323028564453,54.221031188964844,238.24000549316406,61.907020568847656,151.01614379882812,65.99108123779297,494.3426818847656,154.90475463867188,54.83165740966797
2025-09-10,225.955322265625,174.99386596679688,54.764888763427734,230.3300018310547,61.308074951171875,150.45767211914062,65.95217895507812,496.2867126464844,152.8550262451172,54.69554901123047
2025-09-11,229.1833953857422,177.9745330810547,55.80405044555664,229.9499969482422,62.31940841674805,155.7164764404297,65.7576904296875,496.9215393066406,154.0984649658203,53.93724060058594
2025-09-12,233.2085418701172,179.762939453125,55.512699127197266,228.14999389648438,63.96895217895508,158.60183715820312,65.16449737548828,505.73895263671875,153.38931274414062,53.703914642333984
2025-09-15,235.82884216308594,182.2051544189453,55.78462600708008,231.42999267578125,63.83148956298828,161.1521453857422,64.88031768798828,511.15435791015625,152.3498992919922,55.28858947753906
2025-09-16,237.2735137939453,182.2051544189453,55.78462600708008,234.0500030517578,63.83148956298828,161.1521453857422,64.90971374511719,504.8859558105469,153.5350341796875,55.28858947753906
2025-09-17,238.1104278564453,179.52255249023438,56.65869140625,231.6199951171875,63.83148956298828,158.29470825195312,65.69364929199219,505.8579406738281,155.74990844726562,55.201087951660156
2025-09-18,237.00450134277344,179.36871337890625,56.78494644165039,231.22999572753906,63.870765686035156,158.62046813964844,65.12529754638672,504.3008117675781,152.82591247558594,55.08442687988281
2025-09-19,244.59645080566406,182.96473693847656,54.79402160644531,231.47999572753906,63.5958366394043,164.7635040283203,65.09589385986328,513.7034301757812,151.5824432373047,55.76496124267578
2025-09-22,255.1374969482422,181.92633056640625,56.11482620239258,227.6300048828125,63.54674530029297,165.7593994140625,64.88031768798828,510.2518615722656,148.69729614257812,54.64693832397461
2025-09-23,253.4936065673828,183.2628173828125,57.17341613769531,220.7100067138672,63.036170959472656,167.9373779296875,65.37026977539062,505.074462890625,148.14356994628906,55.22053146362305
2025-09-24,251.3813934326172,183.17628479003906,57.27053451538086,220.2100067138672,62.45686721801758,167.8722381591797,65.11549377441406,505.9869079589844,148.0658721923828,55.22053146362305
2025-09-25,255.92459106445312,180.65713500976562,59.02836990356445,218.14999389648438,63.08526611328125,166.82980346679688,64.65493774414062,502.8923645019531,147.8035888671875,54.53999710083008
2025-09-26,254.51980590820312,182.06092834472656,59.84416580200195,219.77999877929688,63.95913314819336,168.5889434814453,64.35115814208984,507.28619384765625,148.14356994628906,54.38444519042969
2025-09-29,253.4936065673828,182.07054138183594,58.21257781982422,222.1699981689453,63.72348403930664,169.9571533203125,64.71372985839844,510.4004821777344,149.1441650390625,54.73443603515625
2025-09-30,253.69287109375,184.94544982910156,59.12548828125,219.57000732421875,63.88058090209961,167.9560089111328,64.98809814453125,513.7232666015625,149.26072692871094,55.006656646728516
2025-10-01,254.5098419189453,183.955078125,57.83382034301758,220.6300048828125,63.0263557434082,163.246337890625,65.4388656616211,515.4689331054688,148.8041534423828,53.8497428894043
2025-10-02,256.1836853027344,182.8301239013672,57.8046875,222.41000366210938,63.93949890136719,165.39642333984375,64.77252197265625,511.53131103515625,147.70645141601562,54.32611846923828
2025-10-03,257.0704040527344,183.42626953125,56.70724868774414,219.50999450683594,63.30127716064453,163.74896240234375,65.31148529052734,513.1280517578125,147.920166015625,53.95668411254883
2025-10-06,255.7452850341797,181.8013153076172,56.085693359375,220.89999389648438,64.04750061035156,162.71583557128906,64.77252197265625,524.256591796875,146.11328125,53.110877990722656
2025-10-07,255.53607177734375,177.11878967285156,54.085060119628906,221.77999877929688,61.99538803100586,161.49652099609375,65.44866180419922,519.7039794921875,148.18243408203125,53.21781921386719
2025-10-08,257.1102600097656,175.9073028564453,54.7843132019043,225.22000122070312,59.88436508178711,163.75828552246094,64.79212188720703,520.56689453125,146.38528442382812,54.29695129394531
2025-10-09,253.1050262451172,173.16702270507812,53.80342102050781,227.74000549316406,61.01351547241211,162.98574829101562,65.03710174560547,518.1370239257812,146.2784423828125,55.094146728515625
2025-10-10,244.3673095703125,171.53244018554688,52.57002258300781,216.3699951171875,59.86472702026367,161.89674377441406,65.69364929199219,506.790283203125,145.4138641357422,54.763607025146484
2025-10-13,246.74851989746094,172.94586181640625,54.17296600341797,220.07000732421875,60.070919036865234,159.49539184570312,65.45846557617188,509.85504150390625,143.27670288085938,55.30803298950195
2025-10-14,246.8581085205078,170.0998077392578,53.123443603515625,216.38999938964844,60.43421173095703,158.62046813964844,66.15421295166016,509.3790283203125,144.8990020751953,56.48438262939453
2025-10-15,248.42233276367188,171.40745544433594,53.80023956298828,215.57000732421875,59.70762634277344,159.6722412109375,65.73284149169922,509.2401123046875,143.2086944580078,59.26485061645508
2025-10-16,246.53927612304688,175.26307678222656,53.555023193359375,214.47000122070312,61.55354309082031,167.6072235107422,66.23259735107422,507.4349670410156,145.326416015625,60.65509033203125
2025-10-17,251.36146545410156,172.45550537109375,53.172489166259766,213.0399932861328,61.023338317871094,168.1398468017578,67.06553649902344,509.3889465332031,147.0749969482422,60.08149719238281
2025-10-20,261.27484130859375,171.8978271484375,53.456939697265625,216.47999572753906,61.36698913574219,167.87353515625,67.06553649902344,512.5726928710938,147.6190185546875,60.0134391784668
2025-10-21,261.80291748046875,170.49403381347656,52.466270446777344,222.02999877929688,59.85490798950195,163.13693237304688,69.7896957397461,513.4356079101562,147.2886962890625,59.867618560791016
2025-10-22,257.4988098144531,172.10935974121094,52.976314544677734,217.9499969482422,60.62076950073242,168.64393615722656,69.38793182373047,516.2921752929688,147.85214233398438,60.52870178222656
2025-10-23,258.6246337890625,174.99386596679688,51.063636779785156,221.08999633789062,61.700828552246094,169.2812042236328,68.53541564941406,516.3119506835938,147.8618621826172,59.80928421020508
2025-10-24,261.85272216796875,170.67669677734375,50.71052551269531,224.2100067138672,60.53240203857422,167.35043334960938,68.31002044677734,519.3370361328125,149.1697540283203,59.30374526977539
2025-10-27,267.8206481933594,170.1863555908203,51.004783630371094,226.97000122070312,61.06260681152344,167.68331909179688,68.65299224853516,527.1825561523438,148.43609619140625,59.78011703491211
2025-10-28,268.00994873046875,172.8304901123047,50.95574188232422,229.25,64.73480987548828,166.2185821533203,68.75099182128906,537.6464233398438,148.0741424560547,60.71342468261719
2025-10-29,268.7073974609375,173.04202270507812,51.05382537841797,230.3000030517578,64.66607666015625,166.16151428222656,66.97733306884766,537.1306762695312,145.53074645996094,60.0134391784668
2025-10-30,270.401123046875,171.77281188964844,49.925838470458984,222.86000061035156,64.23405456542969,168.2920379638672,67.59469604492188,521.4695434570312,146.3231201171875,59.13847351074219
2025-10-31,269.37493896484375,172.85931396484375,50.42607498168945,244.22000122070312,62.99690246582031,166.4753875732422,67.51629638671875,513.5843505859375,147.09591674804688,59.78983688354492
2025-11-03,268.0597839355469,172.4458770751953,49.88660430908203,254.0,62.57469177246094,165.60986328125,66.60497283935547,512.810791015625,144.79708862304688,59.26485061645508
2025-11-04,269.046142578125,176.4391632080078,48.8567008972168,249.32000732421875,64.53843688964844,163.32716369628906,67.28111267089844,510.1328125,143.96559143066406,59.712059020996094
2025-11-05,269.14581298828125,177.70579528808594,50.023921966552734,250.1999969482422,64.45988464355469,166.25662231445312,67.1341323852539,503.02130126953125,142.61563110351562,60.41204071044922
2025-11-06,268.7771301269531,176.48751831054688,49.71985626220703,243.0399932861328,63.72348403930664,164.83946228027344,67.6730728149414,493.0434265136719,142.9482421875,60.363433837890625
2025-11-07,267.48193359375,178.99176025390625,49.3275146484375,244.41000366210938,64.2438735961914,168.1588897705078,69.1331558227539,492.76568603515625,143.77972412109375,60.8884162902832
2025-11-10,268.6985778808594,177.90884399414062,49.13134002685547,248.39999389648438,62.34886169433594,165.43865966796875,69.10375213623047,501.8707580566406,142.33193969726562,60.207881927490234
2025-11-11,274.5028076171875,183.98095703125,49.63157653808594,249.10000610351562,63.88058090209961,169.9755401611328,70.17186737060547,504.52886962890625,145.30575561523438,61.967552185058594
2025-11-12,272.7276611328125,179.9683380126953,48.92536163330078,244.1999969482422,61.52408981323242,167.06507873535156,70.07386779785156,506.9688720703125,144.78729248046875,60.61620330810547
2025-11-13,272.2090759277344,177.16433715820312,48.93516540527344,237.5800018310547,59.953094482421875,163.66958618164062,69.64270782470703,499.182861328125,144.73838806152344,59.68289566040039
2025-11-14,271.6705322265625,178.22792053222656,48.56243896484375,234.69000244140625,58.931949615478516,163.56494140625,69.73091125488281,506.0166320800781,144.45469665527344,60.334266662597656
2025-11-17,266.7339782714844,178.22792053222656,48.56243896484375,232.8699951171875,58.931949615478516,163.56494140625,69.26054382324219,503.3486022949219,142.64498901367188,60.334266662597656
2025-11-18,266.7139892578125,177.70579528808594,48.46435546875,222.5500030517578,58.961402893066406,164.50656127929688,69.7896957397461,489.76043701171875,143.7895050048828,60.66934585571289
2025-11-19,267.83099365234375,174.83412170410156,47.61100769042969,222.69000244140625,57.999168395996094,164.47802734375,69.6819076538086,483.14483642578125,143.7895050048828,60.689056396484375
2025-11-20,265.5272521972656,176.48751831054688,46.74784851074219,217.13999938964844,57.086029052734375,164.5446014404297,69.77989959716797,475.41387939453125,144.96337890625,60.659488677978516
2025-11-21,270.75299072265625,176.45851135253906,47.2971305847168,220.69000244140625,56.104156494140625,166.5895233154297,71.48495483398438,469.1436462402344,147.63394165039062,60.797462463378906
2025-11-24,275.1710205078125,175.24021911621094,47.86602783203125,226.27999877929688,57.93043899536133,164.89651489257812,71.1321792602539,471.0118103027344,143.77972412109375,60.55107879638672
2025-11-25,276.2181396484375,177.2900390625,48.493778228759766,229.6699981689453,58.067901611328125,164.19268798828125,71.15178680419922,473.9829406738281,145.2568359375,60.43281555175781
2025-11-26,276.79656982421875,176.3328094482422,49.03325653076172,229.16000366210938,56.65400695800781,164.89651489257812,71.4163589477539,482.4393310546875,145.02206420898438,60.797462463378906
2025-11-27,276.79656982421875,174.56336975097656,47.787559509277344,229.16000366210938,56.44781494140625,164.60166931152344,71.4163589477539,482.4393310546875,145.02206420898438,59.63453674316406
2025-11-28,278.0930480957031,180.60647583007812,48.98421096801758,233.22000122070312,56.87983703613281,168.339599609375,71.65155029296875,488.9082946777344,144.9340362548828,60.88616180419922
2025-12-01,282.33148193359375,180.61614990234375,48.72918701171875,233.8800048828125,56.77183151245117,167.1316680908203,71.00025177001953,483.6715087890625,144.22972106933594,60.27513122558594
2025-12-02,285.4131164550781,182.08584594726562,49.60215377807617,234.4199981689453,59.25596237182617,176.80459594726562,69.73715209960938,486.91094970703125,142.68411254882812,59.79222106933594
2025-12-03,283.378662109375,178.88540649414062,49.03325653076172,232.3800048828125,58.627567291259766,177.5940399169922,69.87529754638672,474.71832275390625,143.51560974121094,59.06292724609375
2025-12-04,279.93804931640625,181.37034606933594,49.925838470458984,229.11000061035156,57.773338317871094,176.07223510742188,69.52005004882812,477.8087158203125,142.19500732421875,58.087249755859375
2025-12-05,278.0232238769531,181.0899200439453,49.082298278808594,229.52999877929688,58.99086380004883,174.46482849121094,69.07598876953125,480.11407470703125,140.32659912109375,58.264644622802734
2025-12-08,277.1356506347656,182.54994201660156,49.61196517944336,226.88999938964844,58.24463653564453,175.6347198486328,69.32269287109375,487.92449951171875,135.32785034179688,58.136531829833984
2025-12-09,276.42755126953125,182.64662170410156,49.98468780517578,227.9199981689453,58.509742736816406,178.9351348876953,69.164794921875,488.918212890625,136.5897674560547,58.05768585205078
2025-12-10,278.0232238769531,181.49603271484375,49.857177734375,231.77999877929688,58.91231155395508,178.5832061767578,69.2832260131836,475.5430603027344,136.775634765625,57.74231719970703
2025-12-11,277.2752380371094,187.95489501953125,49.99449920654297,230.27999877929688,58.60792922973633,176.281494140625,68.19773864746094,480.422119140625,137.69515991210938,58.31392288208008
2025-12-12,277.52459716796875,187.95489501953125,49.99449920654297,226.19000244140625,58.60792922973633,176.281494140625,69.58912658691406,475.51324462890625,139.7298583984375,58.31392288208008
2025-12-15,273.3658752441406,186.2144775390625,50.102394104003906,222.5399932861328,57.694786071777344,175.82493591308594,70.03319549560547,471.8266296386719,141.97000122070312,57.900001525878906
2025-12-16,273.8645324707031,183.42982482910156,49.239234924316406,222.55999755859375,56.94856643676758,174.13194274902344,69.44110870361328,473.38677978515625,142.0482635498047,57.09000015258789
2025-12-17,271.1020812988281,183.13006591796875,50.220096588134766,221.27000427246094,56.71291732788086,171.3451385498047,69.73715209960938,473.1184387207031,144.59165954589844,55.7599983215332
2025-12-18,271.45111083984375,183.7005615234375,51.37751388549805,226.75999450683594,57.753700256347656,174.84530639648438,69.43123626708984,480.9289245605469,142.3515167236328,56.599998474121094
2025-12-19,272.9271545410156,188.54470825195312,52.162200927734375,227.35000610351562,58.61774826049805,172.73379516601562,69.13520050048828,482.8566589355469,141.31459045410156,56.7400016784668
2025-12-22,270.23443603515625,189.0668182373047,53.152870178222656,228.42999267578125,57.89116287231445,172.20115661621094,69.2832260131836,481.8630065917969,139.5831298828125,56.900001525878906
2025-12-23,271.62066650390625,190.75888061523438,53.868896484375,232.13999938964844,58.69629669189453,174.3602294921875,68.94770812988281,483.7807922363281,140.0624542236328,57.290000915527344
2025-12-24,273.06671142578125,190.78790283203125,54.61435317993164,232.3800048828125,59.00067901611328,175.5966796875,69.1845474243164,484.9433898925781,141.34396362304688,57.209999084472656
2025-12-26,272.6578369140625,191.3970489501953,55.144020080566406,232.52000427246094,59.12832260131836,175.7108154296875,68.94770812988281,484.6353454589844,141.5885009765625,57.189998626708984
2025-12-29,273.0168762207031,190.76856994628906,54.74186706542969,232.07000732421875,58.755210876464844,175.2637939453125,69.23388671875,484.02923583984375,141.4221954345703,57.02000045776367
2025-12-30,272.33868408203125,187.59715270996094,53.162681579589844,232.52999877929688,57.43950271606445,171.59243774414062,69.14506530761719,484.4068603515625,140.91351318359375,56.279998779296875
2025-12-31,271.12200927734375,188.06124877929688,53.005741119384766,230.82000732421875,57.93043899536133,173.1332550048828,68.9871826171875,480.5711669921875,140.18963623046875,56.0099983215332
2026-01-02,270.27435302734375,187.16204833984375,52.662437438964844,226.5,57.76352310180664,172.28675842285156,68.20761108398438,469.95849609375,138.70272827148438,56.15999984741211
2026-01-05,266.5345458984375,188.4866943359375,52.181819915771484,233.05999755859375,58.03844451904297,174.9879608154297,67.04318237304688,469.86907958984375,137.31365966796875,56.08000183105469
2026-01-06,261.64776611328125,184.7254638671875,52.015071868896484,240.92999267578125,56.6834602355957,172.7908477783203,66.94449615478516,475.493408203125,136.86367797851562,57.880001068115234
2026-01-07,259.6233215332031,186.4755401611328,52.61339569091797,241.55999755859375,57.40022659301758,171.953857421875,66.64846801757812,480.422119140625,135.0343780517578,58.04999923706055
2026-01-08,258.33685302734375,187.00733947753906,52.71148681640625,246.2899932861328,59.5996208190918,174.9594268798828,68.45431518554688,475.09588623046875,138.44837951660156,56.93000030517578
2026-01-09,258.6659240722656,188.7864227294922,53.2019157409668,247.3800048828125,61.278621673583984,174.17950439453125,69.57926177978516,476.2585144042969,138.78099060058594,57.400001525878906
2026-01-12,259.54351806640625,189.85000610351562,52.98612594604492,246.47000122070312,62.53541564941406,174.1224365234375,69.56939697265625,474.1717529296875,140.3363800048828,57.90999984741211
2026-01-13,260.34136962890625,182.74331665039062,52.68205642700195,242.60000610351562,60.021827697753906,174.5123748779297,70.29962921142578,467.70281982421875,141.09938049316406,57.72999954223633
2026-01-14,259.25433349609375,190.4591522216797,52.31913757324219,236.64999389648438,60.78768539428711,175.48252868652344,70.49698638916016,456.4839782714844,143.16346740722656,58.70000076293945
2026-01-15,257.5090637207031,191.98684692382812,52.142581939697266,238.17999267578125,61.28843688964844,173.2823028564453,69.5496597290039,453.7811279296875,141.48089599609375,59.09000015258789
2026-01-16,254.83636474609375,192.40261840820312,52.181819915771484,239.1199951171875,61.10188293457031,174.19451904296875,69.51018524169922,456.9609069824219,141.38307189941406,57.88999938964844
2026-01-19,254.83636474609375,196.27020263671875,52.51531219482422,239.1199951171875,61.36698913574219,175.83456420898438,69.51018524169922,456.9609069824219,141.38307189941406,58.38999938964844
2026-01-20,246.0303192138672,191.14564514160156,52.78014373779297,231.0,60.19856262207031,176.19363403320312,70.80289459228516,451.6546325683594,143.79930114746094,58.02000045776367
2026-01-21,246.97775268554688,193.02142333984375,52.544734954833984,231.30999755859375,59.78617477416992,175.91220092773438,71.05946350097656,441.31024169921875,142.8797607421875,57.5099983215332
2026-01-22,247.67584228515625,191.5227508544922,55.46770095825195,234.33999633789062,60.43421173095703,180.11422729492188,70.92131042480469,448.2959289550781,146.6654815673828,58.11000061035156
2026-01-23,247.36668395996094,192.51864624023438,54.90861129760742,239.16000366210938,60.58149337768555,180.41505432128906,71.91797637939453,463.0125732421875,147.92355346679688,57.970001220703125
2026-01-26,254.7166748046875,192.21890258789062,54.69282150268555,238.4199981689453,60.25747299194336,180.93910217285156,71.60220336914062,467.3152770996094,147.2733612060547,57.279998779296875
2026-01-27,257.56890869140625,192.51864624023438,54.6732063293457,244.67999267578125,59.285423278808594,179.0176239013672,72.57913208007812,477.55029296875,146.14039611816406,58.0
2026-01-28,255.74388122558594,193.2921600341797,54.91842269897461,243.00999450683594,59.206871032714844,179.74545288085938,72.09559631347656,478.5937194824219,145.1552276611328,57.7400016784668
2026-01-29,257.578857421875,192.38327026367188,53.29999923706055,241.72999572753906,58.90249252319336,177.21261596679688,72.4607162475586,430.7671203613281,147.67726135253906,55.849998474121094
2026-01-30,258.775634765625,190.3334503173828,52.28971481323242,239.3000030517578,59.63889694213867,176.9796905517578,73.82250213623047,427.577392578125,149.51954650878906,55.459999084472656
2026-02-02,269.2770690917969,190.3334503173828,52.28971481323242,242.9600067138672,59.63889694213867,176.9796905517578,74.33563995361328,420.70098876953125,150.91848754882812,55.459999084472656
2026-02-03,268.7485046386719,200.79527282714844,51.93660354614258,238.6199951171875,61.67137145996094,181.44374084472656,75.87504577636719,408.6176452636719,153.01690673828125,55.75
2026-02-04,275.73944091796875,197.9912872314453,52.73109817504883,232.99000549316406,61.93647766113281,179.16319274902344,76.32897186279297,411.578857421875,154.54391479492188,55.41999816894531
2026-02-05,275.1610107421875,198.2523193359375,52.37799072265625,222.69000244140625,62.05430221557617,181.73487854003906,77.47366333007812,391.188232421875,156.25811767578125,56.470001220703125
2026-02-06,277.36505126953125,199.63499450683594,53.29999923706055,210.32000732421875,66.27635192871094,185.30609130859375,77.98680114746094,398.61114501953125,156.80979919433594,58.5
2026-02-09,274.13079833984375,198.31036376953125,54.08469009399414,208.72000122070312,66.17816162109375,186.48033142089844,76.94078826904297,410.99261474609375,154.99710083007812,58.22999954223633
2026-02-10,273.19244384765625,198.27166748046875,54.820335388183594,206.9600067138672,66.33525848388672,188.37269592285156,75.79609680175781,410.6646728515625,156.7211456298828,57.470001220703125
2026-02-11,275.00921630859375,197.86557006835938,54.23181915283203,204.0800018310547,66.62000274658203,188.8288116455078,77.56246948242188,401.8207702636719,157.62750244140625,57.880001068115234
2026-02-12,261.2637634277344,200.14744567871094,54.08469009399414,199.60000610351562,65.16683959960938,188.5182647705078,77.95719146728516,399.30670166015625,158.81956481933594,57.880001068115234
2026-02-13,255.32435607910156,203.53158569335938,55.87966537475586,198.7899932861328,66.38435363769531,190.8473358154297,77.64141845703125,398.7900085449219,157.6964874267578,58.31999969482422
2026-02-16,255.32435607910156,202.75807189941406,55.359806060791016,198.7899932861328,66.39418029785156,191.66250610351562,77.64141845703125,398.7900085449219,157.6964874267578,58.09000015258789
2026-02-17,263.4099426269531,205.09796142578125,56.86052703857422,201.14999389648438,67.3367691040039,190.66293334960938,78.50979614257812,394.35809326171875,157.18417358398438,59.099998474121094
2026-02-18,263.8791198730469,201.5591278076172,57.43923568725586,204.7899932861328,65.27484130859375,187.9942169189453,78.44071960449219,397.08087158203125,154.53407287597656,57.709999084472656
2026-02-19,260.11578369140625,203.13514709472656,60.06794357299805,204.86000061035156,64.09659576416016,187.87777709960938,77.86837768554688,396.8517761230469,156.20884704589844,57.79999923706055
2026-02-20,264.1086730957031,203.75396728515625,59.9992790222168,210.11000061035156,62.84961700439453,188.6444091796875,78.78610229492188,395.6267395019531,158.39593505859375,57.95000076293945
2026-02-23,265.705810546875,199.6060028076172,59.68540573120117,205.27000427246094,62.16230773925781,186.84909057617188,79.49659729003906,382.918212890625,162.72085571289062,57.33000183105469
2026-02-24,271.6552429199219,198.93882751464844,59.96985626220703,208.55999755859375,61.691009521484375,185.9757080078125,79.65449523925781,387.4299621582031,162.8292236328125,58.099998474121094
2026-02-25,273.74151611328125,198.5037384033203,58.67512130737305,210.63999938964844,61.66155242919922,187.74191284179688,79.40779113769531,398.9831237792969,160.9672393798828,56.709999084472656
2026-02-26,272.4637756347656,203.9280242919922,59.312679290771484,207.9199981689453,62.790706634521484,188.70263671875,79.43739318847656,400.0986022949219,161.3218994140625,56.369998931884766
2026-02-27,263.70941162109375,201.0176544189453,59.66579055786133,210.0,61.46517562866211,187.90689086914062,80.48339080810547,391.15484619140625,164.72073364257812,55.900001525878906
2026-03-02,264.2484130859375,199.12254333496094,58.8516731262207,208.38999938964844,60.944786071777344,189.00347900390625,79.16108703613281,396.9413757324219,161.08546447753906,56.15999984741211
2026-03-03,263.2801818847656,195.4290008544922,57.45885467529297,208.72999572753906,60.365482330322266,188.0330352783203,78.2927017211914,402.2996826171875,157.35165405273438,55.68000030517578
2026-03-04,262.0523376464844,200.13778686523438,58.11602783203125,216.82000732421875,63.3209114074707,190.71145629882812,77.06907653808594,403.5645751953125,155.95272827148438,56.790000915527344
2026-03-05,259.8263244628906,198.5714111328125,57.59617233276367,218.94000244140625,62.04447937011719,186.81027221679688,76.01319122314453,409.0224304199219,151.70663452148438,56.29999923706055
2026-03-06,257.0013427734375,200.15711975097656,55.761959075927734,213.2100067138672,60.188743591308594,189.2946014404297,76.02306365966797,407.30938720703125,151.3519744873047,55.689998626708984
2026-03-09,259.41705322265625,197.18875122070312,55.399044036865234,213.49000549316406,60.32620620727539,187.0723114013672,76.77303314208984,407.757568359375,152.9183807373047,55.630001068115234
2026-03-10,260.3653564453125,193.02142333984375,55.83061981201172,214.3300018310547,59.57998275756836,185.7718963623047,76.85197448730469,404.122314453125,153.69667053222656,55.33000183105469
2026-03-11,260.34539794921875,197.03404235839844,56.44856262207031,212.64999389648438,59.77635955810547,187.19845581054688,76.60527801513672,403.245849609375,151.04656982421875,56.61000061035156
2026-03-12,255.3043975830078,191.93850708007812,55.75215530395508,209.52999877929688,58.627567291259766,186.00482177734375,76.58554077148438,400.238037109375,148.26837158203125,56.119998931884766
2026-03-13,249.6744384765625,190.22711181640625,55.27153015136719,207.6699981689453,58.450828552246094,184.7238311767578,76.8438720703125,393.9534912109375,148.41615295410156,57.11000061035156
2026-03-16,252.36964416503906,190.22711181640625,55.27153015136719,211.74000549316406,58.450828552246094,184.7238311767578,77.32079315185547,398.33575439453125,149.86434936523438,57.11000061035156
2026-03-17,253.77711486816406,191.21331787109375,57.086124420166016,215.1999969482422,57.999168395996094,183.07406616210938,77.08233642578125,397.79791259765625,149.2338409423828,57.529998779296875
2026-03-18,249.49476623535156,191.60975646972656,57.41961669921875,209.8699951171875,57.115482330322266,182.56944274902344,75.48265838623047,390.2087097167969,144.53457641601562,55.939998626708984
2026-03-19,248.5165252685547,190.52684020996094,57.86100769042969,208.75999450683594,57.57696533203125,182.2297821044922,75.06536102294922,387.4498596191406,142.69229125976562,56.66999816894531
2026-03-20,247.54823303222656,185.10255432128906,59.606937408447266,205.3699951171875,56.47726821899414,176.6303253173828,74.2704849243164,380.3287353515625,142.14060974121094,55.869998931884766
2026-03-23,251.04200744628906,184.07765197753906,55.91889953613281,210.13999938964844,56.15324783325195,177.7269287109375,74.62818145751953,381.4541931152344,141.85491943359375,56.02000045776367
2026-03-24,251.1917266845703,188.26429748535156,56.85071563720703,207.24000549316406,56.89947509765625,183.29727172851562,74.19100189208984,371.2355651855469,141.03721618652344,56.150001525878906
2026-03-25,252.16998291015625,194.6941680908203,57.82176971435547,211.7100067138672,58.37228012084961,187.8971710205078,74.76728057861328,369.5424499511719,141.78594970703125,57.7400016784668
2026-03-26,252.43951416015625,192.66366577148438,57.65502166748047,207.5399932861328,57.59660339355469,186.033935546875,74.21087646484375,364.492919921875,140.30819702148438,57.38999938964844
2026-03-27,248.35679626464844,193.5048828125,56.703590393066406,199.33999633789062,57.50823211669922,189.1102294921875,75.22432708740234,355.33001708984375,140.59390258789062,58.02000045776367
2026-03-30,246.19065856933594,197.4401397705078,56.30143737792969,200.9499969482422,58.853397369384766,190.04185485839844,75.78073120117188,357.51116943359375,142.57408142089844,57.97999954223633
2026-03-31,253.33790588378906,199.6156463623047,56.81148147583008,208.27000427246094,58.94176483154297,192.76881408691406,75.56214904785156,368.67596435546875,142.29823303222656,58.439998626708984
2026-04-01,255.1746368408203,202.20693969726562,56.66435623168945,210.57000732421875,58.03844451904297,195.78688049316406,75.59195709228516,367.8791809082031,141.95343017578125,58.9900016784668
2026-04-02,255.464111328125,202.20693969726562,56.66435623168945,209.77000427246094,58.03844451904297,195.78688049316406,76.22785186767578,371.9526672363281,140.997802734375,58.9900016784668
2026-04-06,258.39886474609375,201.31741333007812,56.360286712646484,212.7899932861328,57.23331069946289,196.175048828125,76.72463989257812,371.375,140.6529998779297,58.5
2026-04-07,253.0484161376953,201.929443359375,56.30143737792969,213.77000427246094,57.645694732666016,197.3686981201172,75.42304992675781,370.78741455078125,139.2047882080078,57.900001525878906
2026-04-08,258.4388122558594,206.83578491210938,56.30143737792969,221.25,58.411556243896484,195.37928771972656,76.79419708251953,372.81915283203125,142.75140380859375,59.099998474121094
2026-04-09,260.0259704589844,209.77760314941406,54.85956954956055,233.64999389648438,56.7325553894043,193.9236297607422,77.67848205566406,371.56427001953125,144.48532104492188,58.59000015258789
2026-04-10,260.0159912109375,210.97210693359375,54.40837478637695,238.3800048828125,56.94856643676758,195.82569885253906,76.97303771972656,369.3731384277344,143.007568359375,57.790000915527344
2026-04-13,258.73828125,210.07376098632812,53.604068756103516,239.88999938964844,56.339805603027344,196.82525634765625,75.91984558105469,382.8186340332031,141.4509735107422,58.439998626708984
2026-04-14,258.3689270019531,205.1674346923828,53.162681579589844,249.02000427246094,56.26125717163086,192.6717529296875,75.4131088256836,391.5233459472656,142.2391357421875,57.380001068115234
2026-04-15,265.95538330078125,203.36087036132812,52.593780517578125,248.5,56.8209228515625,196.5341339111328,74.82688903808594,409.5602722167969,141.2539520263672,57.31999969482422
2026-04-16,262.9307861328125,201.71226501464844,51.83851623535156,249.6999969482422,56.35944366455078,196.05859375,74.6977310180664,418.56378173828125,140.9879608154297,56.7400016784668
2026-04-17,269.7486267089844,201.58392333984375,51.25980758666992,250.55999755859375,56.408538818359375,197.10667419433594,75.25413513183594,421.0835876464844,144.75131225585938,56.22999954223633
2026-04-20,272.5635681152344,205.1378173828125,52.28971481323242,248.27999877929688,56.49690628051758,196.79612731933594,74.99580383300781,416.38262939453125,142.34750366210938,55.650001525878906
2026-04-21,265.69586181640625,200.12289428710938,50.12200927734375,249.91000366210938,55.49539566040039,194.23416137695312,74.2208023071289,422.44805908203125,140.20968627929688,55.369998931884766
2026-04-22,272.68341064453125,200.12289428710938,50.12200927734375,255.36000061035156,55.49539566040039,194.23416137695312,74.15125274658203,431.1726989746094,140.7318115234375,55.369998931884766
2026-04-23,272.9429016113281,210.70555114746094,50.36722183227539,255.0800018310547,53.14872360229492,195.38107299804688,75.7906723022461,414.07196044921875,143.54940795898438,54.13999938964844
2026-04-24,270.5771179199219,215.6612548828125,51.52463912963867,263.989990234375,53.70838928222656,194.62167358398438,76.138427734375,422.90618896484375,147.08203125,54.29999923706055
2026-04-27,267.1332702636719,213.39071655273438,50.916507720947266,261.1199951171875,52.62833023071289,193.8031005859375,74.95606231689453,423.1053771972656,147.30039978027344,53.540000915527344
2026-04-28,270.2277526855469,209.0668182373047,50.39665222167969,259.70001220703125,52.697059631347656,194.8780975341797,77.8473892211914,427.5174865722656,148.064697265625,53.279998779296875
2026-04-29,269.688720703125,205.3352508544922,49.504066467285156,263.0400085449219,53.472740173339844,193.5861358642578,78.36405944824219,422.7467956542969,145.37478637695312,55.400001525878906
2026-04-30,270.86663818359375,207.2997589111328,50.52416229248047,265.05999755859375,58.303550720214844,203.4878387451172,78.25476837158203,406.1341552734375,146.00010681152344,55.22999954223633
2026-05-01,279.6409912109375,207.2997589111328,50.52416229248047,268.260009765625,58.303550720214844,203.4878387451172,78.07592010498047,412.76727294921875,146.16883850097656,55.22999954223633
2026-05-04,276.3368225097656,207.06283569335938,50.023921966552734,272.04998779296875,57.4296875,205.34194946289062,77.68842315673828,411.9505615234375,142.3572998046875,53.9900016784668
2026-05-05,283.67376708984375,210.78453063964844,51.25,273.54998779296875,57.63587951660156,207.66944885253906,77.9765625,409.7196350097656,143.82632446289062,55.5
2026-05-06,286.99786376953125,215.8586883544922,52.5,274.989990234375,58.38209915161133,207.4524688720703,78.72174835205078,412.2891845703125,146.80410766601562,55.81999969482422
2026-05-07,286.927978515625,216.22393798828125,53.400001525878906,271.1700134277344,59.157779693603516,203.78372192382812,77.9268798828125,419.07171630859375,144.9777374267578,56.83000183105469
2026-05-08,292.7974853515625,219.16575622558594,53.38999938964844,272.67999267578125,57.43950271606445,205.450439453125,77.91693878173828,413.44451904296875,145.33506774902344,56.86000061035156
2026-05-11,292.42779541015625,217.12228393554688,53.66999816894531,268.989990234375,58.224998474121094,208.517578125,78.15541076660156,410.99444580078125,142.29774475097656,57.400001525878906
2026-05-12,294.54595947265625,213.5486602783203,52.86000061035156,265.82000732421875,58.95000076293945,212.028564453125,79.51661682128906,406.1241760253906,142.8436737060547,55.619998931884766
2026-05-13,298.6124572753906,215.7007293701172,53.15999984741211,270.1300048828125,58.34000015258789,208.60635375976562,79.7451400756836,403.57452392578125,141.18605041503906,55.529998779296875
2026-05-14,297.9530334472656,211.7421112060547,52.16999816894531,267.2200012207031,59.040000915527344,207.30453491210938,79.93392181396484,407.7774963378906,141.65257263183594,54.5
2026-05-15,299.9713134765625,213.23275756835938,52.16999816894531,264.1400146484375,59.189998626708984,207.49191284179688,80.30155181884766,420.2170715332031,140.52101135253906,54.81999969482422
2026-05-18,297.5833435058594,216.30291748046875,50.91999816894531,264.8599853515625,58.0,208.1724090576172,80.67910766601562,421.83056640625,141.33493041992188,55.959999084472656
2026-05-19,298.7123718261719,215.8389434814453,50.630001068115234,259.3399963378906,59.88999938964844,209.03042602539062,81.39449310302734,415.7352600097656,140.2530059814453,55.5
2026-05-20,301.98956298828125,218.0403594970703,52.36000061035156,265.010009765625,59.939998626708984,206.7522430419922,81.02687072753906,419.36053466796875,141.3845672607422,55.59000015258789
2026-05-21,304.7271728515625,218.41549682617188,51.810001373291016,268.4599914550781,58.040000915527344,207.196044921875,80.64929962158203,418.3025207519531,142.3374481201172,55.15999984741211
2026-05-22,308.55389404296875,218.33651733398438,51.63999938964844,266.32000732421875,58.220001220703125,207.0382537841797,80.95732116699219,417.7835388183594,143.3697509765625,55.529998779296875
2026-05-25,308.55389404296875,219.61000061035156,51.349998474121094,266.32000732421875,57.810001373291016,207.84695434570312,80.95732116699219,417.7835388183594,143.3697509765625,55.2599983215332
2026-05-26,308.0643005371094,223.01580810546875,51.560001373291016,265.2900085449219,58.7400016784668,208.18226623535156,79.94385528564453,415.248291015625,141.9007110595703,54.47999954223633
2026-05-27,310.5821533203125,227.1323699951172,52.959999084472656,271.8500061035156,59.5,210.14486694335938,81.09642028808594,411.8946228027344,146.39715576171875,54.75
2026-05-28,312.24072265625,222.32476806640625,53.029998779296875,274.0,58.869998931884766,206.33802795410156,79.89418029785156,426.18768310546875,144.828857421875,52.599998474121094
2026-05-29,311.7911071777344,222.1075897216797,53.189998626708984,270.6400146484375,59.689998626708984,203.7738494873047,78.50315856933594,449.3940124511719,142.4962615966797,52.47999954223633
2026-06-01,306.0460510253906,219.392822265625,52.290000915527344,261.260009765625,57.5,201.19979858398438,78.13553619384766,459.6546936035156,139.24057006835938,52.13999938964844
2026-06-02,314.92840576171875,220.1035919189453,53.529998779296875,256.5199890136719,57.9900016784668,204.5924072265625,77.90701293945312,440.48077392578125,139.77658081054688,51.83000183105469
2026-06-03,309.9926452636719,217.1815185546875,52.47999954223633,250.02000427246094,58.290000915527344,209.05015563964844,78.25476837158203,426.53704833984375,139.1512451171875,52.04999923706055
2026-06-04,310.9618225097656,215.03932189941406,51.119998931884766,253.7899932861328,57.13999938964844,208.67538452148438,76.32720947265625,427.2456970214844,139.7368621826172,51.56999969482422
2026-06-05,307.0751647949219,212.76878356933594,49.279998779296875,246.02999877929688,55.779998779296875,211.15081787109375,78.97014617919922,415.8870849609375,145.4541778564453,51.11000061035156
2026-06-08,301.2801818847656,212.3245391845703,49.5099983215332,245.22000122070312,56.0,209.937744140625,79.0297622680664,410.9663391113281,144.0248565673828,51.439998626708984
2026-06-09,290.29962158203125,208.17835998535156,48.220001220703125,244.19000244140625,55.650001525878906,209.62216186523438,80.81820678710938,402.6520080566406,147.5684051513672,50.58000183105469
2026-06-10,291.3287353515625,206.6876983642578,48.150001525878906,238.0,56.779998779296875,212.6104278564453,83.05377197265625,396.61334228515625,147.94558715820312,50.119998931884766
2026-06-11,295.375244140625,207.45770263671875,48.279998779296875,241.50999450683594,58.33000183105469,218.4291534423828,82.00057983398438,389.6065673828125,147.2408447265625,51.709999084472656
2026-06-12,290.879150390625,207.7242431640625,48.290000915527344,238.5500030517578,58.2400016784668,219.66192626953125,82.09000396728516,390.00579833984375,148.50143432617188,52.150001525878906
2026-06-15,296.1645812988281,209.6788787841797,46.459999084472656,246.02000427246094,58.25,214.4842529296875,80.91000366210938,399.0088806152344,149.3451385498047,52.689998626708984
2026-06-16,298.9821472167969,212.53184509277344,46.90999984741211,246.0,58.0,216.24960327148438,80.27999877929688,393.0899963378906,151.360107421875,52.220001220703125
2026-06-17,295.6949768066406,211.7618408203125,48.130001068115234,237.5,57.880001068115234,214.35604858398438,79.93000030517578,378.1980285644531,149.44439697265625,51.7599983215332
2026-06-18,297.7532043457031,207.89205932617188,46.630001068115234,244.38999938964844,57.15999984741211,216.38766479492188,79.38999938964844,378.6871032714844,149.26573181152344,50.31999969482422
2026-06-19,297.7532043457031,205.65115356445312,46.86000061035156,244.38999938964844,58.91999816894531,214.4053497314453,79.38999938964844,378.6871032714844,149.26573181152344,50.959999084472656
2026-06-22,296.75408935546875,203.64715576171875,46.11000061035156,232.7899932861328,56.20000076293945,214.20811462402344,79.52999877929688,366.6497802734375,146.58572387695312,50.459999084472656
2026-06-23,294.04638671875,207.63540649414062,46.400001525878906,234.11000061035156,56.02000045776367,220.21421813964844,80.30999755859375,373.23736572265625,149.74217224121094,50.68000030517578
2026-06-24,292.8274230957031,208.53375244140625,44.880001068115234,234.27000427246094,55.209999084472656,213.29092407226562,80.5999984741211,364.7733154296875,150.91342163085938,51.47999954223633
2026-06-25,274.91290283203125,208.55348205566406,44.33000183105469,227.00999450683594,56.380001068115234,216.31863403320312,80.41999816894531,352.1670227050781,147.399658203125,51.119998931884766
2026-06-26,283.53546142578125,209.0668182373047,44.369998931884766,232.69000244140625,57.09000015258789,222.09791564941406,82.62999725341797,372.2691955566406,147.9158172607422,50.86000061035156
2026-06-29,281.4972229003906,208.12899780273438,44.630001068115234,240.13999938964844,57.0,225.77651977539062,82.6500015258789,367.8774719238281,147.3500213623047,51.099998474121094
2026-06-30,289.11065673828125,206.44090270996094,45.79999923706055,238.33999633789062,57.099998474121094,220.42132568359375,81.2699966430664,372.319091796875,145.55343627929688,51.2599983215332
2026-07-01,294.1263427734375,205.85845947265625,45.06999969482422,241.6999969482422,56.220001220703125,221.348388671875,81.29000091552734,383.5579528808594,146.33758544921875,51.02000045776367
2026-07-02,308.3640441894531,205.1674346923828,45.41999816894531,242.6699981689453,56.599998474121094,222.36419677734375,84.13999938964844,389.7562561035156,150.28810119628906,49.959999084472656
2026-07-03,308.3640441894531,204.1901092529297,45.20000076293945,242.6699981689453,56.529998779296875,222.38392639160156,84.13999938964844,389.7562561035156,150.28810119628906,50.18000030517578
2026-07-06,312.3905944824219,203.11407470703125,44.779998779296875,244.16000366210938,57.150001525878906,223.18276977539062,82.95999908447266,386.0133056640625,148.2036590576172,49.060001373291016
2026-07-07,310.3923034667969,205.1279296875,44.470001220703125,245.97999572753906,56.70000076293945,223.76463317871094,84.05000305175781,388.109375,151.6181640625,49.939998626708984
2026-07-08,313.1199645996094,203.4793243408203,44.65999984741211,243.6199951171875,57.029998779296875,221.6146697998047,83.4000015258789,382.6197204589844,147.30039978027344,49.779998779296875
2026-07-09,315.947509765625,199.86622619628906,44.77000045776367,247.0399932861328,56.099998474121094,219.66192626953125,82.62999725341797,383.6377868652344,145.7618865966797,49.060001373291016
2026-07-10,315.0483093261719,195.36463928222656,44.5,245.33999633789062,56.060001373291016,220.12545776367188,83.48999786376953,384.37640380859375,145.95046997070312,49.310001373291016
2026-07-13,317.03656005859375,195.22642517089844,43.880001068115234,247.30999755859375,55.970001220703125,222.25570678710938,84.25,390.2553405761719,147.27061462402344,49.65999984741211
2026-07-14,314.58868408203125,194.75257873535156,42.79999923706055,247.49000549316406,56.54999923706055,229.31707763671875,83.08000183105469,384.20672607421875,144.99758911132812,49.31999969482422
2026-07-15,327.2178039550781,194.17015075683594,41.84000015258789,254.9600067138672,57.5,223.27000427246094,82.44999694824219,394.8866271972656,146.9530029296875,49.61000061035156
2026-07-16,332.97283935546875,194.20962524414062,41.779998779296875,249.88999938964844,58.25,225.1999969482422,84.91999816894531,400.3463439941406,150.37742614746094,49.59000015258789
2026-07-17,333.452392578125,197.91159057617188,41.209999084472656,247.22999572753906,58.0,225.67999267578125,81.55999755859375,393.08001708984375,148.86868286132812,49.52000045776367
2026-07-20,326.3085632324219,198.89877319335938,41.22999954223633,249.99000549316406,59.310001373291016,226.85000610351562,82.12000274658203,401.53411865234375,148.02499389648438,49.380001068115234
2026-07-21,327.45758056640625,201.64315795898438,40.189998626708984,247.5500030517578,59.38999938964844,226.99000549316406,81.97000122070312,397.00262451171875,147.00262451171875,49.150001525878906
2026-07-22,325.60919189453125,202.99562072753906,40.06999969482422,244.85000610351562,60.29999923706055,227.97999572753906,82.19999694824219,389.6065673828125,148.02499389648438,48.650001525878906
2026-07-23,321.3828430175781,194.14053344726562,40.0,233.66000366210938,59.08000183105469,222.30999755859375,81.16999816894531,380.8630065917969,145.88099670410156,47.27000045776367
2026-07-24,332.7330322265625,196.07540893554688,40.65999984741211,232.11000061035156,58.2599983215332,221.9199981689453,82.25,380.9828186035156,147.41000366210938,48.0
2026-07-27,336.61968994140625,196.45054626464844,41.0,231.38999938964844,59.2400016784668,230.1699981689453,84.06999969482422,388.368896484375,148.6300048828125,48.52000045776367
2026-07-28,339.78692626953125,195.6805419921875,41.70000076293945,230.86000061035156,59.5,222.1699981689453,88.2699966430664,392.61090087890625,148.8800048828125,48.7400016784668
2026-07-29,337.8985900878906,195.26593017578125,41.959999084472656,226.64999389648438,59.959999084472656,211.25999450683594,89.08000183105469,389.8061828613281,146.10000610351562,49.540000915527344
2026-07-30,333.1426696777344,196.55914306640625,42.40999984741211,235.5,60.83000183105469,219.6999969482422,88.48999786376953,450.2524108886719,143.9600067138672,50.34000015258789
2026-07-31,308.6438293457031,195.28567504882812,42.15999984741211,271.5799865722656,62.08000183105469,221.9499969482422,87.58999633789062,463.8468017578125,144.49000549316406,50.36000061035156
2026-08-03,303.1585693359375,192.63999938964844,41.720001220703125,284.0199890136719,61.15999984741211,217.80999755859375,86.86000061035156,486.73370361328125,144.97000122070312,49.939998626708984
2026-08-04,309.1134033203125,194.3000030517578,41.0099983215332,277.4200134277344,61.06999969482422,218.19000244140625,86.55999755859375,491.884033203125,148.00999450683594,50.130001068115234
2026-08-05,310.7320251464844,193.6999969482422,41.33000183105469,272.6499938964844,61.369998931884766,214.58999633789062,86.83000183105469,486.5440673828125,146.8000030517578,48.650001525878906
2026-08-06,312.14080810546875,194.63999938964844,41.79999923706055,272.260009765625,60.63999938964844,210.07000732421875,86.8499984741211,498.9207458496094,146.97000122070312,49.0099983215332
2026-08-07,313.05999755859375,197.94000244140625,41.7599983215332,274.4800109863281,61.209999084472656,209.33999633789062,87.05000305175781,499.0505065917969,145.7899932861328,49.599998474121094
2026-08-10,308.260009765625,195.7899932861328,41.689998626708984,278.0899963378906,61.52000045776367,205.60000610351562,86.87000274658203,505.109130859375,146.44000244140625,48.29999923706055
2026-08-11,304.9100036621094,193.5800018310547,41.400001525878906,272.2699890136719,61.63999938964844,201.7100067138672,86.4800033569336,502.86334228515625,145.2100067138672,48.560001373291016
2026-08-12,302.25,193.74000549316406,41.599998474121094,267.2799987792969,60.84000015258789,200.41000366210938,86.70999908447266,491.5047302246094,144.0800018310547,48.02000045776367
2026-08-13,305.260009765625,193.3699951171875,40.5099983215332,265.1300048828125,61.04999923706055,198.27999877929688,87.41999816894531,495.9463806152344,144.25999450683594,47.119998931884766
2026-08-14,305.92999267578125,192.3699951171875,40.220001220703125,262.6499938964844,60.380001068115234,201.17999267578125,87.70999908447266,494.4691467285156,144.5500030517578,47.40999984741211
2026-08-17,305.5899963378906,190.57000732421875,40.61000061035156,261.30999755859375,58.38999938964844,199.75,86.9800033569336,479.44744873046875,143.1199951171875,46.97999954223633
2026-08-18,310.0299987792969,190.7100067138672,40.15999984741211,259.45001220703125,59.119998931884766,200.41000366210938,88.81999969482422,480.72503662109375,143.4499969482422,47.13999938964844
2026-08-19,316.8299865722656,189.0500030517578,40.29999923706055,265.8399963378906,58.900001525878906,201.33999633789062,90.3499984741211,483.3999938964844,144.3800048828125,46.970001220703125
2026-08-20,311.29998779296875,189.75999450683594,39.79999923706055,260.1099853515625,58.58000183105469,201.00999450683594,90.5,481.1499938964844,142.97000122070312,47.59000015258789
2026-08-21,309.3500061035156,192.8000030517578,40.2599983215332,258.6300048828125,59.869998931884766,203.9499969482422,91.0999984741211,483.239990234375,144.67999267578125,46.529998779296875
2026-08-24,310.3399963378906,195.24000549316406,40.349998474121094,262.07000732421875,60.2599983215332,206.94000244140625,91.98999786376953,487.30999755859375,146.60000610351562,46.83000183105469
2026-08-25,309.8999938964844,198.02000427246094,41.209999084472656,261.05999755859375,60.02000045776367,209.75999450683594,91.63999938964844,491.7099914550781,145.39999389648438,47.68000030517578
2026-08-26,313.45001220703125,195.52000427246094,41.20000076293945,260.2799987792969,59.9900016784668,208.52999877929688,90.08000183105469,496.3699951171875,145.0,48.08000183105469
2026-08-27,314.5799865722656,193.72999572753906,41.310001373291016,256.260009765625,59.08000183105469,203.7899932861328,89.05999755859375,505.05999755859375,143.13999938964844,47.79999923706055
2026-08-28,319.70001220703125,194.33999633789062,41.13999938964844,266.42999267578125,58.849998474121094,204.92999267578125,89.66000366210938,513.530029296875,143.77999877929688,48.0
