Date,Price,Return,SMA_50,SMA_200,Volatility,Upper_band,Lower_band,MACD,MACD_signal,RSI
2020-01-02,72.27153778076172,,,,,,,0.0,0.0,
2020-01-03,71.56891632080078,-0.009721966372050472,,,,,,-0.01576394301193318,-0.008757746117740654,0.0
2020-01-06,72.13919830322266,0.007968291427882468,,,,,,-0.0024019821813112685,-0.006152924832318774,46.64058467865939
2020-01-07,71.79991912841797,-0.004703118176869636,,,,,,-0.008515379348963847,-0.006953214302726997,35.909843226751704
2020-01-08,72.95491027832031,0.0160862458331823,,,,,,0.034301718221598776,0.005319195420120982,65.23403936875526
2020-01-09,74.50452423095703,0.021240708085651816,,,,,,0.12565824222443212,0.03793776782566112,79.07046486922202
2020-01-10,74.6729736328125,0.0022609284952050945,,,,,,0.18971269333397345,0.07634795248524519,80.00217963125488
2020-01-13,76.26830291748047,0.021364212606727495,,,,,,0.30548639660337074,0.13141422955622745,86.24666807516682
2020-01-14,75.23846435546875,-0.013502838303953935,,,,,,0.32991536357647533,0.17726897628410868,70.86365970172062
2020-01-15,74.9159927368164,-0.0042859941575735805,,,,,,0.3258344217095157,0.21055626027167124,66.84330914491227
2020-01-16,75.85442352294922,0.012526441309128389,,,,,,0.3683113446556803,0.24507217133242468,71.84866318370413
2020-01-17,76.6942138671875,0.011071079381207216,,,,,,0.4405729835675629,0.287057546813045,75.42408029496598
2020-01-21,76.17448425292969,-0.0067766469991834555,,,,,,0.45896121607687235,0.3234383356854543,69.53781287767082
2020-01-22,76.44638061523438,0.0035693889492167674,,,,,,0.4825221769286827,0.35671879396849676,70.8207764161595
2020-01-23,76.81453704833984,0.0048158778760036824,,,,,,0.5159811517225421,0.38973284414487075,72.50910067113921
2020-01-24,76.5931625366211,-0.002881935115737755,,,,,,0.521458002555292,0.41684089975922717,69.89043661269325
2020-01-27,74.34090423583984,-0.029405474668896092,,,,,,0.3797836185040637,0.40925870772202755,50.07565890034025
2020-01-28,76.4439697265625,0.028289479558263997,,,,,,0.39921962771342123,0.4072140585961405,61.151267288824826
2020-01-29,78.04412078857422,0.020932338649280124,,,,,,0.5119483803062792,0.42846721317510356,67.12695687673798
2020-01-30,77.93101501464844,-0.0014492542523759644,,,,79.10953038160305,71.05766474779149,0.5852832158929999,0.4601962243112707,66.35006425622149
2020-01-31,74.47566223144531,-0.04433860873688911,,,0.280646781003427,79.01087454015507,71.37673303430782,0.4063251852966516,0.44932171688059624,48.053139382631564
2020-02-03,74.2711181640625,-0.002746455167423112,,,0.2779765255085703,78.77943888157665,71.87838887721242,0.2492124008761749,0.4090023492574085,47.22296526740501
2020-02-04,76.72309112548828,0.03301381508770951,,,0.29856093167945186,78.71281842700101,72.40339861401462,0.29099161897788406,0.38526005342391556,56.84726646415329
2020-02-05,77.34872436523438,0.008154432134685585,,,0.29750249367765985,78.54287918004431,73.12821838465297,0.3630163243165754,0.38079019931321184,58.90641227597517
2020-02-06,78.25345611572266,0.011696789545180053,,,0.29551856221439576,78.65350309999789,73.5474490484396,0.47764080858847535,0.40023377692765133,61.74895373953126
2020-02-07,77.18978118896484,-0.013592689442174066,,,0.29392365253262936,78.71579308363062,73.75368476060765,0.48658504473688424,0.4175563848594776,56.77645380446592
2020-02-10,77.55640411376953,0.004749630315795006,,,0.29409287772394493,78.81250085484263,73.94532003749137,0.5138550281123031,0.43686279354192314,58.03095098717819
2020-02-11,77.08848571777344,-0.006033265741790861,,,0.2862152497555796,78.87322450494644,73.96661466741683,0.4956707102363538,0.4486471711822452,55.804793000730406
2020-02-12,78.91915130615234,0.0237475878704001,,,0.29219578400331375,79.23020997496945,73.97769789246217,0.6076847789740043,0.48050398877812966,61.954119051800824
2020-02-13,78.35717010498047,-0.007120973703730993,,,0.2932472229835424,79.38749625348744,74.16452935076062,0.6472601949608361,0.5138965680255363,59.229607480951735
2020-02-14,78.3764877319336,0.0002465329838641228,,,0.29085903702299504,79.56920275113416,74.23502927401233,0.6720833847212333,0.5455652945523242,59.29587086453749
2020-02-18,76.94135284423828,-0.01831078336405967,,,0.29706631871639677,79.57979343314119,74.24915248971038,0.5780633724930766,0.5520700637495854,52.47270680223765
2020-02-19,78.05567169189453,0.014482704117668721,,,0.2998942484169903,79.6965756728267,74.32048899392134,0.5804147092162708,0.5577425882324553,56.64436178856251
2020-02-20,77.25491333007812,-0.010258810723930534,,,0.3025670961890043,79.72570064546223,74.3722172927702,0.515930199408345,0.5493758680364819,53.0414208638488
2020-02-21,75.50624084472656,-0.022635097367596724,,,0.3131201873710196,79.74694927183623,74.22013904603486,0.328675593450086,0.5052179005195139,46.13956857679067
2020-02-24,71.91967010498047,-0.047500321822690594,,,0.3546022353420606,80.3237891954902,73.17594987921683,-0.09129434993070618,0.38587672200282574,35.83898518470441
2020-02-25,69.48359680175781,-0.03387214234529634,,,0.3593523977507858,81.24180738063613,71.77220095066271,-0.6028158097686998,0.18808686646624306,30.808055815138502
2020-02-26,70.58585357666016,0.015863553783019846,,,0.34745393238275235,81.63971773619032,70.78847898011828,-0.9125577402363945,-0.032087783359989276,35.23792001638958
2020-02-27,65.97178649902344,-0.06536815585329125,,,0.3975749851710924,82.63069755176285,68.59026573559068,-1.4957298714007266,-0.3248648469018096,27.345551207813415
2020-02-28,65.93318939208984,-0.0005850547481257573,,,0.39777745778580054,83.15616091663465,66.865019808463,-1.937963314381932,-0.6475274296116469,27.2904876922821
2020-03-02,72.07161712646484,0.09310072500620525,,,0.5136418265878159,83.13948965044963,66.64128656414996,-1.7914737408238182,-0.8763410234888649,45.93594206007442
2020-03-03,69.78267669677734,-0.03175924893805382,,,0.5250368995231308,83.22442602242225,66.10750604544884,-1.8321943504682565,-1.0675279532699906,41.64720316034877
2020-03-04,73.01953125,0.04638478640318677,,,0.5390247396001855,83.01206231527628,65.94951376504598,-1.5935829464056042,-1.1727461126739784,48.91120604968137
2020-03-05,70.65099334716797,-0.03243704612020537,,,0.5481326709659735,82.72883231224881,65.5629706662668,-1.571530970307748,-1.252507426819735,44.54178600976523
2020-03-06,69.71272277832031,-0.013280359190947832,,,0.5458356527191505,82.29116653822462,65.14656310655079,-1.6089469702968557,-1.323798440676751,42.90658258524283
2020-03-09,64.19901275634766,-0.07909187594789147,,,0.6054409652409029,82.46353530077812,63.675117500735546,-2.047859604932981,-1.468615719673683,34.81745485072679
2020-03-10,68.8227310180664,0.07202164119356458,,,0.6687266072338973,81.96034757706974,63.30493791487362,-2.008482525604265,-1.5765920908017244,44.300749492456916
2020-03-11,66.4324722290039,-0.03473065880566473,,,0.6769541206103314,81.57211645414898,62.627567688917416,-2.140950823506401,-1.6894663545228545,40.98140011971158
2020-03-12,59.8719482421875,-0.0987547770945687,,,0.7408664402220918,81.52019436102803,60.77476947564189,-2.732389482913902,-1.898054701541527,33.550811637489105
2020-03-13,67.04509735107422,0.11980817928073217,73.66985122680664,,0.8778381081902944,80.52401965888521,60.63973690239407,-2.6034741869885636,-2.0391406122763396,45.24158633028074
2020-03-16,58.41996383666992,-0.12864674458207948,73.3928197479248,,0.978484001094374,80.2143208478795,58.95378332387342,-3.1481878695992833,-2.260952596386069,36.84704571734139
2020-03-17,60.98868942260742,0.04396999616636399,73.18121520996094,,0.9985815984135539,79.48603452644359,58.086803303146255,-3.337430059880006,-2.4762500556947895,40.39423177111125
2020-03-18,59.49568176269531,-0.024480074486707637,72.92834487915039,,0.9956586941777235,78.39121048244523,57.32562835422468,-3.5647593038012957,-2.693953496185764,39.02230105511938
2020-03-19,59.039833068847656,-0.007661878649712017,72.67314315795899,,0.995748194658898,77.20588343073186,56.68944737981502,-3.737941692851699,-2.902752356158454,38.591332127678314
2020-03-20,55.29165267944336,-0.0634856197007444,72.31987800598145,,1.0122380009947678,76.61923189060464,55.254640103413905,-4.125878949487799,-3.147378818894645,35.15348960248295
2020-03-23,54.11703109741211,-0.02124410331594151,71.91212814331055,,1.0048129634735965,76.56429384121068,53.529314252051016,-4.475181062457821,-3.412940261190596,34.12745435795965
2020-03-24,59.546356201171875,0.10032562750877516,71.60959579467773,,1.076781970911455,76.11879377293563,52.98109026026749,-4.26960652672053,-3.584274027125162,42.483803041508494
2020-03-25,59.218318939208984,-0.005508939301922089,71.2685961151123,,1.0738257409708076,75.41802596424469,52.54510460521331,-4.085717216345749,-3.6845629051134328,42.1360047258657
2020-03-26,62.33456039428711,0.05262293004766194,71.01051803588867,,1.0698087644590546,75.21857276015498,52.380835198829395,-3.6489045436566556,-3.6774312191604817,46.60772966377945
2020-03-27,59.7537727355957,-0.04140219554556979,70.70727363586425,,1.0795319133244838,75.00057991693402,51.980886376400946,-3.469058929364735,-3.635756697335313,43.60245957354207
2020-03-30,61.459014892578125,0.028537815754796636,70.41936546325684,,1.0265570427620598,73.7609671630427,52.159238906903596,-3.153709081481253,-3.5393470559666245,46.07658340756371
2020-03-31,61.33359909057617,-0.0020406412667232088,70.11215316772461,,1.022053891810319,72.86550949431012,52.209788815016054,-2.8806084172556936,-3.407599199006516,45.917037374584666
2020-04-01,58.10641098022461,-0.05261696946213312,69.7507917022705,,1.0171425346384924,71.0292550146549,52.55473126769375,-2.8893605867937353,-3.3039513952379833,41.896870923900174
2020-04-02,59.07600402832031,0.01668650725004661,69.40338417053222,,1.0173355958290564,69.51668590616052,52.90980144430336,-2.786429506824817,-3.2004469525845587,43.49748936827373
2020-04-03,58.22700500488281,-0.014371300791273911,69.03163352966308,,1.0174330164233938,68.00287217648452,53.275043396635596,-2.7413097808600853,-3.1086194721268288,42.396160052275754
2020-04-06,63.306575775146484,0.08723736983960806,68.76590179443359,,1.0323233063060642,67.87779577298735,53.31087610201264,-2.2718290207680525,-2.9412613146215265,50.475527747454464
2020-04-07,62.573341369628906,-0.011582278721280037,68.53055053710938,,0.9984740414958223,66.54351198340716,54.02022092674908,-1.9362954678249906,-2.740268080665485,49.398467693258375
2020-04-08,64.17489624023438,0.02559484335581308,68.28516906738281,,0.9958991289210507,66.03252115984961,54.305454151429686,-1.5242212978875074,-2.4970586615782944,51.81691868569536
2020-04-09,64.63799285888672,0.0072161646653665645,68.01704650878906,,0.9248186919564877,66.5982490930886,54.216330679860626,-1.147235810817719,-2.2270940358976765,52.523507439265714
2020-04-13,65.90666198730469,0.019627297697619506,67.77655944824218,,0.8233113235485064,66.3006125065042,54.400123730068074,-0.7380367607189839,-1.9292825318569196,54.49238049027159
2020-04-14,69.23515319824219,0.05050310713018136,67.67174926757812,,0.6846864113506722,67.96279408403687,53.81946108869263,-0.14456465038466604,-1.5723389085742803,59.26533172867044
2020-04-15,68.60323333740234,-0.00912715335561487,67.55839157104492,,0.6749983673622304,69.14062331224875,53.40308625196023,0.2718062306797009,-1.2035098418812498,58.02113691196206
2020-04-16,69.14833068847656,0.007945651021918021,67.40689636230469,,0.664842833095552,70.31797903838813,53.19099541839899,0.6382456316368632,-0.8351587161441062,58.824157920645845
2020-04-17,68.2100830078125,-0.013568623729920626,67.22412353515625,,0.6670580317359609,71.13882632564129,53.2871731250423,0.8434408253464198,-0.4994387852185225,56.809750877713384
2020-04-20,66.79427337646484,-0.020756603260334572,66.99493988037109,,0.621988524030737,71.30933424030673,54.26692728007901,0.8819684082744459,-0.22315733162286236,53.814959485453066
2020-04-21,64.72964477539062,-0.030910263660442694,66.74573715209961,,0.6293731126364642,70.82808120325673,55.80944168492686,0.7378389394183102,-0.030958069123936914,49.70038258567177
2020-04-22,66.59407043457031,0.02880327345606748,66.52649047851563,,0.5372774878723311,71.09607018263327,56.246224128890155,0.7648691596963886,0.128207382132726,53.1815656918493
2020-04-23,66.33599090576172,-0.003875413037894404,66.3114405822754,,0.5368386728847159,71.23237511067575,56.82168639750296,0.75678608185531,0.2539231255478755,52.638491964129535
2020-04-24,68.25109100341797,0.028869699110651403,66.09807937622071,,0.5158206572952819,71.71892525852148,56.92678931057033,0.8942727518286944,0.381993053632539,56.21185261140609
2020-04-27,68.29932403564453,0.0007066997980171852,65.89692245483398,,0.4863525132791765,72.02110211837228,57.4791675807244,0.9956331172560198,0.5047210685256515,56.30127738313417
2020-04-28,67.1922378540039,-0.016209328529559808,65.67323745727539,,0.48618290915095885,72.21288184030281,57.860710154936456,0.9755414190541245,0.5988851399623341,53.59574267013606
2020-04-29,69.39917755126953,0.03284515842530644,65.52239395141602,,0.4952568418410631,72.64637356609246,58.23377627521613,1.1244351345480368,0.7039951400680395,57.9353085842281
2020-04-30,70.86322784423828,0.021096075553448168,65.37854507446289,,0.444808171486159,72.79258404050249,59.36324748720745,1.3448778723693238,0.8321716876878142,60.569634351407416
2020-05-01,69.72238159179688,-0.016099270201874738,65.22789443969727,,0.45373523872509636,72.64086266672761,60.579606617330015,1.4113802985887958,0.9480134107063577,57.54538179759581
2020-05-04,70.70886993408203,0.014148804440742513,65.13194702148438,,0.44572674398488127,72.07887290044091,62.38978287653661,1.5259836273496603,1.063607454704262,59.43163557957211
2020-05-05,71.77011108398438,0.015008600065192335,65.12895584106445,,0.34155333009463545,72.53592542530897,62.77908388255234,1.6829298795177436,1.1874719402406593,61.417598986993305
2020-05-06,72.51061248779297,0.01031768507285813,65.18949615478516,,0.33494838620174894,72.87412891495232,63.434607504725406,1.8457128496965396,1.3191201226196374,62.78652646388249
2020-05-07,73.2607192993164,0.010344786587614507,65.24299346923829,,0.32839621634959143,73.4627988994939,63.75451982609202,2.0119841438920787,1.457692927284894,64.17322117473111
2020-05-08,75.00444030761719,0.02380158187058723,65.42364654541015,,0.33387666516803466,74.39234712609809,63.861616344360904,2.2582830309964805,1.6178109484069187,67.2302037610967
2020-05-11,76.1846694946289,0.015735457556528942,65.62867614746094,,0.3323107237537434,75.54980436759006,63.73195985360134,2.5195742194602815,1.798163602959745,69.1489984334597
2020-05-12,75.31400299072266,-0.011428368852707704,65.6935238647461,,0.2967780439639682,76.36879344176526,63.52085575867421,2.626173995682578,1.9637656817556473,66.07528092608285
2020-05-13,74.40467071533203,-0.012073880543869597,65.78596374511719,,0.2987350041867602,76.92231688183243,63.547476056399994,2.6072771456403245,2.092467974688849,62.92909078118052
2020-05-14,74.86178588867188,0.006143635459240793,65.82280883789062,,0.2985065327662297,77.49454888174405,63.54658957650791,2.5991946481133965,2.1938133094721985,63.860657385576374
2020-05-15,74.41915130615234,-0.005912690664069631,65.8981719970703,,0.2936789617910342,77.92372952992054,63.73831575816541,2.527952364083035,2.2606411204462953,62.2299189898959
2020-05-18,76.17259216308594,0.023561688438505923,66.02736938476562,,0.28508030867979617,78.50805110683905,64.09182605990901,2.583113578022818,2.325135612001693,65.94032839042546
2020-05-19,75.73242950439453,-0.005778491268211172,66.25803771972656,,0.2532328569100068,78.61251837380358,65.08763726584486,2.561798268072181,2.3724681432393298,64.23444764570516
2020-05-20,77.20526885986328,0.01944793485574481,66.4256884765625,,0.24508597780418823,79.07144748689804,65.68982799527969,2.6333305151409974,2.4246406176404203,67.28431175949808
2020-05-21,76.62966918945312,-0.00745544544964849,66.62963241577148,,0.2476125624293578,79.20089919907706,66.58974411146981,2.6134679004403836,2.462406074212433,64.95318523404728
2020-05-22,77.12303924560547,0.006438368602800226,66.97465423583985,,0.23419923993013156,79.51579629168926,67.16204184307638,2.6074600057531825,2.49141686052797,66.03927547907475
2020-05-26,76.60062408447266,-0.006773788562314476,67.1657647705078,,0.2380141285010589,79.61242342675185,67.89554471289658,2.5313797583114876,2.4994094400863016,63.78521757125675
2020-05-27,76.93439483642578,0.004357285021399537,67.53605339050293,,0.22347574857332647,79.37794019860738,69.10424363928325,2.469538742076651,2.4934353004833976,64.61618614411127
2020-05-28,76.96824645996094,0.00044000636655594505,67.85564453125,,0.20213510007881416,79.3539201214923,69.88517060726748,2.3956429201236062,2.4738768244088893,64.70464314376866
2020-05-29,76.89328002929688,-0.0009739916668500825,68.20359649658204,,0.1942379572915523,79.4098601987875,70.43223574847812,2.304467099533028,2.4399948794301833,64.3211537094609
2020-06-01,77.83888244628906,0.012297595012618956,68.57957748413087,,0.1806276107453212,79.27131784339836,71.38242818931649,2.2821795446211866,2.4084318124657504,66.97959331204359
2020-06-02,78.19924926757812,0.004629650503239491,69.03772941589355,,0.17777787256073024,79.19643712097269,72.20634684509176,2.267447840848021,2.3802350181403225,67.95939374947966
2020-06-03,78.6297607421875,0.005505314675544604,69.52798400878906,,0.1739157452178451,79.24932136140062,72.83942757048415,2.264398626096792,2.357067739730379,69.13756916591338
2020-06-04,77.95258331298828,-0.00861222802673356,69.89610855102539,,0.1786235780001286,79.16209889619391,73.47084711821039,2.182196955552527,2.3220935828933147,65.08357553529058
2020-06-05,80.1727523803711,0.02848101978184081,70.31519721984863,,0.19812845784820443,79.6217327723946,73.70241655011516,2.2699919718258172,2.311673260679459,71.07249176634967
2020-06-08,80.64676666259766,0.005912411238891302,70.68144134521485,,0.18485494563889165,80.28913887414893,73.59924308385888,2.3507124267661084,2.3194810938970027,72.17003393206666
2020-06-09,83.19341278076172,0.03157778325842231,71.15023414611817,,0.20589483362008693,81.62727019906552,72.96198608755557,2.590276720257748,2.3736402191703365,77.17955448367081
2020-06-10,85.33377838134766,0.02572758502198247,71.62772941589355,,0.20999829943164303,83.31784481433988,72.27338901134371,2.919159906952544,2.4827441567286868,80.376682098195
2020-06-11,81.23686981201172,-0.048010396903173436,72.02579483032227,,0.27916175189029563,83.62138612115454,72.65306761419701,2.816799540795799,2.5495552335430443,62.36578841410571
2020-06-12,81.93824768066406,0.008633738230872101,72.50243156433106,,0.27949000968406773,83.99848881084064,72.98361110371015,2.7604434299879728,2.591732872832502,63.85888269501583
2020-06-15,82.95157623291016,0.012366978559211095,72.97994300842285,,0.27783300883019113,84.41891058973889,73.41643181748768,2.7656547910887497,2.6265172564840635,65.96012106047468
2020-06-16,85.1500015258789,0.02650251378944324,73.51840293884277,,0.28053915004369245,85.36705136212466,73.3660319813812,2.9135692613306787,2.6839276574537982,70.03103240724218
2020-06-17,85.03146362304688,-0.0013921068785419655,73.95290069580078,,0.27857658720105066,86.08222000959307,73.58076674577802,2.9867978955571743,2.7445017050748213,69.54806381121153
2020-06-18,85.06536102294922,0.0003986453773465737,74.40274108886719,,0.2745160657313268,86.7617963840114,73.68719958766829,3.0128362136771756,2.7981686067955382,69.61260184216582
2020-06-19,84.5792007446289,-0.005715138012394427,74.81082717895508,,0.27353632577249787,87.20549743420017,74.03845169299709,2.9601237509188962,2.830559635620329,67.4061321037276
2020-06-22,86.7921371459961,0.026164073222313178,75.25391006469727,,0.28360287008692747,88.01890917984447,74.19194973739185,3.0616039952973892,2.8767685075558767,71.78938743657741
2020-06-23,88.64469146728516,0.02134472525054676,75.70867065429688,,0.2842683490676184,89.05361176414078,74.36165389137679,3.2539893526783032,2.952212676580539,74.83981928773599
2020-06-24,87.07994079589844,-0.017651938830022362,76.06556640625,,0.2978861511677194,89.57422170505316,74.85559854641167,3.2428225023579955,3.0103346417361396,68.13793877272033
2020-06-25,88.2359848022461,0.013275663669285676,76.45822143554688,,0.29797508103906295,90.17154050382484,75.3850535818685,3.289330718405637,3.0661338570701226,70.25708708796529
2020-06-26,85.52484893798828,-0.030725965946138523,76.78575180053711,,0.3259659481713837,90.15052850048056,76.26922247608195,3.072025658647391,3.067312217385578,60.152814838323565
2020-06-29,87.49592590332031,0.023046833637335062,77.17146865844727,,0.3311160067455977,90.39983139886606,76.98562392339956,3.0239897766846724,3.0586477292453886,64.18563736491922
2020-06-30,88.22630310058594,0.008347556640210474,77.60010925292968,,0.3311640607658683,90.66714687707659,77.72101382848982,3.010153205156712,3.0489488244276455,65.57591696298218
2020-07-01,88.0594253540039,-0.0018914738656994334,78.06670486450196,,0.3324257268785047,90.79677989779735,78.5343472689507,2.951697110010059,3.029498481544116,64.95548147135091
2020-07-02,88.0594253540039,0.0,78.49601196289062,,0.3288291246766374,90.59808669068157,79.74372468016803,2.872260342967934,2.998050853828864,64.95548147135091
2020-07-06,90.41500854492188,0.026749926898209875,78.97759231567383,,0.32733577702332156,91.05706494863139,80.30897203867329,2.9651916022147162,2.9914790035060315,69.65551933863378
2020-07-07,90.13448333740234,-0.0031026398386077014,79.41526016235352,,0.3290127787985892,91.3308720851079,80.98393656967727,2.981832278113984,2.989549658427621,68.47767367743326
2020-07-08,92.23372650146484,0.023290122562797277,79.89394821166992,,0.3216270201614953,92.25104599604464,80.96779403081084,3.128342578590548,3.0173082424602136,72.2581292188645
2020-07-09,92.63035583496094,0.004300263564541051,80.40271057128906,,0.3125008813799599,93.18366681244295,80.76483095977385,3.239117657286954,3.0616701254255707,72.91897145983178
2020-07-10,92.79239654541016,0.001749326222366232,80.87057495117188,,0.24456616980889742,93.6633081583724,81.44074228718425,3.3019198295408074,3.109720066248626,73.19985301339013
2020-07-13,92.36432647705078,-0.0046132019895605,81.30059692382812,,0.24773753912702584,93.9422578719924,82.20440045320292,3.2793479665206604,3.1436456463030376,71.10181122377769
2020-07-14,93.89281463623047,0.016548468629384416,81.7840055847168,,0.24957336493947682,94.51881305096296,82.72196911456439,3.3462187105546093,3.184160259153356,73.97060838762032
2020-07-15,94.53852844238281,0.006877137602637973,82.2605987548828,,0.23798929151644704,95.31087821803857,82.86875663913918,3.411985038159898,3.2297252149546685,75.09539850747375
2020-07-16,93.37525939941406,-0.012304708589553681,82.69270172119141,,0.2451347008500867,95.70117116456201,83.31284327025243,3.3318342197258204,3.2501470159089005,69.28665929023796
2020-07-17,93.18660736083984,-0.002020364278371156,83.10622161865234,,0.24586064479736314,95.94386633013272,83.88227273847079,3.2160194451347053,3.2433215017540604,68.36311776150364
2020-07-20,95.1504135131836,0.02107390973833234,83.54401550292968,,0.24919973392435443,96.35596621114463,84.52729413431435,3.245284821530234,3.2437141657092945,72.4759495648561
2020-07-21,93.83719635009766,-0.013801486663050477,83.9206706237793,,0.2467252460967478,96.63171687925382,84.95604938661532,3.126474233711974,3.2202661793098297,66.27158581988016
2020-07-22,94.10079956054688,0.002809154798974811,84.27899322509765,,0.2380889197703106,96.99094117450693,85.14243590068838,3.018787357786053,3.179970415005073,66.884408295876
2020-07-23,89.81764221191406,-0.04551669453007057,84.56906600952148,,0.2860187275479294,96.86044391512326,85.54670330167363,2.5583448596863576,3.055645303941327,50.74944230765812
2020-07-24,89.59516906738281,-0.0024769426033958153,84.8728759765625,,0.2830163641410013,96.80970420275548,85.73336144055506,2.1506975349857527,2.874655750150209,50.07374607867548
2020-07-27,91.71859741210938,0.023700254900234308,85.21001220703126,,0.26784025218800245,96.41413896143395,86.7483015292887,1.97619403936136,2.6949634079924363,56.083937640853044
2020-07-28,90.21186828613281,-0.016427738413906767,85.52586654663087,,0.26655065689175006,96.20707464997821,87.2269600790257,1.696760820272175,2.4953228904483815,51.35937790401
2020-07-29,91.94108581542969,0.019168403915681864,85.84123641967773,,0.27284220606026355,96.08135003332997,87.7241629671583,1.596436804923485,2.315545673343401,55.94613740188097
2020-07-30,93.05357360839844,0.012100007119798972,86.18765930175782,,0.27457034079142556,95.942871986328,88.36205583959973,1.5883867109033218,2.170113880855384,58.64782724414162
2020-07-31,102.79524993896484,0.10468890073542725,86.69945892333985,,0.45322650206026005,98.58140804012203,87.19710224430179,2.3410833222256144,2.20430776912943,73.8000221078691
2020-08-03,105.38543701171875,0.02519753660107682,87.27457427978516,,0.45241382497356275,101.48808464640209,85.78746848470144,3.110746191515645,2.385595453606674,76.28790150009512
2020-08-04,106.0892333984375,0.006678307806803341,87.8538981628418,,0.45054076665255544,103.86969449961934,85.00133363758768,3.7344509351176214,2.655366549908864,76.92895783389645
2020-08-05,106.47374725341797,0.003624438057124646,88.4513606262207,,0.44740488295379705,105.93444815741427,84.36058205498807,4.2112237263647785,2.966537985200048,77.29019240234747
2020-08-06,110.18854522705078,0.034889332529935535,89.1164436340332,,0.45750360683970587,108.65106380011945,83.39978535149187,4.833107093868577,3.339851806933754,80.47145719335194
2020-08-07,107.6833267211914,-0.022735743544823217,89.73074523925781,,0.4707822436309016,110.31560048084836,83.2243416883411,5.0654144421580725,3.6849643339786184,73.04049321910666
2020-08-10,109.24848937988281,0.014534865390478213,90.37784942626953,,0.4689494965333678,112.07719432166527,83.15116413780737,5.314551407346727,4.01088174865224,74.61750914368741
2020-08-11,105.99945831298828,-0.02973982601806857,90.94106094360352,,0.4872717085972341,113.03582629150813,83.40319653564032,5.18999916491174,4.24670523190414,65.98831492275315
2020-08-12,109.52226257324219,0.03323417229031489,91.5675212097168,,0.49642661930378285,114.49939485365186,83.4380013865825,5.31428985937643,4.460222157398597,70.03470203862692
2020-08-13,111.46055603027344,0.01769771196732739,92.22413711547851,,0.49168477802237553,116.1218050448312,83.6241208584891,5.505727660896682,4.669323258098214,72.0079840513624
2020-08-14,111.36122131347656,-0.0008912095931936648,92.89230987548828,,0.491355165874334,117.48262352561872,84.08076377296527,5.585047047917499,4.852468016062072,71.74722351387194
2020-08-17,111.07046508789062,-0.0026109288507843997,93.51026412963867,,0.491078104142944,118.66170000271144,84.49369245334326,5.560350436554273,4.994044500160513,70.9374760523334
2020-08-18,111.99600219726562,0.008332882271111508,94.13724884033203,,0.4841582434207645,119.76652817648915,85.20474486428233,5.551467064993005,5.105529013127011,72.0200100568847
2020-08-19,112.13651275634766,0.0012546033458813444,94.71611083984375,,0.4844665558640238,120.70828487776889,86.06655948258266,5.492451306732221,5.182913471848053,72.18937316130831
2020-08-20,114.62476348876953,0.022189478442480093,95.30193054199219,,0.4406062103639805,121.40136399376027,87.85419249427684,5.582113984265689,5.2627535743315805,75.06748224844165
2020-08-21,120.53165435791016,0.051532414893221246,96.08782623291016,,0.4574479558151993,122.81651681186634,89.53268820522351,6.0599519313429795,5.422193245733861,80.28384881478635
2020-08-24,121.97325897216797,0.011960381875926629,96.88852645874023,,0.4564928900813729,124.29667009507948,91.07800107801621,6.480266474315471,5.633807891450183,81.31150579352347
2020-08-25,120.97262573242188,-0.008203709962151806,97.64894744873047,,0.4499332671927759,124.67769900576972,93.77304791195489,6.6559011494914415,5.838226543058435,78.26226383243217
2020-08-26,122.61773681640625,0.013599035930849102,98.39830215454101,,0.44970700244346895,125.03273088588028,96.48568113194199,6.848889458975265,6.0403591262418015,79.61570845895753
2020-08-27,121.15192413330078,-0.011954328314672802,99.1207113647461,,0.4596653087101914,124.49958794229376,99.82865912801874,6.8051104459051714,6.193309390174476,75.12730470346892
2020-08-28,120.9556655883789,-0.001619937498524071,99.83851745605469,,0.31145331005889093,125.17523548039706,100.96905315485684,6.677603589255085,6.2901682299905985,74.52153198543597
2020-08-31,125.05752563476562,0.03391209519978711,100.64808395385742,,0.3191472523381962,126.71332161929445,101.39817587826414,6.828820153078908,6.397898614608262,78.43527856933001
2020-09-01,130.03890991210938,0.039832742988151315,101.51301940917969,,0.3374211572761528,129.20302178855937,101.3034433603664,7.266847882158572,6.571688468118324,82.0428206215749
2020-09-02,127.34469604492188,-0.020718520856630285,102.28701950073243,,0.3545726852968597,130.59936161384806,101.99419841422814,7.3122962558583,6.719810025666319,74.75841165410216
2020-09-03,117.14937591552734,-0.08006081482811067,102.888408203125,,0.4625536512459507,130.65738712260512,102.63225597431872,6.451272482934314,6.666102517119918,54.89546457600028
2020-09-04,117.22689819335938,0.0006617387179930212,103.46822647094727,,0.4523102608351072,130.48454327124998,103.75945697289066,5.709346530932407,6.474751319882418,54.99338433098925
2020-09-08,109.338134765625,-0.06729482353719096,103.9444921875,,0.517196981774965,130.47796087349516,103.77500390921969,4.43369963081804,6.066540982069543,44.42429164467282
2020-09-09,113.69927215576172,0.03988670009311179,104.46855911254883,,0.5221320438678685,129.9229715076263,105.0999746593659,3.731631197608152,5.599559025177265,50.13038407402592
2020-09-10,109.98744201660156,-0.03264603254517895,104.90378189086914,,0.5256278117905546,129.88478325266516,105.18468085866299,2.8429518496797925,5.048237590077771,45.818494600822234
2020-09-11,108.54341888427734,-0.013128981871459944,105.31346176147461,,0.5238262911769739,130.1044727102698,104.67327768645873,1.999102205916742,4.438410513245565,44.224806714634504
2020-09-14,111.79973602294922,0.030000134251746413,105.78826797485351,,0.5351091163530663,130.08407780009082,104.73752406758496,1.5749475570178078,3.8657179220000137,48.569143082216826
2020-09-15,111.97418212890625,0.0015603445246170633,106.2194514465332,,0.5349668572321385,130.0402114649947,104.87176210678261,1.2386004564809383,3.3402944288961987,48.7992227182855
2020-09-16,108.66942596435547,-0.02951355483665241,106.59015029907226,,0.5448211642870224,130.25975954482615,104.31955640366019,0.6973385268183421,2.8117032484806272,44.71791971681723
2020-09-17,106.93464660644531,-0.015963821861718297,106.88416870117187,,0.5473247917135748,130.62817275563415,103.43095657786193,0.12693920485035903,2.2747504397545737,42.69911497840944
2020-09-18,103.54267883300781,-0.0317200073229873,107.10241516113281,,0.5494358086044363,131.33163097586063,101.6192898920593,-0.5919855465336497,1.701403242496929,38.99243388456688
2020-09-21,106.68270111083984,0.030325874443486445,107.3802212524414,,0.5253851531805382,131.1261635889483,100.4398619542646,-0.8980134833152249,1.181519897334498,43.8516791230127
2020-09-22,108.35929107666016,0.015715668504478364,107.70012054443359,,0.5272114852310917,130.49700796332732,99.7076207903348,-0.9938002120178453,0.7464558754640293,46.31064294106145
2020-09-23,103.81405639648438,-0.04194596176307763,107.89854537963868,,0.5429889557734116,130.16509201174824,98.32367980832011,-1.42010401905506,0.31314389656021135,41.060686459596006
2020-09-24,104.88011169433594,0.010268891659334756,108.10537704467774,,0.5414354584162627,129.2904077305235,97.42460157733782,-1.6528778059337554,-0.08006044393858212,42.70137886729428
2020-09-25,108.81478118896484,0.03751587818762214,108.41416748046875,,0.5637161005373986,128.35505218408116,97.12624282934658,-1.5025376217054145,-0.3645558794919487,48.40964035471283
2020-09-28,111.41207122802734,0.023868908347590256,108.7786767578125,,0.5727790623530665,127.3967030288887,97.13023254850388,-1.1604356715063204,-0.5237318378948231,51.82163705438644
2020-09-29,110.56893920898438,-0.0075676900155399185,109.08704727172852,,0.5555366181289854,125.42964791236969,97.64842902244476,-0.9464411027367987,-0.6082736908632183,50.65056357749907
2020-09-30,112.2358627319336,0.015075875149698215,109.45502059936524,,0.5352969179828384,121.49615879219883,99.80161342459806,-0.6350219901597427,-0.6136233507225232,52.91599634277969
2020-10-01,113.18559265136719,0.008461911338463635,109.83671646118164,,0.5352435530490279,117.57136298025965,102.31049889718174,-0.3080340404295754,-0.5525054886639337,54.20587215919962
2020-10-02,109.5319595336914,-0.032280019321272224,110.23100280761719,,0.46960377722882085,116.39443021615463,102.72569002310317,-0.3397943426729739,-0.5099632594657417,48.68075696644289
2020-10-05,112.9045639038086,0.030791052990152945,110.6971907043457,,0.48460398503094276,115.38480584367282,103.3030809666299,-0.09176590052170752,-0.42632378767693485,53.4023066713148
2020-10-06,109.66764831542969,-0.028669484000103496,111.0561717224121,,0.4314560694221207,115.40301198069423,103.31782618458897,-0.15461126162361438,-0.37198128246627077,48.76502540589815
2020-10-07,111.52841186523438,0.016967296904668805,111.48250259399414,,0.4108872908828504,115.03889106851021,103.46486106772026,-0.0536501950373065,-0.30831506498047795,51.37883119549925
2020-10-08,111.4217758178711,-0.0009561334693094503,111.87211639404296,,0.39316744406569337,115.18407359720868,103.46311191914873,0.017555176799774586,-0.24314101662442744,51.21757243665891
2020-10-09,113.36006164550781,0.01739593372488546,112.27824615478515,,0.39361002462158284,115.68022457003458,103.4486252224459,0.22776385339030014,-0.1489600426214819,54.04119280366507
2020-10-12,120.56072998046875,0.06352032832761156,112.63355575561523,,0.4399638753497199,117.81270588327823,102.19224330495419,0.9642738108594244,0.07368672807469943,62.6827530932775
2020-10-13,117.36259460449219,-0.026527173288471873,112.8730989074707,,0.453246473063786,118.71465134392963,101.82913909186138,1.275200796170509,0.3139895416938614,57.51050535304972
2020-10-14,117.44982147216797,0.000743225454155505,113.10031066894531,,0.4371293211167067,119.69839836689862,101.72343161967366,1.5112306228401309,0.5534377579231154,57.61323590834179
2020-10-15,116.98461151123047,-0.003960925228377099,113.31052795410156,85.64937614440917,0.4318113712974879,120.43272418375,101.99410229330078,1.6418215148187159,0.7711145093022356,56.82413182571971
2020-10-16,115.3467788696289,-0.014000410998025403,113.41369262695312,85.86475234985352,0.4162060826265134,120.44875382644943,103.15848265426345,1.5947728058294643,0.9358461686076814,54.0189356068706
2020-10-19,112.40060424804688,-0.025541888992946737,113.50803817749023,86.06891078948975,0.4196606519155906,120.39303368322678,103.7859931112068,1.3047147939452373,1.0096198936751928,49.30389625388875
2020-10-20,113.88339233398438,0.013191993903033383,113.60073623657226,86.27763175964355,0.41873656593884484,120.51282374852802,104.21861317163798,1.1808778927105266,1.0438714934822595,51.59394273122434
2020-10-21,113.26313018798828,-0.005446467068499827,113.74600967407227,86.4849478149414,0.3857282257259188,119.92400628683964,105.75233801247677,1.0209177870278694,1.0392807521913814,50.564978185505055
2020-10-22,112.17770385742188,-0.009583227381804393,113.79911849975586,86.68106178283692,0.3883157976952682,119.2369161096689,107.16918740595611,0.7973718226133002,0.9908989662757651,48.733348371426295
2020-10-23,111.48960876464844,-0.006133973767621481,113.79969955444336,86.86598720550538,0.36821695296999973,119.07231400967659,107.60127226351678,0.5582513447267416,0.9043694419659605,47.557266500327565
2020-10-26,111.49930572509766,8.697636090637673e-05,113.80246124267578,87.0501188659668,0.3585779505690665,119.07064227446513,107.61166744843526,0.36531794905651793,0.796559143384072,47.5764668632573
2020-10-27,113.00145721435547,0.013472294553666275,113.84108108520508,87.23378463745117,0.3602456688515866,119.04588933275413,107.87967219068337,0.32982587435607513,0.7032124895784727,50.59409531178175
2020-10-28,107.76810455322266,-0.04631225817916251,113.75652313232422,87.39643283843994,0.39354398315004696,119.3607738005498,107.1180119050166,-0.11921539200751852,0.5387269132612745,41.608063802788806
2020-10-29,111.76095581054688,0.037050398852958466,113.7490119934082,87.5806576538086,0.4158253672565093,119.3252296824099,107.01109233907447,-0.15115174888518368,0.40075118083198286,49.044232948855104
2020-10-30,105.50035095214844,-0.056017817787915036,113.56652374267578,87.72888729095459,0.44737190890939615,119.84646362850575,106.08669753482434,-0.6738720130914118,0.18582654204730392,40.36437757413164
2020-11-02,105.41311645507812,-0.0008268645201936486,113.26415298461914,87.87248180389405,0.43088043562320666,120.25704353384143,104.9269728846156,-1.0826901047147004,-0.06787678730509701,40.25746528694509
2020-11-03,107.03157806396484,0.015353512573327954,112.96531936645508,88.02676727294921,0.4244896358638711,120.42188529548274,104.4985240978278,-1.261542790677467,-0.3066099879795711,43.26019356754973
2020-11-04,111.40238189697266,0.04083658217573616,112.77391448974609,88.20154727935791,0.4457220106233327,120.41888784905488,104.48891854742949,-1.0386248933918694,-0.4530129690620308,50.496426476611724
2020-11-05,115.35646057128906,0.03549366366307338,112.62868896484375,88.39425689697265,0.462792773982821,120.70218351151172,104.59909136031445,-0.5367128777135264,-0.4697529507923299,55.96743449341796
2020-11-06,115.22541809082031,-0.0011359786857171317,112.51015884399413,88.58741817474365,0.45935245618312504,120.87289635844368,104.61491415791374,-0.14781411277466816,-0.40536518318879755,55.74754320918295
2020-11-09,112.92459106445312,-0.019968051012439703,112.34953735351563,88.78033660888671,0.401051807613186,119.61536219051892,105.10883443423693,-0.024978604669698257,-0.32928786748497774,51.892462749533074
2020-11-10,112.5848159790039,-0.0030088670877301826,112.10008316040039,88.96104084014893,0.3912928506530261,118.98730370584661,105.25911505636043,0.04444013376749467,-0.25454226723448325,51.32797555683872
2020-11-11,116.00205993652344,0.030352618404215548,111.81934616088867,89.15083053588867,0.407606152118807,118.70574257570522,105.39590003293736,0.37092223940526026,-0.1294493659065345,56.45808334489026
2020-11-12,115.73023223876953,-0.0023433006095120446,111.58705688476563,89.33982662200928,0.40745413067714326,118.46859934909598,105.50760533230051,0.6008017687808263,0.016600861030937702,55.952873412800095
2020-11-13,115.77877044677734,0.00041940819670749363,111.55964477539062,89.54634216308594,0.4041896587956887,118.5400218575327,105.47938198157864,0.7779320628810638,0.16886710140096298,56.02853777441365
2020-11-16,116.78842163085938,0.008720520870846293,111.55087524414063,89.75892868041993,0.3930585830874144,119.10061806514507,105.35756751224751,0.9883860080153397,0.3327708827238384,57.65790304728278
2020-11-17,115.90498352050781,-0.0075644323128528645,111.68221221923828,89.95483814239502,0.3922715097733113,119.36176956657155,105.29857512947336,1.0715342261142666,0.4805235514019241,55.71258631397358
2020-11-18,114.58467102050781,-0.011391335039242612,111.6999201965332,90.14101787567138,0.39416491368161427,119.48932960220019,105.30316917709668,1.0191435542091796,0.5882475519633753,52.84309438077763
2020-11-19,115.17686462402344,0.005168174750090682,111.80370864868163,90.32563491821288,0.3924480632953463,119.74584628514685,105.34656857081018,1.0137230739519794,0.6733426563610961,53.98780651414357
2020-11-20,113.9148178100586,-0.010957468047811503,111.91113662719727,90.50926010131836,0.39408095746697047,119.87386723150867,105.46106852898937,0.8972477626773525,0.7181236776243475,51.138771954460495
2020-11-23,110.52667999267578,-0.02974273130149041,111.8856755065918,90.6741114807129,0.40930153357057864,119.87140753618344,105.36626565107242,0.5254883374266797,0.6795966095848139,44.369298586439335
2020-11-24,111.80816650390625,0.01159436356285548,111.8823551940918,90.84770988464355,0.4085279445279997,119.81812037085109,105.30022374535986,0.3304622013717875,0.6097697279422087,47.21539445457509
2020-11-25,112.64306640625,0.0074672533183395284,111.96182800292969,91.01632946014405,0.37091069673745375,119.70300433263334,105.90283596888032,0.2404996958833152,0.5359157215304301,49.04446887516305
2020-11-27,113.18671417236328,0.004826286991802986,112.08686935424805,91.19047718048095,0.34799983666730755,119.7584079340631,105.9900082036322,0.210643426285543,0.47086126248145266,50.2532745102481
2020-11-30,115.5749282836914,0.021099774198686472,112.32751434326173,91.37646938323975,0.28227301014046924,119.41219444359842,107.34367942725117,0.37536407042048836,0.45176182406925985,55.27295095471995
2020-12-01,119.13778686523438,0.03082726188501317,112.57661605834961,91.58745155334472,0.2960503580121184,119.36118907105282,108.7671518408124,0.7843576872123492,0.5182809966978777,61.51234833663967
2020-12-02,119.48727416992188,0.002933471519685371,112.79917572021485,91.79460956573486,0.2942914964757431,119.39915464400481,109.97475587845612,1.1237350610643801,0.6393718095711782,62.07127921051311
2020-12-03,119.35136413574219,-0.001137443590740972,113.109921875,92.00509181976318,0.2639394003354109,119.96792944579636,110.20087930054154,1.3659810913607373,0.7846936659290902,61.69604810450219
2020-12-04,118.6814956665039,-0.0056125748883474325,113.38594955444336,92.22096809387207,0.2369785847759559,120.39272492457047,110.1085873312889,1.4867714533207845,0.9251092234074292,59.77794556372098
2020-12-07,120.1377182006836,0.012270004906844934,113.61240829467773,92.46205833435059,0.23974198126615034,121.08329263151252,109.90924963533318,1.6806304110868808,1.0762134609433198,62.50685568569124
2020-12-08,120.74932098388672,0.005090847340561977,113.79915328979492,92.71838695526122,0.22506527737876977,121.80252007738196,109.97249518140711,1.8621505520000596,1.2334008791546678,63.62314438519583
2020-12-09,118.22520446777344,-0.020903773996792108,113.9522785949707,92.9565837097168,0.24032366162513868,121.95801605746706,110.38103805019895,1.7817920756493209,1.3430791184535986,56.18794767523638
2020-12-10,119.64259338378906,0.01198888952991406,114.10041320800781,93.22493774414062,0.22014562344469518,122.34326455818875,110.35984289420382,1.811595893206146,1.4367824734041081,59.07982044369471
2020-12-11,118.83682250976562,-0.006734816182383252,114.21343780517579,93.489455909729,0.22174498114460392,122.59113070309945,110.42263577639272,1.7500234771678436,1.4994306741568555,56.785113151909755
2020-12-14,118.22520446777344,-0.005146704776138988,114.38730270385742,93.72022384643554,0.222954385384029,122.75007599697442,110.50833388461739,1.6330496499243878,1.5261544693103621,55.037675774817124
2020-12-15,124.14715576171875,0.05009042970663291,114.61215454101563,93.99204624176025,0.2821209180434019,123.9820235624951,110.01225973218263,1.9951996039933988,1.6199634962469698,65.96020637708446
2020-12-16,124.07920837402344,-0.0005473132854185714,114.9003857421875,94.24734462738037,0.27965590017990477,125.04739716974505,109.76430861028423,2.250777701123411,1.7461263372222582,65.76280623040421
2020-12-17,124.94325256347656,0.006963650081072137,115.16868255615235,94.51880592346191,0.2741773107497994,126.1425795648167,109.70498436950946,2.4942936641957374,1.8957598026169542,67.11073667977254
2020-12-18,122.9627685546875,-0.015851068130172896,115.39950241088867,94.78505615234376,0.2834687721640767,126.71947606987445,109.90667825751814,2.4986701977009886,2.0163418816337613,61.16641354984237
2020-12-21,124.48693084716797,0.012395315349480018,115.62203979492188,95.08649574279785,0.27984997224464825,127.41157051936806,110.27179511173547,2.5952098269485333,2.1321154706967156,63.822222573394306
2020-12-22,128.03042602539062,0.02846479669880364,115.77143371582031,95.38253421783448,0.26074886599159786,128.28644673313886,111.14729350123612,2.9239432263890563,2.2904810218351837,69.11124138899598
2020-12-23,127.13726806640625,-0.006976138303306456,115.9669271850586,95.68605819702148,0.2651797065359601,128.81328951172696,112.15336087889803,3.0769275260860525,2.4477703226853578,66.47332081724917
2020-12-24,128.11781311035156,0.007712491064643334,116.18028701782227,96.02728752136231,0.26519207421428437,129.3932301237962,113.12089493723893,3.2399424360865794,2.606204745365602,67.920953666174
2020-12-28,132.6999969482422,0.03576539223272457,116.4945947265625,96.35556201934814,0.28450368127637915,130.95304323750196,113.51241010112108,3.6962685826129587,2.8242175128150735,73.64735460633202
2020-12-29,130.93310546875,-0.013314932329511198,116.80632125854493,96.71812772750854,0.28987860747193,131.95414418010424,114.04712687702468,3.870717741332655,3.0335175585185903,68.56478350037555
2020-12-30,129.81671142578125,-0.008526445920395642,117.15464340209961,97.06226783752442,0.2793887452386279,132.7868426572414,114.28232085594217,3.8742266147744147,3.2016593697697555,65.48946519895317
2020-12-31,128.81678771972656,-0.007702580777717238,117.45331130981445,97.40887336730957,0.2826840087372364,133.33452394085597,114.66759092730808,3.7530590080807684,3.3119392974319584,62.773648990136465
2021-01-04,125.63247680664062,-0.024719688865508793,117.7006982421875,97.74183658599854,0.3001292582196394,133.4094588933341,115.22076724191983,3.3613381158374978,3.3218190611130662,54.95755742670005
2021-01-05,127.18579864501953,0.012364015084806557,118.00086013793945,98.10130731582642,0.30028096562161616,133.51524318921489,115.96541324389061,3.140040148661015,3.2854632786226565,57.722895095672946
2021-01-06,122.9045181274414,-0.03366162388559857,118.22915832519531,98.44524475097656,0.32592809657211963,133.43251377868282,116.32482264709846,2.589347967024196,3.146240216302965,48.82537905733762
2021-01-07,127.0984115600586,0.03412318356163668,118.54114044189453,98.783005027771,0.3460344945285442,133.57415800639927,116.81808747699915,2.4629413402874576,3.009580441099864,55.98301146416546
2021-01-08,128.19546508789062,0.008631528233644659,118.84502059936523,99.12789075851441,0.33491604065975833,133.49263219344508,117.89663935196508,2.4233513431224907,2.8923346215043897,57.65159119602229
2021-01-11,125.21503448486328,-0.0232491110429216,119.19395919799804,99.44229312896728,0.34726856866139055,133.24094766807931,118.70556798743826,2.1269618522114797,2.739260067645808,51.89592291256903
2021-01-12,125.0403060913086,-0.0013954266296657414,119.45954620361329,99.76872579574585,0.34589902709640946,132.75457082532984,119.81229318834204,1.8565705347748747,2.5627221610716213,51.570867019372834
2021-01-13,127.06928253173828,0.01622657928354765,119.89092483520508,100.09677713394166,0.34772555691020224,131.9708025628509,121.48046925721748,1.7854236567058024,2.407262460198458,55.088725674823706
2021-01-14,125.14708709716797,-0.015127144784894853,120.28560424804688,100.41584457397461,0.30739556869593226,131.9356852329774,121.61557972063588,1.555997565031106,2.2370094811649874,51.287786918309614
2021-01-15,123.42874908447266,-0.013730547410673144,120.61354766845703,100.74245626449584,0.3115697062309019,131.98231308290423,121.50390594175398,1.2214402153044972,2.0338956279928895,48.09324930941319
2021-01-19,124.0986099243164,0.005427105474311356,120.86747222900391,101.06756929397584,0.3111564285804634,132.0142602602009,121.38749450054128,0.9988392792760834,1.8268843582495282,49.41597000182309
2021-01-20,128.17601013183594,0.03285613118475861,121.12386322021484,101.4173143196106,0.32624169094958266,132.00755598894114,121.91552292951592,1.1383167469073072,1.6891708359810842,56.65623371205442
2021-01-21,132.87472534179688,0.036658304507435124,121.47684936523437,101.76515506744384,0.34693321711224784,132.93013809981068,121.83172026810925,1.6094479786202953,1.6732262645089262,63.194136199948375
2021-01-22,135.01052856445312,0.016073811006286354,121.91856811523438,102.12734100341797,0.3377702574654548,134.24506676984603,121.21480185198013,2.1306040668590924,1.7647018249789594,65.72493097217574
2021-01-25,138.74815368652344,0.027683952961387037,122.44183486938476,102.50020729064941,0.3466572003321839,136.46597126780276,120.15498591603514,2.8127949822599874,1.974320456435165,69.656971817331
2021-01-26,138.9811553955078,0.0016793139425177461,122.90141677856445,102.87192310333252,0.3466013389914254,138.29998057787242,119.40731083448112,3.3338074313982275,2.2462178514277777,69.88887924176282
2021-01-27,137.9132843017578,-0.007683567536268421,123.34507781982421,103.23195621490478,0.3281117702454826,139.26871401622054,118.95990613148454,3.61882966269485,2.5207402136811923,67.3483336410028
2021-01-28,133.0883331298828,-0.03498539822543767,123.69126907348632,103.55122211456299,0.3499330021717565,139.50270434256257,118.94143857125582,3.4160010651174844,2.699792383968451,57.226189400448455
2021-01-29,128.1080780029297,-0.037420673997718645,123.91766220092774,103.84874633789063,0.37458013708248294,139.4248611841961,118.84841838733708,2.820875674675591,2.7240090421098793,49.03422050459685
2021-02-01,130.2244415283203,0.0165201411057172,124.20405136108398,104.15412689208985,0.37816591848096526,139.5052855454251,118.90875940696749,2.4912893316545706,2.677465100018818,52.16777607244401
2021-02-02,131.0496063232422,0.006336481732904353,124.53335006713867,104.468324508667,0.36623429239964894,139.6646405316879,119.29111737236485,2.270500763521312,2.596072232719317,53.37154968145574
2021-02-03,130.03024291992188,-0.007778454525120715,124.83041763305664,104.78450435638428,0.365920498581003,139.75139671540623,119.48880561613672,1.9903268758658612,2.474923161348626,51.642511323908884
2021-02-04,133.37954711914062,0.025757886196378088,125.21971221923827,105.12775386810303,0.3509774407651834,139.88905955495915,120.39864567575376,2.015316593579172,2.3830018477947355,56.61572787167731
2021-02-05,132.96633911132812,-0.0030979862860338603,125.66850540161133,105.45961521148682,0.3335049988809132,140.14967312542356,120.7248248604163,1.9789663992295914,2.302194758081707,55.85256787911057
2021-02-08,133.1121826171875,0.0010968453131379174,126.09458572387695,105.79349617004395,0.33272998869429954,140.40548533396606,120.9606844048035,1.9395688183706739,2.2296695701395004,56.077611908128404
2021-02-09,132.2371368408203,-0.006573746738746666,126.48646713256836,106.11342639923096,0.32094147733134054,140.42673005859774,121.64164991576752,1.8167941980353532,2.147094495718671,54.289453944452404
2021-02-10,131.6343536376953,-0.0045583503811837955,126.855419921875,106.43010154724121,0.3217018328732842,140.32349258837692,122.404292140627,1.6518137790459093,2.048038352384119,53.034889172177046
2021-02-11,131.38156127929688,-0.001920413261527587,127.17155258178711,106.75104816436767,0.3180610618112797,140.30853136338027,122.85048124037951,1.48356575519702,1.935143832946699,52.487094716536106
2021-02-12,131.61488342285156,0.001775912398077617,127.42109451293945,107.06212669372559,0.3116823624216475,140.0910009466454,123.7147912896827,1.353453363282199,1.818805739013799,52.96994022611772
2021-02-16,129.49539184570312,-0.016103737829854303,127.62125686645508,107.3552875137329,0.3134510518847138,139.46981790661812,124.94263860583304,1.0670132340205214,1.6684472380151436,48.1800628773365
2021-02-17,127.21053314208984,-0.01764432441222108,127.77844024658204,107.64272827148437,0.3212793039927337,139.00059460674473,125.72305422748379,0.6481667036359511,1.4643911311393052,43.602649576132094
2021-02-18,126.1119155883789,-0.008636215308396089,127.92704864501952,107.91974349975585,0.300545967984292,139.22735174358303,125.2898876362998,0.22498506783711036,1.2165099184788664,41.55817775033513
2021-02-19,126.26747131347656,0.0012334736521280032,128.04964370727538,108.19223030090332,0.2666271754056001,139.38348204387705,124.47303193317374,-0.09672242451065927,0.9538634498809612,41.97305735667558
2021-02-22,122.50482940673828,-0.029798980430969402,128.08475387573242,108.44220138549805,0.2740618251442073,139.70707844199381,122.89886561928546,-0.6478239745419501,0.6335259649963789,35.422616273433675
2021-02-23,122.36871337890625,-0.0011111074436102042,128.16762405395508,108.687741355896,0.2466110490951365,139.02447598191503,121.94352404860257,-1.0830743424575076,0.29020590350560155,35.20854956237562
2021-02-24,121.87285614013672,-0.004052157002208068,128.21222930908203,108.9220834350586,0.24503316174343137,138.01126356378012,121.24590654120033,-1.4512953011162466,-0.05809433741876819,34.39314622933294
2021-02-25,117.6338119506836,-0.0347825128885042,128.18816909790038,109.12932914733886,0.2649407664611203,137.6578369951749,119.57138587469817,-2.0614058985766377,-0.4587566496503422,28.34873502328908
2021-02-26,117.89629364013672,0.002231345606339419,128.18159088134766,109.34224060058594,0.24656636104978685,137.8210877989881,117.88893112191036,-2.494982261548941,-0.8660017720300622,29.178703733195732
2021-03-01,124.24517059326172,0.05385137019238395,128.18355117797853,109.59144309997559,0.2991806256324777,137.7561949446071,117.56753323532452,-2.2997828772522837,-1.1527579930745067,45.594537479763794
2021-03-02,121.64923095703125,-0.020893686441372683,128.13495162963866,109.82538032531738,0.29899596555327584,137.594082385418,116.87212473738472,-2.3277240385425273,-1.3877512021681109,41.37187261096375
2021-03-03,118.67412567138672,-0.024456424937823074,128.00956909179686,110.04665519714355,0.3058251762590178,137.48141865179656,115.74724040582063,-2.5604188282489133,-1.6222847273842715,37.12795220406163
2021-03-04,116.79764556884766,-0.015812040677974815,127.88626663208008,110.24978046417236,0.3081925969886562,137.53206844301914,114.37333087949062,-2.8632417191899293,-1.8704761257454035,34.70950412424135
2021-03-05,118.05186462402344,0.010738393304653204,127.75756530761718,110.4613776397705,0.29240575455028006,136.7248705875464,113.64776048545164,-2.9678149231526305,-2.089943885226849,37.63365758651315
2021-03-08,113.13223266601562,-0.0416734794801934,127.4596014404297,110.64101245880127,0.3183665662877483,136.31253307135643,112.07668735711036,-3.40837351633202,-2.3536298114478833,31.646510515225074
2021-03-09,117.73104095458984,0.04064985000473409,127.27147689819336,110.84651931762696,0.3611937421856793,135.1049088481316,111.74619741407544,-3.347842140239834,-2.552472277206274,41.082457570264765
2021-03-10,116.65180969238281,-0.009166921938822403,127.04215682983398,111.04416316986084,0.36137734724438814,133.92299200281136,111.36958154455192,-3.3483577480815825,-2.711649371381336,39.69748339423178
2021-03-11,118.576904296875,0.016502912467185604,126.75969497680664,111.25404457092286,0.3701239033150982,132.5692463634268,111.41758224985446,-3.157034990938783,-2.8007264952928255,43.36516115932005
2021-03-12,117.67269134521484,-0.007625540209721837,126.49448669433593,111.4577360534668,0.3700578452892753,131.06732529817913,111.54861632169391,-3.0432915848598867,-2.849239513206238,42.07084521057155
2021-03-15,120.55059051513672,0.0244568143808237,126.30916427612304,111.67564777374268,0.38424577492775935,129.22307481395669,112.2864375151449,-2.6899189929423954,-2.8173754091534695,47.44716419121282
2021-03-16,122.08673858642578,0.01274276687260345,126.17456329345703,111.90161506652832,0.38593773713964885,127.82906811857964,112.9395788845942,-2.2598640506568444,-2.705873137454145,50.10883109437227
2021-03-17,121.29922485351562,-0.006450444512060338,126.08789825439453,112.11891677856445,0.3822016648573181,126.82839394490986,113.34912222940653,-1.9599945896566169,-2.5566974278946395,48.74580388783214
2021-03-18,117.1865463256836,-0.03390523338297191,125.88791320800782,112.31385326385498,0.3981242634053656,125.86501374551091,113.41996550253597,-2.030794927658789,-2.4515169278474698,42.27801091160501
2021-03-19,116.66152954101562,-0.004480179688962305,125.7630534362793,112.50401210784912,0.39776519236790875,124.67392385888706,113.65046121191372,-2.1050039966325045,-2.382214341604477,41.52062732780086
2021-03-22,119.96721649169922,0.028335707269476318,125.6204295349121,112.71408527374268,0.4005983475095415,124.33583785594757,113.7347859233493,-1.875454832435139,-2.2808624397706097,47.85478698448515
2021-03-23,119.14080047607422,-0.006888682089928988,125.43933624267578,112.9089255142212,0.40119288768372724,123.93839678595938,113.80943570305428,-1.7401608408464568,-2.1727221199857794,46.498817565845286
2021-03-24,116.75875854492188,-0.019993502827192255,125.27021072387696,113.0894854736328,0.4067358354714551,123.56008671453223,113.67633601495994,-1.8043508209577226,-2.099047860180168,42.7396568072282
2021-03-25,117.24488830566406,0.00416353999306307,125.11430236816406,113.25974285125733,0.3879479061566002,123.5599733929177,113.63755697207253,-1.7953001313465649,-2.0382983144134474,43.7392923067781
2021-03-26,117.84768676757812,0.005141362413536799,124.92987045288086,113.42231239318848,0.38829568586350527,123.55903936881982,113.63363030891456,-1.7196633874677616,-1.9745713290243103,45.02100051549448
2021-03-29,118.02268981933594,0.0014849935247600587,124.78738250732422,113.6062414932251,0.3329942846948841,122.47715375062572,114.09326784971609,-1.6268461693320972,-1.9050262970858678,45.40982769057115
2021-03-30,116.57402801513672,-0.012274434741461726,124.6502880859375,113.77942039489746,0.3279984415336996,121.9729294761987,114.08997182995365,-1.6511493341514978,-1.854250904498994,42.71666151077637
2021-03-31,118.76162719726562,0.01876575099425115,124.54354843139649,113.95847064971923,0.3244834509760404,121.98050119512227,114.09115026361796,-1.4768644221597782,-1.778773608031151,47.755593790856615
2021-04-01,119.58804321289062,0.006958611422966721,124.37178909301758,114.1306608581543,0.31957711694774904,122.13299455676686,114.21769666637768,-1.2575611260821944,-1.6745311116413595,49.56066849054649
2021-04-05,122.40760040283203,0.02357724998411448,124.16244659423828,114.31754154205322,0.32771274015991375,122.77844979114501,114.00781500988039,-0.8464891823727356,-1.5089227257876348,55.24249671791818
2021-04-06,122.70899963378906,0.002462259124148769,123.916416015625,114.50575973510742,0.2842359604633643,122.91675196372104,114.82718953408168,-0.4907344253466164,-1.3052850656994313,55.81547073162627
2021-04-07,124.35212707519531,0.013390439546487887,123.62849548339844,114.70462436676026,0.2526118864415159,123.88781938517204,114.51823072469125,-0.07534107992805161,-1.0592962685451552,58.90420305283545
2021-04-08,126.743896484375,0.01923384396740868,123.38375030517578,114.90438316345215,0.25478494919546846,125.31801818681059,114.09724060225192,0.4417645547313924,-0.7590841038898456,62.96284214670055
2021-04-09,129.31065368652344,0.02025152510965178,123.2116976928711,115.10771297454833,0.25750309482960854,127.27346016602002,113.21517356200732,1.0466255033672667,-0.3979421824384231,66.7571412045842
2021-04-12,127.59947204589844,-0.013233106413438,123.1019204711914,115.31031063079834,0.2617304744900218,128.38057963933085,113.10073215876484,1.3720875344917118,-0.04393623905239605,62.18347074367146
2021-04-13,130.7009735107422,0.024306538382291354,123.15377838134765,115.52263557434082,0.2615766135441857,130.08911276314635,112.40723733450992,1.858856051401844,0.3366222190384521,66.64413837854048
2021-04-14,128.3675537109375,-0.017853117211961034,123.116640625,115.73684909820557,0.2706793912930631,130.95740253714555,112.16702907296188,2.0329021014049005,0.675878195511742,60.83053493207998
2021-04-15,130.76902770996094,0.01870779593129246,123.11102905273438,115.95321460723876,0.2741702725114929,132.29028282720066,111.7811290685513,2.337666566695276,1.008235869748449,64.28371641417077
2021-04-16,130.43846130371094,-0.0025278646789603787,123.11919342041016,116.16427539825439,0.2368585140055145,133.33887878961227,112.05772460394242,2.523432100351002,1.3112751158689597,63.45444004552357
2021-04-19,131.09957885742188,0.005068424965329887,123.07359405517577,116.37947616577148,0.2339420163385277,134.29286335983872,112.54754496535661,2.6929565586347053,1.587611404422109,64.4423912956651
2021-04-20,129.41761779785156,-0.012829645024256986,123.00261962890625,116.58626712799072,0.2272453827643857,134.953325266171,112.83212318963956,2.6609123709594797,1.8022715977295833,59.99850197900654
2021-04-21,129.79672241210938,0.0029293122583200493,122.93631042480469,116.78317569732666,0.223710548072487,135.5487462332286,113.30229441618546,2.6357247017417365,1.968962218532014,60.657048321811885
2021-04-22,128.28004455566406,-0.011685024307700242,122.85716857910157,116.97390350341797,0.21340807848634227,135.6355951446159,114.36757410587236,2.464965477177813,2.068162870261174,56.63960929113442
2021-04-23,130.59402465820312,0.018038504044445958,122.83636199951172,117.16570499420166,0.2184805126767784,135.92204541202074,115.41603747372146,2.48767999058731,2.152066294326401,60.89510452529887
2021-04-26,130.98294067382812,0.0029780536792773926,122.82838958740234,117.357467918396,0.21866191501200585,136.14283145842347,116.50877681794373,2.5081512716775336,2.2232832897966275,61.57763478185894
2021-04-27,130.66209411621094,-0.0024495293506667792,122.80933380126953,117.54681640625,0.22003496522408283,136.13039490509243,117.78515380096228,2.4700125070048102,2.272629133238264,60.63735463782563
2021-04-28,129.87457275390625,-0.0060271601158042865,122.8169174194336,117.73436763763428,0.2145060797350064,135.45647918833427,119.78912399159736,2.349161200858333,2.287935546762278,58.28480262330819
2021-04-29,129.77737426757812,-0.0007484027417152816,122.86825424194336,117.91379043579101,0.20963236410584773,134.8471082553275,121.50006963163537,2.2199523358700475,2.274338904583832,57.98578117413256
2021-04-30,127.81338500976562,-0.015133525923887947,122.90228363037109,118.08016471862793,0.2206141221963945,133.90770991811777,123.26200214853263,1.9367502092783297,2.2068211655227317,52.16247661238234
2021-05-03,128.86341857910156,0.008215364683876514,122.9542025756836,118.25760551452636,0.2084015916803959,133.36601351996305,124.44928036431432,1.77656033546468,2.1207689995111214,54.77736191861631
2021-05-04,124.30351257324219,-0.035385573781439916,122.99017623901368,118.41319004058838,0.24834137395230496,133.01526496820935,124.9594802100133,1.267056561094222,1.9500265118277416,43.6252058876485
2021-05-05,124.54657745361328,0.001955414415404144,123.03373352050781,118.56017086029053,0.2439068313573602,132.97854884272928,125.01564137333519,0.8728230923025109,1.7345858279226956,44.27645547989074
2021-05-06,126.1410903930664,0.012802543209563533,123.1190982055664,118.72169033050537,0.2382497523574316,133.02854810976402,124.90536149716958,0.6812016279650948,1.5239089879311754,48.48101326940734
2021-05-07,126.81310272216797,0.005327465673615972,123.3026840209961,118.88525184631348,0.2269367348700618,133.01132880255216,124.67282570794589,0.5769156906719957,1.3345103284793396,50.186933602507125
2021-05-10,123.54073333740234,-0.02580466303970963,123.41557281494141,119.05386730194091,0.2400251151228008,133.41416612501362,123.86411451463479,0.2275919348560791,1.1131266497546874,42.76161205223243
2021-05-11,122.62525939941406,-0.007410300337849174,123.38317459106446,119.21901775360108,0.22038703653306865,133.60503340575625,122.86567582275936,-0.1217176687119661,0.8661577860613567,40.936845444578466
2021-05-12,119.5671615600586,-0.024938563672225578,123.341533203125,119.35826057434082,0.22798563579173384,134.41598274353518,121.17468726989257,-0.6379570128944323,0.5653348262701988,35.488866088083796
2021-05-13,121.70977020263672,0.017919708175909932,123.40224609375,119.51575008392334,0.22698491573797722,134.33551736942024,120.34922689327507,-0.8642275245940993,0.2794223560973391,41.37561533755411
2021-05-14,124.12507629394531,0.019844800358157944,123.54879470825195,119.67667003631591,0.24165490919173802,134.00134362771783,120.05206213400092,-0.8389822541170702,0.055741434054457195,47.222247379471305
2021-05-17,122.9758529663086,-0.009258591107853209,123.64727447509766,119.82628143310546,0.24115922097728776,133.5424570587407,119.69857611386674,-0.9013180796900002,-0.13567046869443436,44.92638486095186
2021-05-18,121.5928955078125,-0.011245764311754614,123.81648773193359,119.92026966094971,0.24037445413707473,133.3667261171916,119.0918348264119,-1.0502066510620551,-0.3185777051679586,42.2634921069596
2021-05-19,121.43706512451172,-0.0012815747388034149,123.89060821533204,120.00052780151367,0.23945891455387744,133.04752752955358,118.5750676852902,-1.167319987972263,-0.4883261617288196,41.96168247393616
2021-05-20,123.98873138427734,0.02101225237244786,124.03734664916992,120.09002529144287,0.25192148329600744,132.77902932745644,118.41443457024863,-1.0422209350523701,-0.5991051163935298,48.45292931661219
2021-05-21,122.15777587890625,-0.014767112179706277,124.10896408081055,120.16844543457032,0.24485272103678393,132.10806794058087,118.24177107919454,-1.0783908235341642,-0.6949622578216568,44.59840132176197
2021-05-24,123.78423309326172,0.013314397734023542,124.23119491577148,120.23642387390137,0.25099479450210416,131.20470331333385,118.42526494838488,-0.964693826487121,-0.7489085715547497,48.51644463636041
2021-05-25,123.58940887451172,-0.0015739017311131587,124.29197128295898,120.31595428466797,0.2510257628543541,130.2424010215713,118.68029871597754,-0.8801628539261657,-0.7751594280290329,48.077836347981304
2021-05-26,123.54073333740234,-0.0003938487735530849,124.32105117797852,120.38741550445556,0.25081965789700345,129.34154564583253,118.94777015006589,-0.8077874868865536,-0.7816850398005372,47.961174146984
2021-05-27,122.01168823242188,-0.012376849834657255,124.33530044555664,120.46747665405273,0.2532030281083012,128.300729787476,119.2120174049068,-0.8638526921741629,-0.7981185702752625,44.32280534380694
2021-05-28,121.35916137695312,-0.005348068409853801,124.41875274658203,120.52666114807128,0.2493152607185542,127.67127612604088,119.19604870306068,-0.9499873720559151,-0.828492330631393,42.82958613765761
2021-06-01,121.03778076171875,-0.0026481776207741836,124.50627777099609,120.57454727172852,0.24610162873357327,126.55157067984526,119.53319036751803,-1.0322829410183374,-0.869250452708782,42.07769623655423
2021-06-02,121.79743194580078,0.006276149308929613,124.54288208007813,120.62672832489014,0.21600845992831288,126.4156143758479,119.41853860877126,-1.0243966633725137,-0.9002796948415284,44.55539712041075
2021-06-03,120.31710052490234,-0.012154044607091352,124.56640808105469,120.6729615020752,0.21929020182128012,126.29942988817965,119.1117754035684,-1.1246330359623187,-0.9451503630656866,40.88512860136461
2021-06-04,122.60576629638672,0.01902194917846023,124.68334823608399,120.7260103225708,0.22573764301541424,125.73841218240648,119.3192606996736,-1.0077778471214174,-0.9576758598768329,48.01502847019565
2021-06-07,122.61551666259766,7.952616345430208e-05,124.79076080322265,120.77840534210205,0.22445160922918286,124.81961505337614,119.8182992227469,-0.9039621816694563,-0.9469331242353576,48.04377910727303
2021-06-08,123.43360137939453,0.006671950981929964,124.90247909545899,120.82244953155518,0.2068928750370257,124.80367550776697,119.8235255725553,-0.7470632392299734,-0.9069591472342807,50.516592235623705
2021-06-09,123.81340026855469,0.0030769489419075757,125.01829330444336,120.8388582611084,0.20522825088276234,124.94957945663508,119.79643571060124,-0.585325828904459,-0.8426324835683164,51.666704526691184
2021-06-10,122.82002258300781,-0.008023183947716617,125.14321319580078,120.8430920791626,0.185153719152027,124.75195042875264,120.31935084077863,-0.5311819087909555,-0.7803423686128442,48.492049241234156
2021-06-11,124.0276870727539,0.009832798141116594,125.24853439331055,120.85836738586426,0.177661890780863,124.92761811728835,120.37547483925462,-0.3863701954597616,-0.7015479339822278,52.32712327730913
2021-06-14,127.07601928710938,0.02457783650006573,125.39829391479492,120.88065879821778,0.18496377590388463,125.75763705668582,119.84055019917356,-0.02533884517536933,-0.5663061162208561,60.35173995888414
2021-06-15,126.25794219970703,-0.00643769841069719,125.47530075073242,120.9061888885498,0.18310188967193622,126.30260980539956,119.62378637379967,0.19254952594044994,-0.4145349877885949,57.551924515801694
2021-06-16,126.7546157836914,0.003933800720423264,125.55621307373048,120.93518363952637,0.17704645198207783,126.89581626957123,119.54675193721589,0.4006861763810292,-0.25149075495467005,58.80155594636874
2021-06-17,128.35183715820312,0.012600893187490803,125.63620727539063,120.95165519714355,0.1803160659463012,127.7943478568925,119.33969755326376,0.6866036483238815,-0.06387187429895966,62.61326870809483
2021-06-18,127.05656433105469,-0.010091579955742391,125.64246063232422,120.93674346923828,0.17235202463937402,128.22566982880795,119.21515887602604,0.7994619133690293,0.10879488323463819,57.93224804584233
2021-06-21,128.84860229492188,0.014104253277287704,125.63321960449218,120.94426300048828,0.16709101396197149,129.03978354817806,119.07012779825749,1.021727549329725,0.2913814164536556,62.14851183726331
2021-06-22,130.4847412109375,0.012698150285485044,125.69092498779297,121.01093982696533,0.16658644294581607,130.14011935429352,118.63984280390962,1.3147418779345372,0.496053508749832,65.54399117741337
2021-06-23,130.21200561523438,-0.0020901723310484677,125.6811456298828,121.0758653640747,0.166771738727633,131.01424071797615,118.42798111429923,1.5075720094869638,0.6983572088972585,64.50522132947597
2021-06-24,129.92959594726562,-0.0021688450817910487,125.71238647460937,121.1788226699829,0.16732172231950335,131.71825755444752,118.36285053881421,1.6189410335206986,0.8824739738219467,63.38502146967258
2021-06-25,129.63743591308594,-0.0022486026532266834,125.68975463867187,121.25851348876954,0.15897032928638472,132.2407066402543,118.60297622107383,1.6644402828602125,1.0388672356295998,62.18195140364182
2021-06-28,131.2638397216797,0.012545788160174265,125.70626220703124,121.36489547729492,0.1590722913998055,132.92952780881734,118.90462288698346,1.8108614768133293,1.1932660838663458,66.04555989757384
2021-06-29,132.77342224121094,0.011500368439107289,125.73973907470703,121.48604549407959,0.15918372592977043,133.75708956122762,119.25062528252236,2.0253648756073943,1.3596858422145557,69.19167917444268
2021-06-30,133.38699340820312,0.004621189667594061,125.81912658691407,121.59398178100587,0.1590727223787955,134.6004144590295,119.5662565309607,2.2192878609114217,1.531606245953929,70.392486462085
2021-07-01,133.68894958496094,0.002263760274090032,125.8969711303711,121.70255561828613,0.14667905547208207,135.11210023131574,120.39175566468035,2.3700184662224615,1.6992886900076356,70.99171298629767
2021-07-02,136.30870056152344,0.019595867756426744,126.05754425048828,121.84075199127197,0.1474023087948136,136.31328138426287,120.56086793824689,2.6700864717477657,1.893448246355662,75.60482327095045
2021-07-06,138.31497192382812,0.014718586224062413,126.21196319580078,121.99765361785889,0.14960006296064543,137.7570919085855,120.68700294004732,3.0347985907705493,2.1217183152386396,78.4333989602838
2021-07-07,140.7985076904297,0.017955653911199798,126.40827453613281,122.183932762146,0.15543611690248837,139.6209027250246,120.55968275471176,3.484073917930118,2.3941894357769353,81.32068729676776
2021-07-08,139.50315856933594,-0.009200020244119367,126.58509582519531,122.34803504943848,0.16499261042477023,140.80452056800942,120.94504074180503,3.693033017378923,2.653958152097333,75.63318066709456
2021-07-09,141.32435607910156,0.013054883691830277,126.81409149169922,122.51286037445068,0.15798924916895493,142.01394775950905,121.58604689991478,3.9599422782118268,2.915154977320232,77.96642752771675
2021-07-12,140.7302703857422,-0.004203703521754254,127.0331494140625,122.69744144439697,0.1625461075620363,142.90449716971605,122.36575582100662,4.076540221807619,3.14743202621771,75.429094511242
2021-07-13,141.84056091308594,0.007889493314412244,127.3136929321289,122.88224369049072,0.14791014373094516,144.07378782382082,122.67291932949948,4.21000577271144,3.3599467755164567,76.93955622086108
2021-07-14,145.25894165039062,0.024100163699996457,127.64160339355469,123.06446449279785,0.15464558506257595,145.71553257629927,122.9312745220894,4.539286866877319,3.5958147937886293,80.8440201260516
2021-07-15,144.60647583007812,-0.004491742903392826,128.0476626586914,123.23043651580811,0.15972687692498644,146.90475363142284,123.52723947160455,4.6934923097815044,3.815350296987205,78.12504007306858
2021-07-16,142.57093811035156,-0.014076393937699216,128.40814987182617,123.39044651031494,0.17399461400761765,147.58748141835702,124.26642177988515,4.598442370770613,3.9719687117438864,70.19344146897105
2021-07-19,138.73374938964844,-0.026914241931501492,128.66000305175783,123.52293594360351,0.20178945464960552,147.44818569745257,125.57343600664899,4.165468618945113,4.010668693184132,58.198435403527334
2021-07-20,142.33721923828125,0.02597399597780692,128.97048538208008,123.66869407653809,0.21336271607318727,147.79174174970814,126.57874164872936,4.066230725879336,4.021781099723173,64.35810163886501
2021-07-21,141.6067657470703,-0.005131851634589735,129.33180603027344,123.82906810760498,0.21429978010591275,148.03015087087044,127.45253498118035,3.883871633997529,3.994199206578044,62.35236488431384
2021-07-22,142.97024536132812,0.009628633258196073,129.73870574951172,123.97939651489258,0.2137853356936588,148.27709964060983,128.4814101860503,3.805504660766019,3.9564602974156395,64.57188707387425
2021-07-23,144.68435668945312,0.011989287168060248,130.2410496520996,124.1544800567627,0.2135969475960469,148.55172433257363,129.68226156830528,3.837476686138558,3.932663575160224,67.19064046471736
2021-07-26,145.1031494140625,0.002894526638482775,130.70891723632812,124.32235374450684,0.21190267948321206,148.55757827270685,131.22297897826974,3.852202032354967,3.916571266599173,67.81656752889437
2021-07-27,142.94110107421875,-0.014900078658349303,131.0852377319336,124.47995037078857,0.222342137156339,148.21880427483754,132.72947911139292,3.6473681536212723,3.8627306440035936,61.3132999531332
2021-07-28,141.19772338867188,-0.012196475838266219,131.44967514038086,124.61913867950439,0.22809037770711887,147.7406869420479,134.05002655892866,3.3062474571495954,3.7514340066327945,56.600020664519654
2021-07-29,141.84056091308594,0.004552747091003395,131.85462844848632,124.72553783416748,0.2280847656453387,147.1853906934524,135.45067955801244,3.0525901047999753,3.611665226266231,57.885584601203355
2021-07-30,142.0548095703125,0.0015104893540138775,132.26698333740234,124.84899890899658,0.22814035329341142,146.37854518107892,137.09411106892108,2.8361594212871353,3.4565640652704115,58.32862523394059
2021-08-02,141.72366333007812,-0.002331116005406808,132.62168197631837,124.97036811828613,0.22030234454105146,145.88517345066276,138.1289790761927,2.6078540925756215,3.286822070731453,57.32483719742199
2021-08-03,143.5156707763672,0.012644377122227102,133.04883987426757,125.10302341461181,0.21883739459605211,145.783393304852,138.75082910725737,2.542215422291065,3.1379007410433757,61.21468217907945
2021-08-04,143.1163787841797,-0.00278221876417728,133.43548278808595,125.24187141418457,0.21094297633926185,145.84789548902052,138.91811403246385,2.429965645086895,2.99631372185208,59.90443994668224
2021-08-05,143.22349548339844,0.0007484587028314671,133.82816452026367,125.39598587036133,0.20755357760869958,145.7725340565645,139.36550915632614,2.3228736686385503,2.8616257112093746,60.15085445396898
2021-08-06,142.5407257080078,-0.0047671631884572685,134.20816436767578,125.53927253723144,0.20388653545986557,145.7795925498446,139.48008762593662,2.1580322386989508,2.72090701670729,57.71602691360872
2021-08-09,142.4919891357422,-0.0003419133165174504,134.61777038574218,125.68541683197022,0.20316270036895642,145.7399477571392,139.69590429364206,2.000402192512041,2.5768060518682407,57.53699150528091
2021-08-10,142.01402282714844,-0.003354338103445431,135.0308676147461,125.83459842681884,0.20180110750768826,145.7389990602728,139.71419918191472,1.8159778958964523,2.4246404206738834,55.71176645923308
2021-08-11,142.2676239013672,0.0017857467112767367,135.45546447753907,125.98848850250243,0.18114589478972007,145.34735068048371,139.80671578680142,1.6710213059398882,2.2739165977270845,56.50025336373573
2021-08-12,145.22305297851562,0.0207737290896024,135.92397689819336,126.15710723876953,0.1962193569841601,145.48493677356754,139.73078740856135,1.7741690743112315,2.173967093043914,64.44471432103138
2021-08-13,145.42782592773438,0.001410058148612503,136.42619140625,126.31923908233642,0.18874355580407956,145.89164654305998,139.60976642080723,1.8510995660006984,2.109393587635271,64.92272791327117
2021-08-16,147.39810180664062,0.013548135415881957,136.92203811645507,126.51738906860352,0.16195074120861722,146.38161850586417,139.98622969970225,2.0474505960860654,2.0970049893254297,69.2117667627308
2021-08-17,146.4910125732422,-0.006154008920605913,137.39954803466796,126.691039352417,0.1404460494610359,146.88377522278313,139.8994523162794,2.1055937082056744,2.0987227331014786,65.25572865027883
2021-08-18,142.75535583496094,-0.02550092782254132,137.7859831237793,126.87731437683105,0.1688885576107113,146.85431284082748,140.0437737070241,1.8291509513059623,2.0448083767423753,52.05871636819785
2021-08-19,143.08692932128906,0.002322669327457394,138.171453704834,127.06568344116211,0.1655856426339549,146.8570915258592,140.05266341798844,1.618170027273294,1.959480706848559,52.96789436389145
2021-08-20,144.5402374267578,0.010156819440897191,138.60585800170898,127.25322673797608,0.16395924343903837,146.8395157763755,140.05582724120262,1.5503643085697263,1.8776574271927926,56.83212069270261
2021-08-23,146.02281188964844,0.010257174675265546,139.0457604980469,127.42632888793945,0.1677223405850929,147.00290069724826,139.98440856788847,1.5978402489776613,1.8216939915497665,60.40600854602771
2021-08-24,145.93499755859375,-0.0006013740587398342,139.42294006347657,127.57922157287598,0.15784616251282055,147.30544568612416,139.98125322745008,1.609822361076624,1.779319665455138,60.08868196672052
2021-08-25,144.7060546875,-0.008421166215460518,139.7919023132324,127.72662475585938,0.15415907372701537,147.32018957835035,140.3173424651067,1.5028291730204444,1.7240215669681993,55.68030338165761
2021-08-26,143.90625,-0.0055270989816370575,140.1349349975586,127.88153305053712,0.15546133865966616,147.29737415826872,140.5467267938797,1.3380742594662252,1.6468321054678046,52.95729526546284
2021-08-27,144.94015502929688,0.007184573493485447,140.46670135498047,128.04330974578858,0.15711625879385446,147.35103626354453,140.78159923450232,1.276220819452078,1.5727098482646595,55.95588220133578
2021-08-30,149.34881591796875,0.030417111722977896,140.91254638671876,128.2100435256958,0.18777383403022288,148.30719478281134,140.58795597402462,1.5649043681732167,1.5711487522463712,65.9288049959498
2021-08-31,148.09060668945312,-0.00842463477719646,141.29738647460937,128.37184539794922,0.18785319056808789,148.83415240939993,140.51849193874457,1.672877302723606,1.5914944623418184,61.639153017715266
2021-09-01,148.75381469726562,0.0044783934824661475,141.66276794433594,128.53672061920167,0.1873553288474804,149.42371948193542,140.49266845751768,1.7913128355133665,1.6314581369761283,63.00551393763121
2021-09-02,149.8657989501953,0.007475332684359959,142.05584381103515,128.70210750579835,0.1882788962643262,150.1804444121996,140.4001738739332,1.9523956823998674,1.6956456460608762,65.2410295531325
2021-09-03,150.499755859375,0.004230164010871951,142.46724700927734,128.87508136749267,0.18647704395445944,150.919735777025,140.4567855242445,2.1069227297537907,1.7779010627994594,66.48449097193125
2021-09-07,152.83090209960938,0.015489368915738044,142.93111633300782,129.06631252288818,0.19135878029364187,152.10714346874227,140.303269128914,2.3899407976451528,1.9003090097685984,70.64328431756445
2021-09-08,151.28981018066406,-0.010083640793671966,143.3316357421875,129.2468772506714,0.19602570001753264,152.64158678874833,140.6964045442595,2.4615067000641773,2.012548547827714,64.9091101071889
2021-09-09,150.2754364013672,-0.006704838733590512,143.68167602539063,129.42868034362792,0.1991535267798885,152.87082623429433,141.2679463487135,2.4086067870860006,2.091760195679371,61.37757228145166
2021-09-10,145.30104064941406,-0.033101855306991945,143.91995697021486,129.60255214691162,0.22488057117030805,152.86960294870084,141.2769684013968,1.9428945811827987,2.061987072780057,47.67809235341082
2021-09-13,145.8667449951172,0.0038933261811116004,144.16351287841798,129.77284503936767,0.22524161211863578,152.86859544466176,141.32186781217416,1.6010065091929562,1.9697909600626367,49.070285464483355
2021-09-14,144.47195434570312,-0.00956208798284186,144.32677795410157,129.93198947906495,0.2220563915467879,152.83713643589942,141.06071207484274,1.2036350447554582,1.8165597770012012,45.83218256619768
2021-09-15,145.35955810546875,0.0061437790039282625,144.46766967773436,130.09285369873047,0.22249394370630554,152.82069282716998,140.96401023679488,0.9493934845677074,1.6431265185145025,48.175865760197794
2021-09-16,145.12545776367188,-0.0016104915620823723,144.5542086791992,130.24060634613036,0.20179380764544882,152.68009320501497,141.34162005182097,0.7207074088975673,1.4586426965911157,47.59100824814544
2021-09-17,142.46267700195312,-0.01834812997492785,144.61339904785157,130.35723079681395,0.2128960567824367,152.74588704403857,141.21340098086375,0.32090865740755703,1.2310958887544041,41.42997858961546
2021-09-20,139.41952514648438,-0.021361046412366913,144.5753024291992,130.45689205169677,0.2218974182957954,153.3382494458839,140.10896735099112,-0.2387396139386624,0.9371287882157908,35.73609724833034
2021-09-21,139.8974609375,0.00342804058838575,144.55864624023437,130.55962253570556,0.2183080932223018,153.70190548520097,139.13277621645918,-0.6363638703945185,0.622430256493729,37.19595957547154
2021-09-22,142.25790405273438,0.016872665875536708,144.56699310302736,130.6775045776367,0.22842361730560695,153.75119015980755,138.71578219126667,-0.7523433798452857,0.347475529225926,43.96619243710271
2021-09-23,143.21371459960938,0.006718857227930863,144.52608856201172,130.79288455963135,0.22837698276679455,153.7694576005686,138.54828074171658,-0.7583898079566325,0.12630246178941426,46.48200797785053
2021-09-24,143.30152893066406,0.000613169844104533,144.49998962402344,130.90564559936524,0.2275943797408176,153.78159034301459,138.47567589233697,-0.7474792872422995,-0.048453888016928556,46.718698977795405
2021-09-27,141.78970336914062,-0.010549961140016384,144.48436492919922,131.02346809387208,0.22875588069695985,153.85332765268785,138.08889341664806,-0.8510143452971022,-0.20896597947296333,43.178177665684615
2021-09-28,138.41494750976562,-0.023801134914493982,144.47798889160157,131.11732986450195,0.21020228565386148,153.8202008792857,137.02863334922992,-1.1916446804719953,-0.4055017196727698,36.524184372915805
2021-09-29,139.312255859375,0.006482741681826498,144.41748962402343,131.21970703125,0.21241668014038256,153.70596075174961,136.26503839375818,-1.3733601495949301,-0.599073405657202,39.206791930900756
2021-09-30,138.01498413085938,-0.009311971301542377,144.3456539916992,131.31865592956544,0.2116464959707054,153.50792211680155,135.3891939720656,-1.6035650550332718,-0.7999717355324161,36.78627254109305
2021-10-01,139.13668823242188,0.008127408111708645,144.2689828491211,131.39360359191895,0.21211343500600088,152.8910971616652,134.93310785542468,-1.676170108969643,-0.9752114102198617,40.222762929840556
2021-10-04,135.713134765625,-0.024605684599003697,144.08955841064454,131.45177322387696,0.22240293233094804,152.3016709190763,134.04387198863856,-1.9870567370805645,-1.1775804755920025,34.125126880640636
2021-10-05,137.63458251953125,0.014158156152126011,143.9401870727539,131.51522987365723,0.2208158148508483,150.6424974910385,134.1834134586685,-2.0547064768891232,-1.3530056758514268,39.65443866941098
2021-10-06,138.502685546875,0.0063073030880198555,143.85141876220703,131.59292945861816,0.2235867547020244,149.02853008404463,134.51866840228348,-2.015042567413815,-1.4854130541639046,42.022212939824264
2021-10-07,139.7609100341797,0.00908447718783667,143.8226824951172,131.66929935455323,0.22831876508096946,147.33934274491688,135.1564031046925,-1.860632222627828,-1.5604568878566893,45.36811117008971
2021-10-08,139.3805389404297,-0.0027215842659937817,143.77348205566406,131.72604991912843,0.1998007575125831,146.78387686761036,135.1198188111006,-1.7487946639906227,-1.5981244430834762,44.531445516637035
2021-10-11,139.29273986816406,-0.0006299234665978481,143.71824066162108,131.7868272781372,0.19867252309840977,146.01310355047428,135.23319161554133,-1.6482472757918742,-1.6081490096251563,44.328233785812735
2021-10-12,138.02474975585938,-0.009103059595961693,143.64426239013673,131.83636196136476,0.1984543457607102,145.48893692210436,135.1126377849269,-1.6518375956970033,-1.616886726839526,41.390621012245475
2021-10-13,137.4395294189453,-0.004239966657785699,143.52273956298828,131.86005962371826,0.19606884010958306,144.65794660659208,135.15162523178685,-1.682510407733247,-1.6300114630182703,40.070754922335034
2021-10-14,140.21937561035156,0.02022595830441687,143.4647994995117,131.90649097442628,0.212358983003966,143.7364935792546,135.58247004379228,-1.4656137932593651,-1.5971319290664894,48.47555340662137
2021-10-15,141.2727508544922,0.007512337289732329,143.4257846069336,131.96377117156982,0.205076207340278,143.5370845176526,135.6628864906482,-1.1949484628055131,-1.5166952358142942,51.26474753452777
2021-10-18,142.94065856933594,0.011806294595067879,143.43378326416016,132.03439052581788,0.19344868743685786,143.98470911285386,135.56737523773205,-0.8362186173877149,-1.3805999121289785,55.38322917493013
2021-10-19,145.09620666503906,0.015080020739218325,143.4858676147461,132.13170917510988,0.19946187927706982,144.8716849821525,135.20027394118733,-0.37368035915656606,-1.1792160015344961,60.07860158137775
2021-10-20,145.58389282226562,0.003361122722886911,143.55726501464844,132.2236996459961,0.19162310064812726,145.56027363772213,134.84428416257086,0.031869369768031675,-0.9369989272739906,61.076645302901206
2021-10-21,145.79852294921875,0.0014742711078288284,143.62788299560546,132.33816967010497,0.19053026706757936,146.10402496553803,134.55901366971585,0.366366069283373,-0.6763259279625179,61.53244428382007
2021-10-22,145.02792358398438,-0.005285371550044937,143.62398040771484,132.4278172302246,0.19182019338979706,146.42423714633432,134.41144095425162,0.5627887070697568,-0.4285030009560629,58.867070289132094
2021-10-25,144.9791717529297,-0.0003361547890220473,143.61500732421874,132.5117357635498,0.18726973190201682,146.89820505809794,134.2564198808669,0.7063785056265885,-0.20152669963953257,58.693852069539616
2021-10-26,145.64244079589844,0.0045749264183898575,143.5798941040039,132.61387279510498,0.16251901328253243,147.55840035048814,134.31897391709,0.8637380890560564,0.011526258099585279,60.401066665141784
2021-10-27,145.18402099609375,-0.003147570153998691,143.55375427246094,132.71459136962892,0.16306018413901902,148.06565421441675,134.39889656683326,0.9406132420257052,0.19734365488480932,58.598391656641205
2021-10-28,148.81240844726562,0.02499164457822456,143.67489532470702,132.82330699920655,0.17611404647045625,149.21427136986085,134.33002184302978,1.2795678367019434,0.4137884912482363,66.99474789694727
2021-10-29,146.110595703125,-0.01815582969412166,143.73536865234374,132.92812454223633,0.1916387483788862,149.69537729906705,134.5463066608939,1.3150193619248114,0.5940346653835514,57.62346058125335
2021-11-01,145.2913055419922,-0.0056073288674935995,143.75039001464845,133.03743732452392,0.16614537658366446,149.6623367434426,135.53716429415505,1.2624523176993705,0.7277181958467154,55.106211296976895
2021-11-02,146.3251953125,0.007115978252456356,143.75643768310547,133.14857025146483,0.1619632648395198,149.8765691409958,136.19199317589874,1.289355927788904,0.8400457422351532,57.622078557434406
2021-11-03,147.75897216796875,0.009798564440024915,143.79291717529296,133.2464850616455,0.16334406809804103,150.30086692382073,136.69332405518318,1.4101161016253627,0.9540598141131952,60.89493174443486
2021-11-04,147.2420196533203,-0.003498620131580088,143.84363647460938,133.31832153320312,0.16353035838205285,150.6325075362932,137.10979440462478,1.447420697033806,1.0527319906973174,59.12200894287969
2021-11-05,147.7694549560547,0.003582097718954236,143.92090057373048,133.38211616516114,0.1623048125452374,150.91849966039265,137.66269388208784,1.502227732434818,1.1426311390448176,60.389153117498054
2021-11-08,146.94898986816406,-0.005552332098231139,143.96107727050781,133.42312034606934,0.1646784294006002,150.96159002052048,138.38522852196002,1.4625981066359657,1.2066245325630474,57.40799859343673
2021-11-09,147.3104248046875,0.002459594563036571,143.9203094482422,133.46476669311522,0.1586638449533592,150.68668574234113,139.58870030502214,1.4437138864120982,1.2540424033328577,58.38266176351645
2021-11-10,144.48744201660156,-0.019163496350165343,143.84824615478516,133.49763748168945,0.1759782990950627,149.71871841292867,141.26145889420022,1.187270769108352,1.2406880764879566,48.958961053841826
2021-11-11,144.43862915039062,-0.0003378346625122486,143.76194244384766,133.554388961792,0.16328210831152992,149.1764162679998,142.225686393133,0.9689297417896228,1.18633640954829,48.81224516806197
2021-11-12,146.50941467285156,0.01433678465824273,143.6948147583008,133.6463956451416,0.16831571651186047,148.755496604484,143.17027243848474,0.9520137678554192,1.139471881209716,54.976364036494665
2021-11-15,146.51918029785156,6.665527278104655e-05,143.61520324707033,133.72786933898925,0.16423748891201373,148.55139956896775,143.73222164685254,0.9286903763929217,1.0973155802463572,55.0038828414089
2021-11-16,147.49600219726562,0.006666853427846897,143.50850524902344,133.8101013183594,0.15744140571427445,148.6910806067684,143.83252016227456,0.9777568123639924,1.0734038266698842,57.78341757514667
2021-11-17,149.92819213867188,0.016489870268845408,143.48127288818358,133.90959106445314,0.16681759611682428,149.38349045994198,143.5745402407416,1.1990774989792783,1.098538561131763,63.782470258616
2021-11-18,154.20655822753906,0.028536101368513922,143.55989532470704,134.0137261199951,0.1924063197098829,151.39006190548713,142.40877232302847,1.7001063574167858,1.2188521203887677,71.46414105621317
2021-11-19,156.82437133789062,0.016976016717063613,143.79036193847656,134.13301628112794,0.1960728039704723,153.71029711844366,141.2681818854626,2.2821042996689016,1.4315025562447945,74.96326931808993
2021-11-22,157.283447265625,0.0029273251588253224,144.01869598388672,134.25387260437012,0.19545907221456946,155.58620237916793,140.62270417600783,2.74870014837893,1.694942074671622,75.5299448056015
2021-11-23,157.66444396972656,0.0024223572837778207,144.2825457763672,134.38100914001464,0.1955467670287731,157.21553759420172,140.19556927835688,3.113335377770909,1.9786207352914793,76.01513878214175
2021-11-24,158.18211364746094,0.003283363481964008,144.53899688720702,134.51374794006347,0.19373333135357218,158.67945852413712,140.03145761355822,3.4048342311848216,2.263863434470148,76.691397503448
2021-11-26,153.17115783691406,-0.03167839710192988,144.69991088867187,134.62269592285156,0.2167794076972295,159.04651988643988,140.1002711902203,3.194680627392131,2.450026873054545,59.27061583225084
2021-11-29,156.52157592773438,0.021873687828276367,144.9810888671875,134.747229385376,0.2151194213419941,159.90405969356226,140.28382940555883,3.260893570384752,2.6122002125205865,64.99596764264783
2021-11-30,161.46412658691406,0.031577439914492356,145.4219808959961,134.90707305908202,0.23383935975174278,161.66577723377947,140.1393939698338,3.669886172944473,2.8237374046053643,71.3860800795307
2021-12-01,160.94647216796875,-0.003206002657603735,145.84296112060548,135.07575275421144,0.23569436647995354,163.05392656957315,140.213372319587,3.9072055384193334,3.0404310313681586,69.94586956706792
2021-12-02,159.9598846435547,-0.006129910840073749,146.19700073242188,135.24499259948732,0.23805378653212683,164.08810677296734,140.39928336375144,3.9699108166766166,3.2263269884298507,67.1646604621233
2021-12-03,158.08445739746094,-0.011724359831046693,146.4944155883789,135.40407752990723,0.24326147413499466,164.65880926939477,140.91282464173807,3.8241910028972086,3.345899791323323,62.10902700199066
2021-12-06,161.48370361328125,0.021502722480008396,146.85805908203125,135.59897190093994,0.2513577041550295,165.7033520747332,141.23970670212228,3.937607473672273,3.464241327793113,66.9630495839528
2021-12-07,167.2077178955078,0.03544638966130198,147.3664193725586,135.82316692352296,0.2708421731595375,167.75335785819175,141.21557372139807,4.438210036267151,3.6590350694879206,73.1910497204127
2021-12-08,171.0172119140625,0.02278300347915363,148.01846466064453,136.06888870239257,0.2762587917064819,170.3958354606371,140.94377482989023,5.083733389794332,3.943974733549203,76.38214896788459
2021-12-09,170.50926208496094,-0.002970167876183205,148.64240478515626,136.33326595306397,0.260984231361593,172.12882499744305,141.81296729992025,5.491030807019257,4.253385948243214,75.09854738255831
2021-12-10,175.28575134277344,0.028013077995918456,149.38782012939453,136.62021324157715,0.2676516768509091,174.55380803329652,142.47269648330504,6.128593102539327,4.628427379102437,78.71999899138147
2021-12-13,171.66195678710938,-0.02067364020123741,150.03832550048827,136.8572971725464,0.287964760479046,175.7928122635615,143.74894646446583,6.269188576326428,4.956579618547235,70.35970654073799
2021-12-14,170.28463745117188,-0.008023439565270851,150.72975555419922,137.1004742050171,0.29235985489066857,176.35585603173024,145.56244841162913,6.198026352907277,5.204868965419244,67.42856968052907
2021-12-15,175.13929748535156,0.028509089879418692,151.47984985351562,137.38280006408692,0.30147016703930457,177.6117930853608,147.0708408868072,6.458906022722488,5.455676376879894,71.87590163371924
2021-12-16,168.26266479492188,-0.03926379053224671,152.07504943847655,137.64012516021728,0.3444899130081317,177.56158738873043,148.95449384906252,6.041129868238926,5.572767075151701,59.48573287376033
2021-12-17,167.16867065429688,-0.006501704593579127,152.6232046508789,137.88570919036866,0.33645872967116613,177.646384990167,150.16590749030172,5.557697395608017,5.569753139242964,57.77929681366419
2021-12-20,165.81089782714844,-0.008122172784135517,153.1518118286133,138.1491025161743,0.33566905598820646,177.7027445053382,151.00820062405634,5.007291815220327,5.457260874438437,55.64573189036482
2021-12-21,168.97567749023438,0.019086680698062963,153.7454705810547,138.40532569885255,0.3404875528315563,178.00436453481117,151.87580361704428,4.771460273051986,5.320100754161147,59.40820113149651
2021-12-22,171.564208984375,0.015318959110492303,154.416259765625,138.6798876953125,0.34285952102203887,178.54767067938576,152.72247397393454,4.738808895979162,5.20384238252475,62.23032121710523
2021-12-23,172.18939208984375,0.0036440182318311365,155.11125701904297,138.94795013427733,0.34284556407109495,179.06413985875548,153.60673263880312,4.709095969124974,5.104893099844795,62.901187042519275
2021-12-27,176.14540100097656,0.022974753921360502,155.82977752685548,139.24031368255615,0.32057508673228696,179.3264534274689,155.64184338649596,4.947730757587436,5.073460631393324,66.90677424485528
2021-12-28,175.12950134277344,-0.005767392463442711,156.5069125366211,139.51320823669434,0.31881087684103154,179.53211328431001,157.29697607115872,4.997270510770107,5.058222607268681,64.96688707273412
2021-12-29,175.21742248535156,0.0005020350192515011,157.1524478149414,139.77886165618895,0.30426750532230473,180.11048151167336,158.09393743363916,4.986148408417847,5.043807767498515,65.0613019188551
2021-12-30,174.06480407714844,-0.006578218032510352,157.73181976318358,140.04268955230714,0.30559898300007465,180.27249233753093,159.24375979869956,4.828665538873025,5.000779321773417,62.6765481589928
2021-12-31,173.44943237304688,-0.0035353023109072623,158.28913055419923,140.32400398254396,0.30458396957822026,179.98735788477933,160.87784902440035,4.601164516094826,4.9208563606377,61.38293303692747
2022-01-03,177.78639221191406,0.025004174297552417,158.92888793945312,140.62962829589844,0.3069588090459182,179.57195661458394,163.26344377604107,4.716456357006166,4.879976359911393,66.61302834548962
2022-01-04,175.52996826171875,-0.012691769725017843,159.53892883300782,140.90744205474854,0.3081490019186374,178.9902098908384,165.24981696463033,4.573036300644702,4.818588348058055,61.91469286027712
2022-01-05,170.86090087890625,-0.026599830382529444,160.05656341552734,141.1660425567627,0.30380082224853855,178.80749713567764,165.79784801813094,4.036094570101255,4.662089592466695,53.50511371676905
2022-01-06,168.00868225097656,-0.016693220117990237,160.5038882446289,141.42229217529297,0.29897764114704156,178.9162204522834,165.3882717352166,3.341890935452085,4.3980498610637735,49.116333500661916
2022-01-07,168.17471313476562,0.0009882279984854137,160.96370208740234,141.67694129943848,0.29891239171157863,178.99657988385093,165.07445740862954,2.7731596006251493,4.0730718089760485,49.37664312916354
2022-01-10,168.1942901611328,0.0001164088583964773,161.3513397216797,141.92867431640624,0.27935556661407374,178.66731362165808,164.6945775526583,2.297531114181794,3.7179636700171974,49.40950734490713
2022-01-11,171.0172119140625,0.016783695512049057,161.84947204589844,142.1936469268799,0.2776321515737471,178.64139255075148,164.65602413626024,2.1238953616273193,3.3991500083392223,54.04253793924772
2022-01-12,171.45677185058594,0.0025702672356997525,162.3727813720703,142.46806064605713,0.27613567364478336,178.67145190531406,164.74317822163906,1.99871662893122,3.119063332457622,54.73762238157934
2022-01-13,168.1942901611328,-0.019028013033490332,162.81016326904296,142.71522396087647,0.2634178935881448,178.29620033539462,164.4239290591366,1.6176097761909318,2.818772621204284,48.83400093031554
2022-01-14,169.0539093017578,0.0051108699338215935,163.23606201171876,142.9625532913208,0.22406867351663712,178.27009088785977,164.52916295735506,1.3691610933680352,2.5288503156370346,50.3533759183758
2022-01-18,165.85972595214844,-0.018894466048151703,163.60841613769531,143.17981391906739,0.233211090400734,178.39659915843234,164.27176021656769,0.9040979425451781,2.2038998410186634,45.005431423625154
2022-01-19,162.37258911132812,-0.02102461475081885,163.90047882080077,143.37813186645508,0.24323936946661479,178.92359575068784,163.40093275273014,0.25125295739007925,1.8133704642929465,40.0095124169381
2022-01-20,160.69247436523438,-0.01034728062962531,164.1753485107422,143.5598336029053,0.2333422093422988,179.78063632101265,161.71557186990532,-0.3971248079598979,1.3712714098423775,37.83055942905493
2022-01-21,158.64125061035156,-0.012764902419889479,164.40196502685546,143.71932037353517,0.22623183585060389,180.6160696377979,159.58784271571776,-1.0642178318234983,0.8841735615092023,35.30270879420799
2022-01-24,157.86949157714844,-0.00486480679037693,164.66960601806642,143.86211456298827,0.2245224044066011,181.1746183921456,157.5973039101005,-1.6363060459684675,0.3800776400136682,34.37209806574987
2022-01-25,156.072265625,-0.011384251220383224,164.9022787475586,144.0044785308838,0.20120606415876832,181.12706191037952,155.6375468542689,-2.2092443974389653,-0.1377867674768586,32.24067439128798
2022-01-26,155.9843292236328,-0.0005634338747825263,165.0917770385742,144.13089530944825,0.20211627781450206,180.89153636418695,153.95855518854745,-2.6399660165355954,-0.6382226172886062,32.13567136605009
2022-01-27,155.52525329589844,-0.0029430900528232273,165.27189849853517,144.26668380737306,0.2010826645690097,180.37932726367683,152.50154737011223,-2.9839623332364056,-1.1073705604781663,31.557834294945692
2022-01-28,166.37741088867188,0.0697774629058241,165.6495266723633,144.4447257232666,0.3353417082586952,179.52578655923418,152.5863487557072,-2.3537706670316254,-1.3566505817888583,53.049650140483635
2022-01-31,170.7241973876953,0.026126061679923707,166.06544677734374,144.64615440368652,0.3498145468274002,179.12719261902683,152.71241919737943,-1.4864549609145286,-1.3826114576139925,58.65052952869708
2022-02-01,170.55807495117188,-0.0009730456435896873,166.39247711181642,144.84344688415527,0.3365307081935475,177.7554716064019,153.36130848393015,-0.8032463831276289,-1.2667384427167199,58.36397523626958
2022-02-02,171.75958251953125,0.007044565721695317,166.69118133544922,145.05515670776367,0.3353993682386932,177.02241436063446,153.7173271554788,-0.1629684448427895,-1.0459844431419338,59.890368885810716
2022-02-03,168.88783264160156,-0.01671959046362459,166.92326904296874,145.25061225891113,0.32708017499656933,176.76028228968335,153.78215240269947,0.11144554440409138,-0.8144984456327288,54.72623332757345
2022-02-04,168.60415649414062,-0.0016796719042687647,167.14206329345703,145.4522328186035,0.32144426129426845,176.8229650562576,153.77901706044162,0.30254278866723894,-0.5910901987727353,54.22880379844582
2022-02-07,167.89019775390625,-0.004234526331260313,167.33622497558594,145.63871368408203,0.32184464206806757,176.7944937507863,153.77903682782696,0.3918610971890075,-0.3944999395803867,52.924942549693974
2022-02-08,170.99058532714844,0.018466757527957345,167.6926135253906,145.83875190734864,0.32837814468325865,177.14899238189017,153.70416771332467,0.7046985402246548,-0.17466024361937837,57.683138862142584
2022-02-09,172.40872192382812,0.008293653091873132,168.0103564453125,146.04748504638673,0.3243315317577059,177.3737713149518,153.61853978123963,1.054896054130495,0.07125101593059638,59.69014849163876
2022-02-10,168.34011840820312,-0.023598594492351466,168.1478762817383,146.2398127746582,0.3353367558484896,176.96781157673024,153.7128341752229,0.9926847540452002,0.2555377635535172,52.06123845247851
2022-02-11,164.93650817871094,-0.020218651749067118,168.2276770019531,146.41560844421386,0.33622483985588775,176.7276000908275,153.62726746288345,0.6611179934600102,0.33665380953481583,46.68569034197561
2022-02-14,165.17124938964844,0.0014232216598351055,168.331904296875,146.60239776611328,0.33562369317377166,176.3887412862185,153.57786027628148,0.41253515235314353,0.3518300780984814,47.091449495092604
2022-02-15,168.99537658691406,0.023152499066252608,168.55012268066406,146.80305755615234,0.3389829444085416,176.68164540035744,153.59852122561912,0.5181338406996474,0.38509083061871463,53.32374720115298
2022-02-16,168.7606658935547,-0.0013888586664302371,168.69566192626954,147.0253433227539,0.3289656585451719,177.03210074987783,153.88687355432137,0.576239836478635,0.4233206317906988,52.91178255234002
2022-02-17,165.17124938964844,-0.021269271988830996,168.65493255615235,147.2284666824341,0.33665476125139,177.03893724649072,154.3279145601499,0.3288624216180551,0.40442898975617003,46.93934061564998
2022-02-18,163.62594604492188,-0.009355764701404534,168.50710723876952,147.41589096069336,0.33494068632681717,176.8476422763081,155.01767907378954,0.008028426103834363,0.32514887702570294,44.605033540215814
2022-02-22,160.71141052246094,-0.017812184393181663,168.31115020751952,147.58538249969482,0.3414247303451556,176.61533328715606,155.53417995747284,-0.47592729212900053,0.16493364319476223,40.51285868333356
2022-02-23,156.5547332763672,-0.025864232244497742,167.9365298461914,147.75045249938964,0.35215145345843407,176.54485351910762,155.65290649065798,-1.1812579936564305,-0.10430468417547639,35.50934988119896
2022-02-24,159.1660919189453,0.016680164105727036,167.68661254882812,147.9331566619873,0.35682512264457944,176.13687128652,156.37906499277685,-1.512092378138533,-0.3858622229680878,40.48249779763337
2022-02-25,161.22975158691406,0.012965447873279912,167.50551483154297,148.14146961212157,0.35881122856527453,175.39317293911674,157.69321316928168,-1.5894388610927308,-0.6265775505930166,44.14796914511204
2022-02-28,161.49386596679688,0.0016381243367509235,167.23260620117188,148.34039009094238,0.25458558244408563,175.43317325878223,157.16485835742873,-1.610855740669109,-0.8234331886082351,44.61807089300286
2022-03-01,159.615966796875,-0.011628300299083572,167.05967224121093,148.51784454345704,0.2350333965365317,175.09315789939293,156.39405065773596,-1.7590819391837726,-1.0105629387233428,41.91657920550727
2022-03-02,162.90219116210938,0.02058831851964027,166.97434265136718,148.71747623443605,0.24980566327894954,174.50504726345326,156.21657291476942,-1.5930181061587518,-1.1270539722104247,47.86537086979721
2022-03-03,162.57943725585938,-0.001981274186354076,166.9097134399414,148.92240894317626,0.2474303267828318,173.60460445584545,156.19900119601004,-1.4705038123368013,-1.1957439402357002,47.3524177084174
2022-03-04,159.5866241455078,-0.01840831264313958,166.72193237304688,149.11315673828125,0.24877495589187484,173.23621796845117,155.6372668337949,-1.5965018779762659,-1.2758955277838133,42.77482358020984
2022-03-07,155.80165100097656,-0.023717358298651625,166.4066812133789,149.27222133636474,0.2596248498496906,173.16395584482237,154.4292784081073,-1.9789597371951686,-1.4165083696660845,37.79820669187611
2022-03-08,153.98245239257812,-0.011676375678374762,166.0425424194336,149.4313447189331,0.26112446434937825,173.22350932577874,152.97895039101812,-2.40117521688623,-1.6134417391101137,35.65125253774235
2022-03-09,159.37147521972656,0.03499764254571769,165.7070639038086,149.60928092956544,0.285591150663747,172.05256326623152,152.98798543982315,-2.2747134416365213,-1.7456960796153957,45.52271737762024
2022-03-10,155.0387725830078,-0.027186186428563963,165.3052493286133,149.7665277481079,0.29403491632973233,170.53360034755764,152.769953424415,-2.4953397432545046,-1.8956248123432176,40.185179594161674
2022-03-11,151.33200073242188,-0.02390867644802419,164.8275408935547,149.905484085083,0.29429513958929304,170.227117458302,151.37562454609255,-2.9354550873808023,-2.103590867350735,36.26731156135872
2022-03-14,147.31228637695312,-0.026562223032894572,164.29249053955078,150.03198707580566,0.2994203440085364,170.88745763678236,148.95286218743638,-3.5674832960370395,-2.396369353087996,32.56005195757761
2022-03-15,151.68409729003906,0.029677164210859086,163.85718383789063,150.1836117553711,0.3238425275472661,170.50823464503716,147.98336996922066,-3.673258562788874,-2.651747195028172,39.77102642858099
2022-03-16,156.0852508544922,0.029015260288213218,163.42316101074218,150.35884910583496,0.33096525013235245,168.95304937728434,148.24754266373128,-3.3631812531048695,-2.794034006643512,46.02762247883645
2022-03-17,157.0926055908203,0.006453875243261908,163.05441375732423,150.53532497406005,0.33287574376991175,167.20882846077993,148.82495754996225,-3.0015575556897147,-2.835538716452753,47.37510908410396
2022-03-18,160.3788299560547,0.020919026410409325,162.8447723388672,150.7356336212158,0.3364502344043408,166.41721640988038,149.13732765750245,-2.4218794097111527,-2.752806855104433,51.61866758708172
2022-03-21,161.74810791015625,0.008537772438399482,162.7195608520508,150.93134532928468,0.3367336481028215,166.0934651816259,149.27329507228035,-1.8308857045892069,-2.568422625001388,53.30817057241639
2022-03-22,165.11257934570312,0.020800684960195603,162.65831817626952,151.1438306427002,0.338088369082636,166.85971586198977,148.9471612742407,-1.078600770337971,-2.270458254068705,57.257729853362356
2022-03-23,166.47203063964844,0.008233481054759517,162.62387298583985,151.35902278900147,0.32271036061424413,168.10773616639855,148.69087070616004,-0.36846573834100127,-1.890059750923164,58.77512464137277
2022-03-24,170.24729919433594,0.02267809517419539,162.6084747314453,151.59119228363036,0.3266933688910174,170.0163632508423,147.89036434925538,0.49326792628511384,-1.4133942154815085,62.73194729779766
2022-03-25,170.8830108642578,0.003734048486703001,162.59699951171876,151.83150722503663,0.32481078483454456,171.69488016626067,147.17717336157133,1.2135061394613729,-0.8880141444929321,63.36951588236369
2022-03-28,171.74366760253906,0.005036526064986724,162.66798706054686,152.07008712768555,0.3248305068379191,173.37134077923142,146.52569291217483,1.8326225860069485,-0.3438867983929559,64.26094686323287
2022-03-29,175.0299072265625,0.01913456065017005,162.78750701904298,152.3098565673828,0.3244583678010544,175.73693132968592,145.7014964046891,2.5589509105899992,0.23668074340363532,67.51198578898783
2022-03-30,173.8660125732422,-0.006649690168742062,162.94763275146485,152.5478969192505,0.3212897009257549,177.38107279960937,145.15373707587892,3.0060034328835172,0.7905452812996119,65.24814225674169
2022-03-31,170.77542114257812,-0.017775707770155136,163.11568939208985,152.76800094604494,0.3296187692471519,178.33892276824508,145.01548549591507,3.0754589025148107,1.2475280055426519,59.53889441189568
2022-04-01,170.4820098876953,-0.0017181117336425578,163.31148010253906,152.9786518096924,0.32066790055719613,179.30307858968504,145.14086824869386,3.0714215902692956,1.612306722487981,59.010980107768795
2022-04-04,174.5213165283203,0.023693448025899455,163.62908142089844,153.21597557067872,0.3113181893663702,180.8000817486986,145.51583164241467,3.3554803900097454,1.9609414559923344,63.77317994339982
2022-04-05,171.2155303955078,-0.01894201922477512,163.89600219726563,153.42781021118165,0.3177518268805332,181.45700177973936,146.58221941166687,3.2760850528298135,2.2239701753598307,57.849491099279724
2022-04-06,168.05645751953125,-0.01845085471323249,164.13568603515625,153.61566879272462,0.3084665880014173,181.83634895424183,147.0713704671449,2.9245406127638773,2.36408426284064,52.802015374720355
2022-04-07,168.3596649169922,0.0018041996239608338,164.38319274902344,153.8064070892334,0.2874958910949987,181.99689625501463,148.24291239977055,2.639973443703269,2.419262099013166,53.22387096286975
2022-04-08,166.3546600341797,-0.011909057218669639,164.59978088378907,153.98853240966798,0.27476133609461917,181.451662170026,150.29041241493496,2.226993381067274,2.3808083554239876,50.03887963269088
2022-04-11,162.1099853515625,-0.02551581471625175,164.51443237304687,154.15089515686034,0.27319348836558344,179.68447989651216,153.53736458590973,1.5394481335958687,2.212536311058364,44.03157474064729
2022-04-12,163.97801208496094,0.011523205861423635,164.3795086669922,154.31446601867677,0.25859970604216087,178.35571153624102,156.09552442567303,1.132245891277222,1.9964782271021355,47.04461927950825
2022-04-13,166.6578826904297,0.016342865554927144,164.30150482177734,154.48388832092286,0.2459643107700473,177.58492855086075,157.92357059464706,1.014088560081717,1.8000002936980521,51.11083577706037
2022-04-14,161.6601104736328,-0.029988213795325458,164.09951538085937,154.62525390625,0.27253643329794314,176.94424423680232,159.02100539698677,0.5112759037016303,1.5422554156987678,44.281887215143605
2022-04-18,161.44496154785156,-0.0013308720694975573,163.95065795898438,154.76403396606446,0.26286213333760394,176.8179941008912,159.25386869207756,0.09434498050734419,1.2526733286604832,44.00928300499041
2022-04-19,163.72373962402344,0.014114891256587603,163.85304962158204,154.90110916137695,0.26586304486430845,176.65966197771527,159.60976398664022,-0.05160259119534771,0.9918181446893171,47.682929704712606
2022-04-20,163.5574951171875,-0.0010153964673522697,163.76639556884766,155.02732177734376,0.25509086605474135,176.72513171437237,159.38878582713153,-0.17862258562519173,0.7577299986264153,47.43839455380323
2022-04-21,162.7653045654297,-0.004843498924890111,163.6018899536133,155.13715576171876,0.2534730023694027,176.83593089424758,158.90731403983446,-0.3392987781463148,0.5383242432718693,46.22194632203385
2022-04-22,158.23695373535156,-0.027821351990023002,163.31845458984375,155.23082473754883,0.2542783808453465,177.12984433895292,157.41236604923068,-0.8225539948782625,0.2661485956418429,39.92031865883033
2022-04-25,159.30300903320312,0.006737081779484511,163.13771240234374,155.32071800231932,0.25563583860305567,177.00729446467165,156.3769157404065,-1.106757471464988,-0.008432617779523357,41.92755705574492
2022-04-26,153.35653686523438,-0.037328059300683614,162.9061129760742,155.38384933471679,0.2801906715656888,177.3878897064612,154.15760742488644,-1.7911738443384877,-0.3649808630913164,34.91941849839334
2022-04-27,153.13160705566406,-0.0014667115870513614,162.66532012939453,155.4403045654297,0.2653184871512716,176.7386996982913,152.6169674159665,-2.324928379469071,-0.7569703663668675,34.683264449117885
2022-04-28,160.04632568359375,0.0451553977711221,162.48633911132814,155.5142414855957,0.32255347169642673,175.39723581636943,152.57646260892355,-2.165015735768179,-1.0385794402471302,46.63198993781016
2022-04-29,154.1878662109375,-0.03660477332193324,162.19488311767577,155.5621484375,0.33973513596498944,174.8968643644701,151.41807856765882,-2.4823970043538566,-1.3273429530684757,39.96183218923094
2022-05-02,154.49107360839844,0.001966480274434357,161.9812796020508,155.62174911499022,0.34044072022904925,174.17482137085184,150.54102793334735,-2.6785806331707533,-1.5975904890889314,40.436699156113484
2022-05-03,155.97769165039062,0.009622679209029483,161.82831451416016,155.70796882629395,0.32832764171184936,172.08167811721023,150.779808699196,-2.6831700070060265,-1.8147063926723508,42.82450363732469
2022-05-04,162.37403869628906,0.041008088901810735,161.86156707763672,155.80815292358398,0.3626904669562385,170.61418971603987,151.3631479304445,-2.1459383274946617,-1.8809527796368128,51.781301843813594
2022-05-05,153.32720947265625,-0.05571598327091176,161.7970166015625,155.8667551422119,0.40608897526372606,169.85469934390616,150.6497134978907,-2.42225956135826,-1.9892141359811024,41.805917051971456
2022-05-06,154.052001953125,0.004727096273137388,161.6947348022461,155.9221639251709,0.40680011407003425,168.71876866111631,150.35487788429384,-2.553328255415039,-2.1020369598678896,42.75735044467606
2022-05-09,148.93914794921875,-0.03318914353000091,161.44892272949218,155.94343788146972,0.41903528051155653,168.41150703109273,148.92058830582133,-3.034782642746478,-2.2885860964436073,38.03346022891555
2022-05-10,151.3388671875,0.016112078465088553,161.24582275390625,155.9746164703369,0.41829484634698766,168.25460403226296,148.00037948824487,-3.185975483980883,-2.468063973951063,41.31085329617076
2022-05-11,143.49325561523438,-0.05184135257564315,160.92336853027345,155.97737724304199,0.44830996034817994,168.76609128410004,145.4404165894351,-3.893984753003622,-2.753248129761575,34.82567550061121
2022-05-12,139.6341094970703,-0.026894268316777548,160.45800689697265,155.96955917358397,0.4456501608966179,168.91876403737683,142.58536651682238,-4.712169087128501,-3.1450323212349605,32.15196520944558
2022-05-13,144.0907440185547,0.031916517658444166,160.08823303222655,155.98081008911132,0.459878844356659,168.70808152411038,141.03911238458105,-4.943981762154891,-3.504822209418947,38.06550943682539
2022-05-16,142.5529327392578,-0.01067251952768633,159.74755920410155,155.98330070495606,0.4599956491671151,168.43770122848932,139.42028979934273,-5.1919341108841195,-3.8422445897119815,36.87130204271433
2022-05-17,146.17701721191406,0.02542272826673453,159.5550665283203,156.00556747436522,0.4681679091120268,167.18373455082866,138.91958423579246,-5.037930675620913,-4.081381806893768,41.52698651283796
2022-05-18,137.92984008789062,-0.05641910938754091,159.23401428222655,155.97763832092286,0.5016518644276212,166.52516417433472,137.01538910935668,-5.51775486956052,-4.3686564194271185,35.17037835461751
2022-05-19,134.53106689453125,-0.024641319029976683,158.73720611572264,155.9347117614746,0.5049080646635165,166.05669041769787,134.6604390989037,-6.101932314771943,-4.715311598496084,32.9330558050418
2022-05-20,134.76609802246094,0.001747039797981742,158.33175262451172,155.8924247741699,0.5011815757624999,165.8808135093616,132.4892304359509,-6.471334584264895,-5.066516195649847,33.24928021906497
2022-05-23,140.17283630371094,0.040119424399665204,158.1085693359375,155.88058532714842,0.5271120461112611,164.67368581206551,131.78334086029776,-6.255698156625272,-5.3043525878449325,40.230929461240976
2022-05-24,137.479248046875,-0.01921619286492693,157.91190856933594,155.8555216217041,0.5165815258474893,164.36331177840043,130.50598601212693,-6.2303353673489426,-5.489549143745735,38.0933056423717
2022-05-25,137.63597106933594,0.0011399758486276834,157.63094604492187,155.83363136291504,0.5168969642470137,163.9061099906867,129.41362420120785,-6.126961141852377,-5.617031543367063,38.29872983564539
2022-05-26,140.82908630371094,0.023199714504621882,157.32582275390624,155.82643867492675,0.49412007235586564,161.91557795642737,129.48243229747888,-5.721425577346793,-5.6379103501630095,42.48620709407041
2022-05-27,146.56881713867188,0.04075671429538841,157.1153469848633,155.83316749572754,0.5065325535374136,161.04556914392205,129.59053620275765,-4.880626586100817,-5.486453597350572,49.164793746970425
2022-05-31,145.7852020263672,-0.005346397191452357,156.82347442626954,155.8349543762207,0.5064300177779836,160.011814329791,129.75370385868555,-4.228771868743252,-5.234917251629108,48.33949604833623
2022-06-01,145.6579132080078,-0.0008731257808756165,156.50167053222657,155.82625343322755,0.5044896651726768,158.57868457808186,130.15485576615643,-3.6800224447140693,-4.923938290246101,48.19796320432921
2022-06-02,148.1066131591797,0.016811307379331897,156.1615512084961,155.8343314361572,0.483407974875016,155.25144466472437,132.05535312580298,-3.0128150942306036,-4.541713651043001,51.160452229615984
2022-06-03,142.396240234375,-0.038555826799356874,155.68003540039064,155.8325358581543,0.4625124108079723,153.77868443270813,132.4350164339911,-2.9112685419077025,-4.215624629215942,44.735423817356775
2022-06-06,143.14065551757812,0.005227773443862382,155.13790252685547,155.83280448913575,0.4626308421282682,151.91086932547162,133.2116968976729,-2.7391488724315707,-3.9203294778590676,45.692910405533475
2022-06-07,145.6579132080078,0.01758590304988905,154.63340057373046,155.83839286804198,0.4540928760878076,151.38368785716645,133.410754891857,-2.3722750264837487,-3.6107185875840044,48.9159682548536
2022-06-08,144.9232940673828,-0.005043455068424074,154.09699310302733,155.83289527893066,0.4498812817001891,150.12842892316593,134.0244565138458,-2.1164058760447517,-3.311856045276154,48.02028277945076
2022-06-09,139.7124481201172,-0.03595588949863926,153.39064392089844,155.80178253173827,0.4295081633782265,149.9767738651228,133.79803082237723,-2.3075000260405716,-3.1109848414290378,42.12772843007617
2022-06-10,134.31553649902344,-0.03862870985163602,152.59963439941407,155.7498299407959,0.4407688770238006,150.34737751290265,132.89556987479267,-2.8614442326938843,-3.0610767196820072,37.05596727063424
2022-06-13,129.17332458496094,-0.038284565196967324,151.7675924682617,155.6761653137207,0.4404682289278597,151.12927254639078,130.62193289794516,-3.673041991932166,-3.1834697741320395,32.98166976837943
2022-06-14,130.0352325439453,0.006672491876737796,150.9586569213867,155.60164070129395,0.4418489104416861,151.5473172414175,128.9521181833872,-4.198294963360183,-3.386434811977669,34.28588377291587
2022-06-15,132.65045166015625,0.020111619482259258,150.12123962402345,155.51814888000487,0.43750488337339416,150.9957811394317,128.15099773019722,-4.35335266146663,-3.5798183818754614,38.214789951185956
2022-06-16,127.39067840576172,-0.039651378405177296,149.2447425842285,155.41464923858643,0.4145493208231455,151.69471727842117,126.39814542299487,-4.844808808066205,-3.8328164671136107,33.83348623117327
2022-06-17,128.85989379882812,0.011533146784780346,148.46081130981446,155.31517963409425,0.4101076025616147,152.0742830860499,125.45146230579581,-5.057438933641038,-4.077740960419097,36.039395148724815
2022-06-21,133.08140563964844,0.032760478969591666,147.7552461242676,155.2312576675415,0.42807960998579087,152.1172530737792,125.24002307978523,-4.829636076819213,-4.22811998369912,42.02061983391558
2022-06-22,132.57208251953125,-0.0038271546477072205,147.07959457397462,155.14161930084228,0.4006109590830479,151.9868711365045,124.61032963864194,-4.636749231890434,-4.309845833337383,41.516185015204826
2022-06-23,135.43215942382812,0.021573749540183318,146.54603805541993,155.0546255874634,0.4041580137294497,151.94081202837611,124.45167988446572,-4.204632329886778,-4.288803132647263,45.47450774716234
2022-06-24,138.75259399414062,0.024517327231867947,146.0415296936035,154.99193950653077,0.4137743059068758,151.99613213331878,124.5080220720035,-3.553285192167948,-4.1416995445513995,49.728523068215594
2022-06-27,138.75259399414062,0.0,145.48342391967773,154.93432529449464,0.40516959886360354,151.84161954056069,124.45488543380455,-3.002477204585773,-3.9138550765582742,49.72852306821559
2022-06-28,134.6191864013672,-0.029789768059745203,144.94260543823242,154.8809160232544,0.3870328032885264,150.73028572158108,124.37125617905366,-2.866446740751627,-3.7043734093969447,44.694281123502044
2022-06-29,136.3724365234375,0.01302377594857096,144.44115493774413,154.833444480896,0.3916247335244621,149.68109967885752,124.47916567148427,-2.587343698200698,-3.4809674671576953,47.13875950974922
2022-06-30,133.91395568847656,-0.01802769604793575,143.8449592590332,154.78065448760987,0.39508479501386173,148.49097047801334,124.49489912037531,-2.535305954282194,-3.291835164582595,44.18930970247634
2022-07-01,136.07859802246094,0.0161644267982044,143.29538131713866,154.73424968719482,0.3946415089822428,146.57193003563222,125.21113804908455,-2.2929652456033693,-3.09206118078675,47.31505370110662
2022-07-05,138.6546630859375,0.018930714314468133,142.81316848754884,154.70189571380615,0.3802361877418541,146.0303071335937,125.37860323627937,-1.8714684431918442,-2.847942633267769,50.843415223433084
2022-07-06,139.9867706298828,0.00960737644373122,142.44816482543945,154.6895161819458,0.38151170295372205,145.48344564024322,125.61007624086031,-1.4136436407234498,-2.5610828347589054,52.61080763612763
2022-07-07,143.34634399414062,0.023999220420194867,142.12903152465822,154.7091502761841,0.38626863111069404,144.91618467360186,125.94618028611492,-0.7708389414615624,-2.203034056099437,56.82675784393717
2022-07-08,144.0221710205078,0.004714644319040451,141.94234420776368,154.72977382659911,0.386304600347264,144.68807085541945,126.08418179960985,-0.2045204092645747,-1.8033313267324642,57.643107779650855
2022-07-11,141.89669799804688,-0.014757957107578101,141.71764602661133,154.7279677963257,0.36700219995972905,145.05876975000646,125.93190789281581,0.07195375985887154,-1.428274309414197,54.17370319357538
2022-07-12,142.86639404296875,0.006833816844245444,141.37404739379883,154.72623119354247,0.3360115250842155,146.01421113135535,125.83155226586145,0.3650992605064971,-1.0695995954300581,55.48992946205707
2022-07-13,142.5039825439453,-0.0025367162197320603,141.14036972045898,154.72224346160888,0.2992783385990982,146.56396074052574,126.61486845258949,0.5617006669550051,-0.7433395429530454,54.85578348629492
2022-07-14,145.42283630371094,0.020482611837641107,140.95900497436523,154.74040912628175,0.30421924777442894,147.57558262459222,127.14200694449956,0.9421749956699443,-0.4062366352284474,58.92701999736496
2022-07-15,147.0879364013672,0.01145005928902898,140.78120986938475,154.78377407073975,0.3003373573128159,148.91806756107943,127.24327048213345,1.362358879283363,-0.05251753232608524,61.08314832164231
2022-07-18,144.05154418945312,-0.020643380322016958,140.41475997924806,154.80747051239013,0.2684486900553904,148.8119307811291,129.01549384045296,1.4338179976393803,0.24474957366700795,55.374534253652016
2022-07-19,147.90089416503906,0.026722032014619534,140.3062336730957,154.85690006256104,0.27763255290933925,149.34640352964246,130.38512112856066,1.7805353334620406,0.5519067256260146,60.4241025956525
2022-07-20,149.8990020751953,0.01350977572810752,140.2231736755371,154.91071163177492,0.26196420603051424,150.62673314253558,130.78655115922223,2.191282192441406,0.879781818989093,62.778509267410776
2022-07-21,152.16162109375,0.01509429007018781,140.28762313842773,154.99295406341554,0.26106521109715275,152.0814313449808,131.29080681419887,2.6686143575954873,1.237548326710372,65.29621370908835
2022-07-22,150.92747497558594,-0.008110758214147085,140.27939529418944,155.0594185256958,0.26041563210052604,153.19776045308396,131.72400926127153,2.913730587448498,1.5727847788579974,62.800946805695176
2022-07-25,149.8108673095703,-0.007398306148010847,140.40574752807618,155.11595943450928,0.2541667162599635,154.08047599618538,131.94712104971308,2.983494194888209,1.85492666206404,60.546516190344356
2022-07-26,148.48863220214844,-0.008826029320620599,140.58283798217772,155.15959804534913,0.2578956487528686,154.63438336911176,132.36681749758745,2.898674913573558,2.063676312365944,57.896107711519726
2022-07-27,153.5720672607422,0.03423450659625771,140.7724644470215,155.23055568695068,0.24816210319857815,155.62537974522644,133.2711092074103,3.204703915353633,2.291881832963482,64.3562278022636
2022-07-28,154.12059020996094,0.0035717624891213884,141.00381759643554,155.30469493865968,0.24724567858917235,156.63069463001102,134.04060969127806,3.4517062014112696,2.5238467066530395,64.98060804543694
2022-07-29,159.17465209960938,0.032792905106080905,141.26377029418944,155.4104444503784,0.24686745540122176,158.1622691586312,135.03510480377116,4.009063856027694,2.8208901365279706,70.1662627015328
2022-08-01,158.1952362060547,-0.006153089582013216,141.66907821655275,155.51422298431396,0.25070820913711495,159.26218623538833,136.14685154537338,4.321922700973175,3.121096649417012,68.0628880393443
2022-08-02,156.7259979248047,-0.009287500157945772,142.11297683715821,155.59675609588624,0.25389573809697447,160.01133531152317,137.20483595312527,4.400583155905139,3.3769939507146374,64.9189805678682
2022-08-03,162.7203369140625,0.03824725360583647,142.67206161499024,155.7039940261841,0.2780959696106404,162.02782718942325,137.46170070364315,4.890243509699701,3.6796438625116505,70.83755442255614
2022-08-04,162.4069366455078,-0.001926005528861463,143.11674362182617,155.80132541656494,0.2731207944942375,163.81969437567983,137.57589278252328,5.193150677036357,3.982345225416592,70.17098530438591
2022-08-05,162.1813507080078,-0.0013890166402953374,143.61078567504882,155.8867511367798,0.2744765234478076,165.28397720888947,137.92752791806365,5.353294443587458,4.2565350690507655,69.66284902404873
2022-08-08,161.7104949951172,-0.0029032666877855107,144.09227615356446,155.96738414764405,0.2656133993669951,166.18363794420495,139.0092468824552,5.380195862579683,4.4812672277565495,68.54708558054821
2022-08-09,161.75961303710938,0.0003037405951522576,144.51088668823243,156.0471895980835,0.2665755997999005,166.90522351062063,140.1769832154536,5.343877947902513,4.653789371785742,68.60357783955988
2022-08-10,165.9967803955078,0.026194222889408092,144.89944595336914,156.15203388214113,0.2732795011304872,168.1249222530723,141.30656425815815,5.5925324997752455,4.841537997383643,73.09319611310755
2022-08-11,165.26116943359375,-0.0044314772862544816,145.28896530151368,156.25344387054443,0.27224961571548245,169.15736198020545,142.25795784401328,5.664933539183522,5.0062171057436196,71.18990624487772
2022-08-12,168.80201721191406,0.021425769831207253,145.7518473815918,156.3692417526245,0.27689294593336206,170.80716393012938,142.77956397514407,5.9395611445211784,5.192885913499132,74.61622623052777
2022-08-15,169.87109375,0.006333316128229738,146.18713699340822,156.49267711639405,0.2569457171938212,171.91167431953613,144.257008541792,6.172320375165555,5.388772805832417,75.5612620038258
2022-08-16,169.7141876220703,-0.0009236776220479248,146.73349594116212,156.59718601226805,0.24942932813546773,173.06128578448036,145.28872642255087,6.271825034266726,5.56538325151928,75.1192246740598
2022-08-17,171.20504760742188,0.00878453361053988,147.29478378295897,156.72265827178956,0.24835984205968056,174.39670470335625,146.08391205689765,6.3972397371316845,5.731754548641761,76.52448415716486
2022-08-18,170.8126983642578,-0.002291692030387593,147.79787948608399,156.85026523590088,0.24830943077112635,175.5441347773132,146.80158970999148,6.391297587646619,5.863663156442733,75.3188461854138
2022-08-19,168.2331085205078,-0.015101862264648713,148.2640757751465,156.95980480194092,0.25470368585589764,175.88648695096398,148.1898008908329,6.108027510484277,5.9125360272510425,67.76004824538002
2022-08-22,164.3588104248047,-0.023029343806191704,148.75700302124022,157.0428039932251,0.27078890725580884,175.3832891405702,150.1477930127501,5.507424296976382,5.831513681196111,58.29716332308298
2022-08-23,164.02529907226562,-0.0020291662593386883,149.3511982727051,157.12672039031983,0.2673113988995471,174.22362608933105,152.861122751001,4.9474986594445625,5.654710676845802,57.55206593313327
2022-08-24,164.31959533691406,0.001794212638617232,150.05412368774415,157.20947109222413,0.24425921501664732,173.6751991013498,154.48430254659945,4.475905355886539,5.41894961265395,58.06144129169147
2022-08-25,166.77162170410156,0.01492230042412146,150.78885147094726,157.3085842514038,0.2476040488760583,173.14037379090843,156.28423100645483,4.251019197422835,5.185363529607727,62.13813807381789
2022-08-26,160.48452758789062,-0.03769882460797769,151.34553298950195,157.37445476531983,0.2649591009568873,173.04347104846775,156.51212129772367,3.5248471016361975,4.853260244013422,48.988863767733385
2022-08-29,158.28744506835938,-0.01369030742435906,151.9634683227539,157.4434547805786,0.26880794495729066,173.03271056033824,156.53210267208365,2.7404738101982105,4.4307029572503795,45.37523505965577
2022-08-30,155.8647918701172,-0.015305403389358596,152.5035662841797,157.50058559417724,0.27243894174138295,173.17363404146855,156.3050585854846,1.9014457761895756,3.9248515210382187,41.72073729975676
2022-08-31,154.20713806152344,-0.010635203683299288,152.9260809326172,157.5390742111206,0.23358185367550244,173.95055667516664,154.67681606653258,1.0901842402984983,3.3579180648902747,39.38346147965014
2022-09-01,154.9329833984375,0.004706950313963176,153.3732989501953,157.58114322662354,0.23501037667679822,174.43006345490718,153.449913962085,0.5000589129547564,2.786346234503171,40.94358858909537
2022-09-02,152.8241729736328,-0.01361111351855604,153.7211392211914,157.60778408050538,0.23839778556920554,175.0687594315723,151.8755002119824,-0.13621286073717442,2.201834415455102,37.892204642560976
2022-09-06,151.56866455078125,-0.008215378486413738,153.9774606323242,157.6159864425659,0.23915528634198896,175.7155588578865,150.2145177412346,-0.7333186218829439,1.614803807987493,36.1641556304266
2022-09-07,152.97128295898438,0.009254013105942427,154.2618344116211,157.60981006622313,0.24293749997980257,176.03425675244532,149.0169868388633,-1.0808898309937263,1.075665080191249,39.48445844265876
2022-09-08,151.50003051757812,-0.009617834229714406,154.59945129394532,157.58318836212158,0.21852053256872775,176.06005438372574,147.54151421978986,-1.4582504906542795,0.5688819660221432,37.293288259108245
2022-09-09,154.35427856445312,0.01883991730644463,154.95908813476564,157.56854251861571,0.2336608717001711,175.7891058625996,146.72177365400196,-1.5095958870404331,0.15318639540962786,43.80824746332525
2022-09-12,160.29812622070312,0.03850782570803868,155.48677154541016,157.5817109298706,0.2635903871782214,174.92526261426536,146.73522780321508,-1.0584673003824037,-0.08914434374877851,54.426849928259024
2022-09-13,150.89190673828125,-0.058679534840420544,155.78303771972656,157.5452598953247,0.32800622389314416,173.9690061669598,145.79356554934878,-1.443310362990161,-0.35997754759705514,41.168442892307915
2022-09-14,152.333740234375,0.009555406431403846,156.0566192626953,157.54107280731202,0.33211392290411784,172.6842004931457,145.34032648439333,-1.6133595449689437,-0.610653947071433,43.442760119746666
2022-09-15,149.45005798339844,-0.018930029857731068,156.24588500976563,157.50571521759034,0.3312304745301916,170.95877374494026,144.89025427019644,-1.9582404278510808,-0.8801712432273626,40.103573099258206
2022-09-16,147.8120880126953,-0.010959982169328253,156.33519989013672,157.43745502471924,0.33117714804905335,169.05790074504628,144.4910662349342,-2.336794388708256,-1.1714958723235414,38.30264920236411
2022-09-19,151.5196533203125,0.025082964170689115,156.4851495361328,157.39032093048095,0.34840311458039774,167.16882020393518,144.70880125602577,-2.310991918815404,-1.399395081621914,44.3900557817687
2022-09-20,153.8932647705078,0.015665370123158162,156.72508087158204,157.35998783111572,0.34890001947090044,165.9471776618635,144.88388923266777,-2.075092296304689,-1.5345345245584692,47.93200361847745
2022-09-21,150.77423095703125,-0.02026751344919353,156.88323760986327,157.32343669891358,0.35415747666077463,164.65229263036935,144.8536674526385,-2.115434693460486,-1.6507145583388725,43.96894174745231
2022-09-22,149.8130340576172,-0.006375074131122482,157.02941864013673,157.26508335113525,0.3535824843152789,163.0637640121322,144.9915399429459,-2.199611142541926,-1.7604938751794832,42.794661314293236
2022-09-23,147.54725646972656,-0.01512403511579119,157.07190704345703,157.16678104400634,0.347875347695242,160.30597025152488,145.82689718011576,-2.421240348776024,-1.8926431698987916,40.077496424679104
2022-09-26,147.8807373046875,0.0022601628992631184,157.08776306152345,157.05109867095948,0.3277250211834195,159.13066101198936,145.74182739133093,-2.5406865223952764,-2.0222518403980887,40.6745396903115
2022-09-27,148.8517303466797,0.0065660549148574,157.18376678466797,156.94281101226807,0.32756791699660864,158.23943517634225,145.6894817548101,-2.5278578798880176,-2.1233730482960746,42.471862511623094
2022-09-28,146.9685516357422,-0.012651372654866155,157.16511993408204,156.8012250137329,0.32636422335411697,157.890999450605,145.14829345710987,-2.6392245342959484,-2.2265433454960495,39.9443110400387
2022-09-29,139.7495880126953,-0.0491191043437571,156.96213165283203,156.64166316986083,0.36502439278857923,158.92317538437658,142.67036251845548,-3.272272720251266,-2.435689220447093,32.06631501243879
2022-09-30,135.55162048339844,-0.030039212200865473,156.629931640625,156.46799808502197,0.3739323108171195,160.19167898545186,139.46372262587624,-4.065840387137342,-2.761719453785143,28.541137395416982
2022-10-03,139.7201690673828,0.030752480635190205,156.40578552246095,156.29090244293212,0.39513213797191776,160.36276719008387,137.98223403061925,-4.308713283130402,-3.071118219654195,36.05818630316148
2022-10-04,143.30027770996094,0.025623420487356663,156.27557373046875,156.16609050750733,0.40857100695574705,160.1850710626898,137.33309147393132,-4.164303457698452,-3.2897552672630463,41.72774341888766
2022-10-05,143.59446716308594,0.0020529580111521284,156.1776904296875,156.04821949005128,0.4066223139384785,159.75792748671327,136.82255347031796,-3.9802373023933626,-3.42785167428911,42.181420850137854
2022-10-06,142.64308166503906,-0.006625502478214251,155.95911071777343,155.93238040924072,0.4060994456137295,159.47610196256403,136.2186841092133,-3.866561097341645,-3.515593558899617,41.06789103086414
2022-10-07,137.40541076660156,-0.036718716654880135,155.62480712890624,155.77452907562255,0.414819389815685,159.09309574425018,134.906803547742,-4.151255069927572,-3.642725861105208,35.510136608895394
2022-10-10,137.7290802001953,0.0023555799716179493,155.19589569091798,155.60535343170167,0.38258057673177875,156.90540961850604,134.83758507143534,-4.301178369189074,-3.7744163627219818,36.08576566405075
2022-10-11,136.316650390625,-0.010255131360183967,154.75832397460937,155.42598972320556,0.3314944657470951,156.69370149781778,133.591767557358,-4.482295829269219,-3.91599225603143,34.63301391222514
2022-10-12,135.68894958496094,-0.004604725863387449,154.3375830078125,155.2237074661255,0.327110461949591,156.07644957538253,132.54454041485184,-4.623189677598475,-4.057431740344839,33.97833541476268
2022-10-13,140.2498321533203,0.033612778213037986,153.88817291259767,155.04930912017824,0.35094118937308877,155.48908265498042,132.21188475224616,-4.317059585479029,-4.109357309371677,42.48569096795659
2022-10-14,135.7281951904297,-0.03223987432617814,153.3545980834961,154.85186298370363,0.36523062193709194,155.267296289489,131.22528183551103,-4.388717195980945,-4.16522928669353,37.347594724816226
2022-10-17,139.6809539794922,0.029122606275849172,152.9045901489258,154.67994373321534,0.3697508901458912,154.1127662025561,131.19594198836188,-4.07952553789076,-4.148088536932976,43.751697269713425
2022-10-18,140.99525451660156,0.009409303843259442,152.49028533935547,154.5176728439331,0.3660307431983338,152.1844880754161,131.83441909011125,-3.6859465545134924,-4.0556601404490795,45.73777915003549
2022-10-19,141.10316467285156,0.0007653460155092606,152.0771563720703,154.3342567062378,0.36130271216403925,150.82895425399147,132.22284628311792,-3.326973645619489,-3.9099228414831613,45.9066613327642
2022-10-20,140.64218139648438,-0.003266994595308881,151.57006439208985,154.15981777191163,0.36109304299173783,149.51529739799489,132.6194178730012,-3.0445864296934246,-3.7368555591252144,45.2586311772802
2022-10-21,144.44784545898438,0.02705919393962941,151.15379791259767,154.027752494812,0.37301152698371487,148.9642557950105,132.86051837491135,-2.485061005623777,-3.486496648424927,51.36269382611094
2022-10-24,146.58602905273438,0.014802460964065567,150.70947814941405,153.9206392288208,0.37701038339716497,148.68149587367122,133.01380747105532,-1.847799249878335,-3.1587571687156086,54.436786150100446
2022-10-25,149.420654296875,0.019337622162620027,150.30046936035157,153.82686893463134,0.3827193282865894,148.83544472169876,132.9167510180473,-1.1013386041078093,-2.747273455794049,58.207958021442174
2022-10-26,146.48797607421875,-0.019626993580348584,149.83594512939453,153.71833736419677,0.38667155162741434,148.73652211369634,132.9676160698974,-0.7378997386692276,-2.345398712369085,53.29335457334775
2022-10-27,142.02517700195312,-0.030465292728220406,149.25234771728515,153.57337718963623,0.35990966231192134,148.84899044475776,133.08270663776176,-0.8007518385927312,-2.036469337613814,46.81560230235603
2022-10-28,152.75550842285156,0.07555231859173017,148.89120391845702,153.47987087249757,0.42770657776014864,150.88801874736495,132.7640671290999,0.015111294343341797,-1.6261532112223829,59.5473659590504
2022-10-31,150.4014892578125,-0.015410371706680248,148.53457153320312,153.39090686798096,0.4241228384487228,152.13080866093767,132.58940923457013,0.4663630885283965,-1.2076499512722272,56.359826900717465
2022-11-01,147.76307678222656,-0.017542462435749417,148.20265686035157,153.2844527053833,0.42264128344921603,152.6438917242498,132.52260607848459,0.6041216119767512,-0.8452956386224315,52.93933310845235
2022-11-02,142.25071716308594,-0.03730539278946354,147.76716522216796,153.166407661438,0.4449141059232231,152.56621215516395,132.4659106475704,0.2654351110207358,-0.623149488693798,46.57888416763257
2022-11-03,136.21859741210938,-0.0424048459738936,147.20514526367188,153.0356377029419,0.46932910848727044,152.6311552224406,131.75851915500078,-0.4841372001881439,-0.5953470309926673,40.80183463370267
2022-11-04,135.95335388183594,-0.0019471902905517924,146.58877990722655,152.9119421005249,0.4509771745317435,152.71782997302344,131.5266387159414,-1.0870507489896966,-0.6936877745920732,40.56359556480254
2022-11-07,136.48387145996094,0.0039022029466526664,146.10876678466798,152.80115520477295,0.4511246534354834,152.77818641927206,131.34176139566932,-1.5047103807189615,-0.8558922958174509,41.30183539958953
2022-11-08,137.05369567871094,0.0041750297134350856,145.684091796875,152.69707622528077,0.44971158403841877,152.73667453125552,131.45697781249447,-1.7693328282337006,-1.0385804023007008,42.133216406783916
2022-11-09,132.50486755371094,-0.033190116490281474,145.21689331054688,152.57923923492433,0.46531483889345926,153.06528453005927,130.80995961056573,-2.319364250608686,-1.294737171962298,37.559786764085054
2022-11-10,144.29444885253906,0.0889747034692836,145.0186395263672,152.52078983306885,0.5528544797795457,153.28536125335145,130.99434455719543,-1.783389628909248,-1.3924676633516881,52.07858215083405
2022-11-11,147.07485961914062,0.019269007149699702,144.86147705078125,152.47853786468505,0.5406616534404327,153.6314593366116,131.78291291680637,-1.1213438142430618,-1.338242893529963,54.75080299418852
2022-11-14,145.67971801757812,-0.0094859284936617,144.71858795166017,152.3750494003296,0.5347352055411909,153.91093723840714,132.10331141881943,-0.7011614511478399,-1.2108266050535386,53.14927675619354
2022-11-15,147.4088134765625,0.011869157096911387,144.6353909301758,152.25847248077392,0.5352198905011843,154.35898254608804,132.2966220071346,-0.22603476024374913,-1.0138682360915807,54.909680339053715
2022-11-16,146.18077087402344,-0.008330862813262674,144.49958068847656,152.13658596038817,0.5366399951235408,154.63099091717393,132.53237425616592,0.05082787841294589,-0.8009290131906753,53.37570384181092
2022-11-17,148.076904296875,0.0129711549030318,144.4311181640625,152.0181725692749,0.5375013039096458,155.08627068590337,132.82056677747553,0.4184223227342727,-0.5570587460056857,55.445381279374146
2022-11-18,148.63693237304688,0.003782008266792758,144.31677124023437,151.91691806793213,0.530044489182511,155.49081045451518,132.83493570027,0.7463299268090395,-0.2963810114427406,56.065706746357016
2022-11-21,145.4144744873047,-0.021680061841255593,144.0190982055664,151.80096965789795,0.5341122903614236,155.39151661919857,132.8170740790436,0.7376702419444996,-0.0895707607652925,51.612773258560296
2022-11-22,147.54638671875,0.014660935501516592,143.95218780517578,151.69925060272217,0.5321350787605266,155.1419993915339,132.8791645488958,0.8925461626708397,0.10685262392193401,54.20421341572892
2022-11-23,148.4208221435547,0.005926511954992941,143.87392944335937,151.5864017868042,0.5274154182054235,155.3620814495148,132.85236709784851,1.073471762225239,0.3001764515825951,55.2625523211923
2022-11-25,145.5126953125,-0.019593792764750373,143.7951821899414,151.45192165374755,0.5201291619725893,155.50866698082177,133.05453339759617,0.9710019660971057,0.43434155448549727,51.03815742542704
2022-11-28,141.69094848632812,-0.026264009596993376,143.67275939941408,151.3186758041382,0.44912999761913563,154.2665885369654,133.1901558478002,0.5747851201357435,0.46243026761554656,46.05563151866492
2022-11-29,138.69439697265625,-0.02114850345546959,143.41625427246095,151.1874652481079,0.4516232944236133,153.41781179914096,132.86822335710906,0.018767412150737073,0.37369769652258467,42.54826649389045
2022-11-30,145.43411254882812,0.04859400035821637,143.24707122802735,151.0887795639038,0.48449546845987396,153.13229570296886,132.9208430299413,0.12056825770153523,0.3230718087583748,51.49543025267689
2022-12-01,145.70916748046875,0.001891268333268581,143.1457699584961,150.97234851837158,0.4644156136441456,153.3674854205159,133.03149834413256,0.22089446163772664,0.3026363393342452,51.825165241121255
2022-12-02,145.2179718017578,-0.0033710691455071107,143.0538687133789,150.8546350479126,0.43510641522974386,153.3000441830262,133.99887702058712,0.2577965962018425,0.2936683907077647,51.15635676493556
2022-12-05,144.05868530273438,-0.007983078710161462,142.98409729003907,150.74907222747802,0.4366426745118134,152.99944584707242,135.1100084986307,0.1912919769644077,0.2731931079590933,49.531686932540126
2022-12-06,140.40386962890625,-0.02537032505987169,142.83455993652345,150.63296184539794,0.44826986640452415,152.6522375728472,135.84921658975045,-0.15454499473170813,0.18764548742093298,44.71069591294411
2022-12-07,138.4684295654297,-0.013784805707933945,142.62689392089842,150.5217469406128,0.45152115153413547,152.48838264342106,136.15454490784845,-0.5781327697028189,0.03448983599618257,42.35942746502119
2022-12-08,140.14845275878906,0.01213289699776321,142.4904919433594,150.4397155380249,0.43449383225042454,151.05608198652038,138.35120408525694,-0.7693961817375055,-0.12628736755055509,45.06025978460745
2022-12-09,139.66705322265625,-0.0034349257994403803,142.48884124755858,150.34222034454345,0.2932735327533325,151.21269633190835,137.73185017688073,-0.948880627875127,-0.29080601961546954,44.41801067093649
2022-12-12,141.95619201660156,0.016389969868527032,142.61693267822267,150.2458525466919,0.2907406932336094,150.92933374101787,137.5033460075173,-0.8960795280058278,-0.4118607212935412,48.19894852419464
2022-12-13,142.9190216064453,0.006782582543008342,142.6809097290039,150.15297832489014,0.29063164218255494,150.7781219950493,137.3784881123726,-0.7676924935565239,-0.48302707574613774,49.74735979199017
2022-12-14,140.6986541748047,-0.015535842651895782,142.62887725830078,150.05839176177977,0.29106925129093486,150.41235543099933,137.07323874624674,-0.835479056628202,-0.5535174719225506,46.3095752928848
2022-12-15,134.10633850097656,-0.04685414876561511,142.4391146850586,149.91441249847412,0.3312365702051764,150.96510911440012,135.31304182554126,-1.4049497902047676,-0.7238039355789941,37.92893673128114
2022-12-16,132.1511993408203,-0.014579021260371028,142.22927703857422,149.76227130889893,0.3268173600899135,151.22319060143184,133.4623898429041,-1.9910710125896856,-0.9772573509811326,35.85642200210073
2022-12-19,130.04872131347656,-0.015909640153332405,142.08214324951172,149.61458179473877,0.32689690832895785,151.34836836838636,131.47839096999255,-2.5953115734760956,-1.3008681954801256,33.72246924975096
2022-12-20,129.97996520996094,-0.0005286949600210589,141.92716094970703,149.4854733657837,0.3224238817451542,151.61192028446237,129.67138812618214,-3.0446280374313517,-1.649620163870371,33.651936245750264
2022-12-21,133.07473754882812,0.023809610457027786,141.8623226928711,149.38093479156495,0.33148138980321784,150.87980873839297,128.95633475525938,-3.11508356435354,-1.942712843967005,39.759445163964415
2022-12-22,129.9111785888672,-0.023772798791357075,141.74676727294923,149.23363330841065,0.33530840360983843,150.0567019770244,127.9284771611592,-3.3871479134278957,-2.2315998578591834,36.101073056121294
2022-12-23,129.5476837158203,-0.002798026135974352,141.5327243041992,149.1061778640747,0.33184294989098045,149.57687093347943,126.81180704503618,-3.5907005082627848,-2.5034199879399037,35.694669067178
2022-12-27,127.749755859375,-0.013878502531849968,141.3731555175781,148.98826663970948,0.32443680512167977,149.65903871063674,125.33552000518357,-3.8526838174565228,-2.773272753843228,33.67533386528977
2022-12-28,123.8297348022461,-0.030685154979427143,141.0561311340332,148.87085388183593,0.33241320416448816,150.34108054610257,123.16701195267675,-4.3267443996732595,-3.0839670830092345,29.726654150142593
2022-12-29,127.33711242675781,0.028324195558626863,140.78296829223632,148.74911895751953,0.29431268482201023,149.4126583897373,122.285734096835,-4.369060949600851,-3.340985856327558,36.86044431186587
2022-12-30,127.6514892578125,0.002468854720068414,140.51393478393555,148.60695014953615,0.29453705637651983,148.1453954783297,121.74722918597695,-4.32734657969246,-3.5382580010005382,37.4731458438174
2023-01-03,122.87673950195312,-0.03740457540778086,140.15862594604494,148.4358708190918,0.31398382753085297,147.14909027312547,120.50941116120073,-4.626241608525703,-3.7558547225055716,32.340116046318684
2023-01-04,124.14413452148438,0.01031436075426706,139.75255172729493,148.25469734191896,0.32074267704118986,145.90874502125118,119.75830133495002,-4.706595186725622,-3.946002815349582,34.88958744122017
2023-01-05,122.8276138305664,-0.010604775618216045,139.27738342285156,148.060094871521,0.31386654938144476,145.24838607304267,118.66103470332453,-4.82093545055406,-4.120989342390478,33.47840229980642
2023-01-06,127.34693908691406,0.03679404911815509,138.83590911865235,147.87126667022704,0.34776671420717337,144.47370055435923,118.3235711741564,-4.495062868140579,-4.1958040475404985,42.13131578898754
2023-01-09,127.8676528930664,0.0040889385319027305,138.4635026550293,147.67824478149413,0.34398486123367705,143.2696597632856,118.29953197865775,-4.146985380366942,-4.186040314105787,43.05049422476254
2023-01-10,128.43746948242188,0.004456299747927606,138.19174850463867,147.46919563293457,0.3454010635719575,142.01714436979267,118.42908899812728,-3.7815605508479564,-4.1051443614542205,44.096929949687876
2023-01-11,131.14910888671875,0.021112525925839787,137.75962051391602,147.27052612304686,0.3494734636651142,140.1263294268764,119.23919562805526,-3.2358512242342385,-3.931285734010224,48.90815543617068
2023-01-12,131.07049560546875,-0.0005994191033192875,137.37300064086915,147.0671602630615,0.3475078998210906,137.52312056858182,120.65755188625218,-2.777696529531312,-3.7005678931144415,48.77709107349617
2023-01-13,132.39678955078125,0.010118935914492422,137.06567489624024,146.8539946746826,0.3482310014258803,135.33248813511258,122.01799785731905,-2.2812875334339537,-3.4167118211783443,51.15529647299795
2023-01-17,133.55613708496094,0.008756613646851319,136.89178329467774,146.6524452972412,0.3086324604089833,135.2144116281862,122.08105422264383,-1.773881963583392,-3.088145849659354,53.200718132417194
2023-01-18,132.83892822265625,-0.005370092890964906,136.82418991088866,146.4627628326416,0.30457755634027606,135.33271049757937,122.0315282414343,-1.4133400507096212,-2.7531846898694075,51.756777657387545
2023-01-19,132.8978729248047,0.00044373063632097143,136.76308029174805,146.27484214782714,0.29840757471253493,135.71611737975667,121.9330365203898,-1.1100556122387104,-2.4245588743432682,51.872391514601695
2023-01-20,135.4522705078125,0.01922075595937578,136.74244827270508,146.0794969177246,0.3050058441616616,136.59117010232123,121.60521432761041,-0.6560197850231191,-2.0708510564792384,56.713596646262936
2023-01-23,138.63543701171875,0.023500281626675612,136.77408309936524,145.91659645080566,0.30471754538421425,137.84023725292366,120.91221712329707,-0.03888988834575002,-1.6644588228525405,61.86200102468321
2023-01-24,140.03054809570312,0.010063163604168812,136.92459671020507,145.77646690368653,0.28973201447641883,139.59811601514403,120.16627531176024,0.5563505432531883,-1.220296949631395,63.88918230922593
2023-01-25,139.37229919433594,-0.004700752159573884,136.82615371704102,145.63153007507324,0.29039479109398775,140.97153726854177,119.77531560621408,0.9638569457557651,-0.7834661705539628,62.20900928582306
2023-01-26,141.4354705810547,0.014803310260684821,136.7133659362793,145.50693412780763,0.2850058161194996,142.662067178222,119.45335716870181,1.4367276914347258,-0.3394273981562251,65.29013519712831
2023-01-27,143.37095642089844,0.013684585853126263,136.6671907043457,145.4132389831543,0.25245435500283486,144.34582410110727,119.72372240768179,1.9452352350575097,0.11750512848652202,67.93156071219461
2023-01-30,140.49232482910156,-0.020078205960668782,136.52886093139648,145.295810546875,0.2578399935476621,145.3477059167113,120.03736183231214,2.091836229318858,0.5123713486529893,60.55102754326953
2023-01-31,141.75970458984375,0.009020989312290562,136.4404396057129,145.17131965637208,0.25801778387427715,146.436978502599,120.35891077962754,2.283957488023617,0.866688576527115,62.48362911313974
2023-02-01,142.87966918945312,0.00790044394385414,136.33649490356444,145.07741744995118,0.20252543584836105,147.1034932274603,121.69268902351628,2.497793741530103,1.1929096095277127,64.15479628877569
2023-02-02,148.1751708984375,0.03706266776109857,136.32725967407225,145.0110684967041,0.22786967247239598,148.75914355705459,122.44014233161727,3.0592975666005486,1.5661872009422801,70.78208384679792
2023-02-03,151.7906494140625,0.024400029328146555,136.45478317260742,144.9514030456543,0.22175430975288254,150.6562306450528,123.43935880196868,3.7527726665021532,2.003504294054255,74.27865090682738
2023-02-06,149.0692138671875,-0.017928874784976512,136.48523971557617,144.8789616394043,0.22153583598810847,151.94820552760044,124.31961139744837,4.036232400104524,2.410049915264309,67.71019016798917
2023-02-07,151.93801879882812,0.019244784736012432,136.55558364868165,144.82482521057128,0.22450137916513974,153.5734348409343,125.10141867469066,4.441169822401321,2.816273896691712,70.65601144566456
2023-02-08,149.25588989257812,-0.01765278320366437,136.6304475402832,144.77991989135742,0.243066471473657,154.29955583320094,126.4571397234397,4.493857863617876,3.151790690076945,64.71188211610519
2023-02-09,148.2243194580078,-0.006911421956699693,136.7611149597168,144.72452644348144,0.2428354347186384,154.86142995187288,127.60278666189663,4.4016350935669095,3.4017595707749386,62.5329098932388
2023-02-10,148.58837890625,0.0024561384364818473,136.95899459838867,144.70068565368652,0.2419330687231803,155.22982016579056,128.98618477805712,4.308261482206518,3.5830599530612544,63.006336980216616
2023-02-13,151.38282775878906,0.01880664472624871,137.07796890258788,144.69194175720216,0.24564050010492475,155.96634828200064,130.1482604826478,4.408927518725477,3.7482334661940997,66.50492375497865
2023-02-14,150.7432403564453,-0.004224966674310382,137.1786503601074,144.6454263305664,0.2485986521253502,156.44526113342818,131.38805795836868,4.386531515028025,3.875893075960885,64.98996763458265
2023-02-15,152.83909606933594,0.013903480566921589,137.33107284545898,144.6386824798584,0.2461161624769052,156.90333799784514,132.9299978786197,4.4861865944697,3.9979517796626483,67.59495180662202
2023-02-16,151.2450714111328,-0.010429430029342712,137.47480056762694,144.62245246887207,0.2529768076988318,156.70404943940994,134.9640062856877,4.385980640164547,4.075557551763028,63.712082986173435
2023-02-17,150.1036834716797,-0.007546612453575241,137.66879684448242,144.59308242797852,0.2531182082847864,156.41773663673774,136.71546038474662,4.1664381264914425,4.093733666708711,61.00962030591189
2023-02-21,146.09893798828125,-0.026679861484904976,137.82140701293946,144.51170692443847,0.26744761487501223,156.0645642287445,137.81498289039612,3.6274842310463384,4.0004837795762365,52.5820607844237
2023-02-22,146.5220489501953,0.0028960577519598907,137.94887893676758,144.47768112182618,0.26605814720744503,155.79693247408918,138.73176473050066,3.1976404953255724,3.8399151227261035,53.315792908254636
2023-02-23,147.00421142578125,0.0032907161689352815,138.09562210083007,144.44244216918946,0.26473778219122784,155.3331805804719,139.95870784726247,2.862891093650063,3.644510316910896,54.1857921109324
2023-02-24,144.3573455810547,-0.018005374261423124,138.14364517211914,144.41953315734864,0.2705609417660635,155.0831665977379,140.5009093299965,2.356851511063951,3.386978555741507,48.8084564560452
2023-02-27,145.54794311523438,0.008247571534288012,138.19622360229494,144.3905785369873,0.26789813919420424,154.97590904995172,140.82586554721627,2.028499487421783,3.115282742077562,51.15650042421968
2023-02-28,145.04612731933594,-0.003447769753098684,138.28317306518554,144.39834289550782,0.25691404784254923,154.45299429298962,141.80416055320177,1.7080959354661331,2.833845380755277,50.11316520762088
2023-03-01,142.97976684570312,-0.014246229884397277,138.46064163208007,144.41507118225098,0.26138086964173524,154.2743321960076,142.10482887576973,1.2727641582826834,2.521629136260758,45.956751190074044
2023-03-02,143.5701446533203,0.004129100366027982,138.68902053833008,144.4124681854248,0.2603161697431411,154.18865140325028,142.2595572149138,0.9642834837946452,2.2101600057675355,47.30159865541757
2023-03-03,148.60804748535156,0.03509018427331334,139.06020706176758,144.44274375915526,0.25669744103016956,154.21268870087712,142.27880757597833,1.1134913466934506,1.9908262739527185,57.10988685281264
2023-03-06,151.3631591796875,0.018539451536818685,139.4878709411621,144.46867446899415,0.25015001569181283,154.1406952544065,142.3080519990115,1.43748372376416,1.8801577639150067,61.34685078973998
2023-03-07,149.16893005371094,-0.014496454341123566,139.80975479125976,144.52486991882324,0.24717038425113844,154.14884602929877,142.30987284277157,1.499904103456572,1.8041070318233199,56.55507379954926
2023-03-08,150.41856384277344,0.008377306109338845,140.21990249633788,144.60430740356446,0.23890630368080323,153.90919934299157,142.39757403347326,1.631401921392012,1.7695660097370585,58.54119859861484
2023-03-09,148.17510986328125,-0.014914741386822361,140.5924510192871,144.67135246276857,0.23646831160562498,153.8318240702002,142.36687130333493,1.5368708126196395,1.7230269703135745,53.78713516253894
2023-03-10,146.11862182617188,-0.013878768431532573,140.95982833862305,144.70108139038086,0.24033004537728161,153.79382804410525,142.19429756624632,1.2812434530699477,1.6346702668648492,49.79519089262092
2023-03-13,148.0570526123047,0.013266144738477204,141.4443746948242,144.753970413208,0.24517173728069375,153.76066316625082,142.1743298147062,1.2209971975806866,1.5519356530080168,53.31253715649788
2023-03-14,150.14303588867188,0.01408905040024977,141.9004931640625,144.81650573730468,0.24088970518607103,153.56989863632128,142.24111515762405,1.3262844417072017,1.506805410747854,56.81854051827204
2023-03-15,150.53662109375,0.0026214016704042553,142.35819580078126,144.86504341125487,0.24063667937112024,153.53849021933567,142.2518616483401,1.4250572055537987,1.490455769709043,57.467541225909756
2023-03-16,153.35073852539062,0.018693905916010056,142.96767578125,144.89895301818848,0.24486075662181944,153.66222237705514,142.17929373622613,1.7106913061849411,1.5345028770042228,61.87916431461897
2023-03-17,152.51437377929688,-0.0054539336043384345,143.53508056640624,144.93259887695314,0.2426010951500306,153.90564991067873,142.06279643941895,1.8482650941000713,1.5972553204233928,59.890887512130455
2023-03-20,154.87591552734375,0.015484060220214202,144.1760466003418,144.9786888885498,0.24618124897370725,154.84679846434,141.59887109132404,2.1233730720076665,1.7024788707402478,63.46093825873991
2023-03-21,156.72576904296875,0.011944100600318253,144.7636231994629,145.02178466796875,0.2243786746773297,156.30132954084408,141.2070231202887,2.462282189027775,1.8544395343977533,66.01288733275936
2023-03-22,155.2990264892578,-0.009103433101162683,145.31225067138672,145.08629859924315,0.22888358486538057,157.2003722512451,141.18567816379394,2.5859348583169606,2.000738599181595,62.393406600005115
2023-03-23,156.38131713867188,0.00696907555623949,145.87112762451173,145.15250190734864,0.22931515367739227,158.20949033159198,141.11427065473615,2.739680963174095,2.1485270719800953,64.00566507631763
2023-03-24,157.6802215576172,0.008306007665823012,146.4017498779297,145.2126134490967,0.21566511552647988,159.20523951252312,141.45080907146126,2.9325321845800545,2.305328094500087,65.89540295469425
2023-03-27,155.74180603027344,-0.012293333356558245,146.89517608642578,145.26670600891114,0.22314047994763417,159.72990948810116,141.94552538738714,2.895575838091986,2.4233776432184673,60.768007864588434
2023-03-28,155.1219024658203,-0.003980328598042759,147.34967834472656,145.34375328063965,0.22336778603550786,159.9904889822561,142.6925234078806,2.7841724237293874,2.4955365993206513,59.182043023102516
2023-03-29,158.19187927246094,0.019790737206288878,147.84239318847656,145.46313499450685,0.22024198725021057,160.31970268607012,143.88452094674238,2.9100605204282886,2.578441383542179,64.16937809016791
2023-03-30,159.7563934326172,0.009889977711571518,148.38074249267578,145.6160503387451,0.22083323497862095,160.77145813090615,145.05139037983602,3.1003322611543354,2.6828195590646104,66.42109067918858
2023-03-31,162.2556915283203,0.015644432388599805,148.9678988647461,145.777152633667,0.19555354083985974,162.2137221896641,144.97389072537493,3.4134483475780826,2.8289453167673053,69.69724239225424
2023-04-03,163.5052947998047,0.007701444921371259,149.52895935058595,145.93142684936524,0.18888545182119154,163.81263021477068,144.58919626228013,3.7195509742954584,3.007066448272936,71.20969727850658
2023-04-04,162.9739227294922,-0.0032498768370964326,150.0157290649414,146.1093430709839,0.17825099492652746,164.95354921653592,144.828776528093,3.8745982691141023,3.1805728124411696,69.61845642374874
2023-04-05,161.1339111328125,-0.01129022094984966,150.4377963256836,146.2707131576538,0.1860696145495961,165.6267446866703,145.22711578696254,3.8051375519962676,3.305485760352189,64.26336643266146
2023-04-06,162.0194854736328,0.005495890558322003,150.89074005126952,146.41540355682372,0.17290030483993613,166.12400646257234,146.11429157209565,3.7779974782856414,3.39998810393888,65.63351192111129
2023-04-10,159.43167114257812,-0.015972241384977326,151.2506640625,146.54970149993898,0.1759890428854878,165.70033451615302,147.86926845015557,3.5072444542027483,3.4214393739916544,58.567091456403524
2023-04-11,158.22137451171875,-0.007591318727237173,151.5476724243164,146.6636475753784,0.17766112790621053,165.21748247756778,149.3685526786822,3.158599539377491,3.3688714070688217,55.55452481129552
2023-04-12,157.5325927734375,-0.004353278692002749,151.88847778320311,146.7575475692749,0.17496391818927373,164.83688429116773,150.48810655355885,2.794503703462027,3.2539978663474627,53.856683502853016
2023-04-13,162.905029296875,0.03410365073571864,152.31138427734376,146.87830974578858,0.20792596726039572,164.98595737166923,151.57587429336982,2.9059676720250707,3.1843918274829845,63.28260593028962
2023-04-14,162.5606689453125,-0.0021138718248835398,152.70500427246094,147.01801715850831,0.20149066229702292,165.28385696676682,152.1989677402644,2.932710209982332,3.1340555039828546,62.40268256878212
2023-04-17,162.580322265625,0.00012089837252760027,152.99310729980468,147.14905658721923,0.1993500674942722,165.30079964315212,153.18861991251197,2.9218089281221182,3.0916061888107076,62.434786175896164
2023-04-18,163.80047607421875,0.007504929204164457,153.23330383300782,147.29848918914794,0.19482951619469419,165.70667716939298,153.6751984409586,2.977305276887307,3.0687460064260277,64.46356260395834
2023-04-19,164.94186401367188,0.006968160086030295,153.5507568359375,147.442805519104,0.19254508152375382,166.38125158407883,153.82223352334307,3.077906807108292,3.070578166562481,66.29721695160109
2023-04-20,163.97756958007812,-0.00584626855868331,153.7915478515625,147.5694200515747,0.19024651280345203,166.61398678715236,154.45735262935156,3.04472603628696,3.065407740507377,63.3243505410247
2023-04-21,162.3737030029297,-0.009781012008262424,154.05390411376953,147.68135471343993,0.19460760606287789,166.635787975156,155.03479002777368,2.856088200728067,3.0235438325515154,58.61629355764375
2023-04-24,162.6787567138672,0.001878713765196327,154.34299285888673,147.77801677703857,0.1931565169961829,166.74229608450827,155.4281354340464,2.700081780000545,2.9588514220413216,59.23706139801905
2023-04-25,161.1437530517578,-0.009435796616083514,154.5941003417969,147.86362468719483,0.19067468456087103,166.4233657225593,156.28726049814384,2.424633929974533,2.8520079236279643,54.78387987777301
2023-04-26,161.1339111328125,-6.107539857380662e-05,154.78912200927735,147.95981075286866,0.18961042935798483,165.79534892961425,157.51647815778807,2.1804109436282886,2.7176885276280296,54.75545756881471
2023-04-27,165.70936584472656,0.02839535563772677,155.08844451904298,148.07402561187743,0.20236731511487585,166.21184597184435,157.85172977278455,2.3292136983687044,2.6399935617761647,64.0843393485853
2023-04-28,166.95896911621094,0.007540933278661344,155.37084197998047,148.19630054473876,0.20138364358561786,166.96879326277852,157.81504005020977,2.518936759228268,2.6157822012665854,66.13786575590996
2023-05-01,166.8704071044922,-0.0005304417737337364,155.68334869384765,148.3035383987427,0.1952408790933884,167.61687197589578,157.6284328947097,2.631809575100988,2.6189876760334663,65.85049967159824
2023-05-02,165.8372802734375,-0.006191192608571705,155.9980206298828,148.397285118103,0.19559144114029683,167.9254368737412,157.55306654422753,2.6078358850584493,2.616757317838463,62.44207640520855
2023-05-03,164.76475524902344,-0.006467333657701357,156.37133697509765,148.5008511734009,0.19680028456144394,168.093285987522,157.5643006823999,2.4737766001994146,2.5881611743106534,59.026381412617056
2023-05-04,163.13134765625,-0.009913573994054237,156.70352294921875,148.57700344085694,0.19575328249930962,168.13322024150622,157.7241100807594,2.2102528898441847,2.5125795174173597,54.166719049358754
2023-05-05,170.78662109375,0.04692705324565316,157.17917114257813,148.68144153594972,0.25540595924931264,169.6203217011756,157.11372218310174,2.58927746062173,2.527919106058234,67.62129977898624
2023-05-08,170.71771240234375,-0.0004034782757861288,157.70637847900392,148.77422199249267,0.2460702359979236,170.70464283515972,157.1580051750942,2.8512296080916997,2.5925812064649274,67.42941673340597
2023-05-09,169.01548767089844,-0.009970990751290931,158.17572937011718,148.86466205596923,0.24763766055999514,171.04593139765666,157.89612792851523,2.888180119890592,2.6517009891500605,62.696549663738665
2023-05-10,170.7767333984375,0.010420617375423546,158.69034149169923,148.96949138641358,0.24704012576862547,171.4275776944667,158.8388956942052,3.024714452187567,2.726303681757562,65.4024279990436
2023-05-11,170.9636993408203,0.0010947975093691387,159.25002014160157,149.08186672210692,0.22030985660838148,172.2478448529611,158.8244955401053,3.112130776858862,2.8034691007778223,65.68696947020806
2023-05-12,170.03750610351562,-0.005417484769432268,159.77936737060546,149.1641939163208,0.22153751656459844,172.75544083040631,159.06458327848043,3.0712691117096824,2.8570291029641948,62.92604714678702
2023-05-15,169.5448455810547,-0.0028973638448979155,160.19810333251954,149.24131519317626,0.2221968860835907,173.0990515494843,159.4174248909454,2.9649542142972223,2.8786141252308006,61.44658600898513
2023-05-16,169.5448455810547,0.0,160.56173706054688,149.2931661605835,0.22141182622904163,173.4339789174095,159.6569344737038,2.847870414737031,2.872465383132047,61.44658600898513
2023-05-17,170.15573120117188,0.0036030916659459677,160.9814730834961,149.35296863555908,0.22069420543843304,173.8324032208294,159.77989688903386,2.772415345863209,2.8524553756782796,62.70747374441932
2023-05-18,172.48110961914062,0.013666177457281714,161.42272399902345,149.43174419403076,0.2227658341006489,174.55954071530633,159.9031133984632,2.8672039224426555,2.855405085031155,67.11620771265592
2023-05-19,172.5895233154297,0.0006285540284871605,161.9110122680664,149.4810901260376,0.21809377456168752,175.06883205878412,160.41540408623538,2.917442174196708,2.867812502864266,67.31024222763185
2023-05-22,171.64356994628906,-0.005480943170645292,162.42151123046875,149.5272732925415,0.22021410410174125,175.30666779201505,161.07404967624666,2.8480947559620517,2.8638689534838235,63.77423911274262
2023-05-23,169.0423126220703,-0.015154994300297653,162.84121643066408,149.5615781021118,0.2252974277390906,174.8848375906198,162.28573583467315,2.553798106057485,2.801854783998556,55.188488725817315
2023-05-24,169.31820678710938,0.001632101222230009,163.22471984863282,149.59961666107176,0.2251233050847941,174.22931733268481,163.75968565803785,2.3161293467215955,2.7047096965431643,55.86712808669122
2023-05-25,170.45135498046875,0.006692417873195078,163.6230145263672,149.64307537078858,0.20432821738817702,174.26562503729284,164.19757686700402,2.1939205809376006,2.6025518734220516,58.63778122966405
2023-05-26,172.85552978515625,0.01410475619253937,164.0131103515625,149.67736911773682,0.20819851191858363,174.6890716415165,164.36378632967492,2.2649570527806304,2.5350329092937676,63.82665028902835
2023-05-30,174.69810485839844,0.010659624690817493,164.45678497314452,149.72455379486084,0.21030345137795775,175.40903773571748,164.42659001086454,2.4417869775569443,2.516383722946403,67.22065888101844
2023-05-31,174.6488037109375,-0.0002822076833683962,164.8522427368164,149.75378772735596,0.20814547601367217,175.88495128263295,164.83182880769905,2.548569454122031,2.522820869181529,67.03941184007769
2023-06-01,177.4471435546875,0.016022668259334516,165.26667022705078,149.7916679763794,0.21034562455707687,176.72327965225915,165.26173926863927,2.8264168013126323,2.5835400556077497,71.70315189212496
2023-06-02,178.29452514648438,0.004775402831636466,165.72658020019531,149.83456966400146,0.20401437148645352,177.1019824637009,166.399354206221,3.0794909832000883,2.6827302411262175,72.95125305076968
2023-06-05,176.94461059570312,-0.007571261931190398,166.13784606933595,149.86326747894287,0.13324892265652993,177.86555599917364,166.25157962094357,3.134989070562966,2.7731820070135673,67.81936275175372
2023-06-06,176.580078125,-0.0020601501762381735,166.5158432006836,149.8921043777466,0.13374212702147495,178.45781893898746,166.24555325339534,3.113664593534054,2.841278524317665,66.4597416978192
2023-06-07,175.21046447753906,-0.007756331642867376,166.9052163696289,149.92699115753175,0.13138400929449243,178.68291550135206,166.63995437169484,2.9522170958531433,2.8634662386247607,61.47323099592776
2023-06-08,177.92010498046875,0.015465060896959315,167.36118041992188,149.99479763031005,0.13686257993070236,179.40570741052824,166.63149962072174,3.008237049802915,2.892420400860392,66.783223148607
2023-06-09,178.30438232421875,0.0021598309184460707,167.76343048095703,150.06619304656982,0.13681246111410297,180.11028599280178,166.66098933678808,3.0485000263327606,2.923636325954866,67.46801663355212
2023-06-12,181.09283447265625,0.01563871909422354,168.1901593017578,150.15005924224855,0.14171505546894578,181.29230223047884,166.58450593602507,3.267744979599513,2.9924580566837955,71.98184251536141
2023-06-13,180.61988830566406,-0.0026116227534315195,168.55744323730468,150.21930057525634,0.14155574329698958,182.11601326021847,166.86829917874635,3.3645509327452885,3.0668766318960943,70.20265790569862
2023-06-14,181.25050354003906,0.0034913942218135485,168.91234741210937,150.3231304550171,0.14104839593010715,182.8968944273494,167.2579838075139,3.4523590807413598,3.1439731216651476,71.22398791507636
2023-06-15,183.2802734375,0.011198699357061637,169.31847442626952,150.4480945968628,0.14375781641172283,184.00389231928963,167.46344013920648,3.6437304810400803,3.243924593540134,74.27982072664557
2023-06-16,182.2062530517578,-0.005859988997170662,169.73992126464844,150.579801902771,0.14261771820528263,184.82188612599853,167.6179606757593,3.666464504849813,3.3284325758020703,70.04139874174338
2023-06-20,182.29493713378906,0.00048672359233492557,170.14543029785156,150.72024089813232,0.14264704173305237,185.5367953311978,167.87359285239594,3.649567504351694,3.3926595615119957,70.19264152851724
2023-06-21,181.26036071777344,-0.005675288805504941,170.58200408935548,150.851877784729,0.14279786037825895,185.90373465407654,168.46833260666565,3.5122082883892176,3.4165693068874403,66.00625056315288
2023-06-22,184.25572204589844,0.01652518684318882,171.10269104003908,151.00903553009033,0.13407260058785203,186.32059697764694,169.57281122547803,3.6035117061791198,3.4539577867457765,71.33651254750664
2023-06-23,183.9404296875,-0.001711167256558288,171.63084777832032,151.17089435577392,0.13548982334717308,186.40831804758136,170.94731244558272,3.6088285353310994,3.484931936462841,70.09068282698274
2023-06-26,182.5511474609375,-0.007552892145151424,172.02377014160157,151.3187936782837,0.14130379141158844,186.14798788149128,172.41762185971967,3.461041958498413,3.4801539408699553,64.72664732653843
2023-06-27,185.3001708984375,0.015058921708986928,172.47856018066406,151.48779438018798,0.14229316281506701,186.5703655783079,173.23970827423116,3.5251079977776953,3.4891447522515033,69.67249446429102
2023-06-28,186.47271728515625,0.006327821399373823,172.9564080810547,151.6483865737915,0.1402262223135231,187.30114106593402,173.68639402928085,3.628666481079165,3.5170490980170355,71.50759289307246
2023-06-29,186.80772399902344,0.0017965454611512666,173.4165530395508,151.78093456268311,0.13971442365049164,187.8829114724165,174.32051565160694,3.6951739026513906,3.552674058943907,72.02836614397245
2023-06-30,191.1234588623047,0.023102550424006107,173.94018493652345,151.98209232330322,0.15006957343629831,189.68162404675223,173.8894346080329,4.049445758758651,3.652028398906856,77.6864993369031
2023-07-03,189.6356201171875,-0.007784699764088687,174.45334594726563,152.16860172271728,0.15546951031319833,190.80256413932878,173.90260401252667,4.162173657707882,3.7540574506670614,72.25977538287646
2023-07-05,188.52218627929688,-0.005871438273055252,174.97631561279297,152.36396236419677,0.15402759859722917,191.4077589211169,174.45516679909792,4.1142401252841125,3.826093985590472,68.40857633311322
2023-07-06,188.99517822265625,0.0025089457781835023,175.50264404296874,152.56987781524657,0.1527998052356754,191.8872788316965,175.21715689828397,4.0675309870972,3.874381385891818,69.16051173537085
2023-07-07,187.88174438476562,-0.005891334627483924,176.03740386962892,152.75168827056885,0.15112037536584008,191.74090950005365,176.6306542206495,3.89576094604098,3.878657297921651,65.22483277813126
2023-07-10,185.8421173095703,-0.01085590876257958,176.53156799316406,152.91143253326416,0.15244860128786053,191.56270743541594,177.60105751819734,3.5540818486618093,3.813742208069683,58.64161223268642
2023-07-11,185.3199005126953,-0.002810002406532619,176.92377868652343,153.0841608810425,0.15349349358284547,191.25976621343247,178.60555055902844,3.2042238729170265,3.6918385410391523,57.053815601880444
2023-07-12,186.98507690429688,0.008985415959078313,177.32430084228517,153.27002109527587,0.14733170399453352,191.34687906019442,179.1076619554306,3.0264378334394166,3.5587583995192054,60.70720518637438
2023-07-13,187.74375915527344,0.004057448131889574,177.74176788330078,153.47100360870363,0.14667783104593446,191.3954826239107,179.77144547667524,2.9131791178760125,3.4296425431905675,62.28158390785755
2023-07-14,187.89161682128906,0.0007875503648211435,178.18285461425782,153.67105800628661,0.14662141063687056,191.4367841133189,180.39425531539203,2.8030399480668677,3.304322024165827,62.596127947114226
2023-07-17,191.1431884765625,0.017305570681027893,178.7104232788086,153.88251529693605,0.15324358320946868,192.1503205810422,180.46701035157497,2.9441897339867467,3.232295566130011,68.7649753981012
2023-07-18,190.88697814941406,-0.0013404104493101032,179.26553588867188,154.1021074295044,0.15093406170316218,192.59090160206827,180.89450184031452,3.0007867226814824,3.1859937974403056,67.81588649284791
2023-07-19,192.23687744140625,0.007071720161736517,179.694541015625,154.36454387664796,0.15165111002906478,193.18548442475097,181.29411304839354,3.118616367057882,3.1725183113638216,70.1532490779066
2023-07-20,190.29579162597656,-0.010097364466509995,180.08610260009766,154.63826473236085,0.15565052041681118,193.07031127871167,182.31282928525317,3.0205487998306637,3.1421244090571903,63.061154716958725
2023-07-21,189.1232452392578,-0.006161704243167754,180.48825775146486,154.8852801132202,0.1491986205869503,193.09514963740483,182.77474324589596,2.8157565633209174,3.076850839909936,59.169833829113664
2023-07-24,189.92137145996094,0.0042201381416304695,180.87115051269532,155.11838558197022,0.14907198238101535,193.10458622914456,183.36340083140232,2.6868866000338016,2.9988579919347096,60.936803651913856
2023-07-25,190.77857971191406,0.004513490216312199,181.2674481201172,155.35430614471434,0.1453053508904457,192.83754696887402,184.45318331677052,2.62368159932322,2.923822713412412,62.79890435307336
2023-07-26,191.64569091796875,0.004545118258895142,181.69961181640625,155.599319190979,0.13759748470649538,193.04796002476652,184.87732226283114,2.613433770767159,2.8617449248833617,64.63534924142539
2023-07-27,190.38446044921875,-0.00658105310225765,182.11640411376953,155.8642144393921,0.1394813566248076,193.11412880611257,185.20232779789134,2.4750111466618137,2.7843981692390525,59.99608193263559
2023-07-28,192.95614624023438,0.013507855551590842,182.58463012695313,156.1403497695923,0.14631248736693447,193.60385681078643,185.3274420173386,2.543503841627114,2.736219303716665,65.44270338758284
2023-07-31,193.56704711914062,0.003166008913474405,183.0528564453125,156.42660175323488,0.12278429601824838,194.06272222679945,185.11293542700912,2.616913244357363,2.7123580918448047,66.605845146751
2023-08-01,192.7393798828125,-0.004275868484053924,183.45802185058594,156.7118539047241,0.1201863579298592,194.43490254950234,185.05113108086874,2.578580623719745,2.685602598219793,63.488002125945705
2023-08-02,189.7538604736328,-0.015489929515156264,183.80130859375,156.95937404632568,0.13161546223246187,194.4612166467564,185.1479844030483,2.281001317089448,2.6046823419937244,53.719600738029314
2023-08-03,188.36451721191406,-0.007321818160910598,184.1357275390625,157.22255565643312,0.1340876832572475,194.4611966921916,185.08493825653886,1.911030018172596,2.465951877229499,49.87386691735934
2023-08-04,179.3192901611328,-0.048019803223370294,184.34126708984374,157.4207473373413,0.21627948665609872,195.9373920348843,182.7524974914829,0.8778317711734474,2.148327856018289,33.20657284109454
2023-08-07,176.22532653808594,-0.017253936373865297,184.47940948486328,157.59689769744872,0.2208051346652429,197.58995507142572,180.13825537779303,-0.1884697286977257,1.6809683390750858,29.56678124525277
2023-08-08,177.16139221191406,0.0053117545146146306,184.6136102294922,157.77718883514405,0.22255805787810015,198.53723244666585,178.37512717247475,-0.9470714229501311,1.1553603866700424,31.99543891880724
2023-08-09,175.57504272460938,-0.008954261803311825,184.66800048828125,157.95185314178468,0.21974180666258517,199.4931286174878,176.2782275836841,-1.6571710408195202,0.5928541011721297,30.101138207816817
2023-08-10,175.35824584960938,-0.0012347818439095715,184.68120330810547,158.1064051437378,0.21826938509617663,200.15644495256197,174.37635991804348,-2.211926092816043,0.03189806237449498,29.841113448917625
2023-08-11,175.41746520996094,0.0003377050224506739,184.69657653808594,158.2505623245239,0.2181630548979316,200.57073456930294,172.71465514016973,-2.6166320553172966,-0.4978079611638635,30.018944522602
2023-08-14,177.06517028808594,0.009393050322285879,184.6889370727539,158.38878490448,0.209883749212453,200.3245974961017,171.55299039452333,-2.7724493467106868,-0.9527362382732283,34.958796999651824
2023-08-15,175.0819854736328,-0.011200310096144084,184.62468627929687,158.53175495147704,0.21130618198792744,200.11457431394066,170.1825143091062,-3.0211363340355604,-1.366416257425695,32.02833406766216
2023-08-16,174.21376037597656,-0.00495896305555088,184.57006927490235,158.69269786834718,0.20704707501752423,199.58223458606184,168.91254233044205,-3.2508077839288774,-1.7432945627263319,30.810650483755225
2023-08-17,171.67803955078125,-0.014555226979332092,184.47202850341796,158.7873105239868,0.20914593617872035,199.34983763061578,167.28316407836857,-3.595983284471373,-2.11383230707534,27.519860853325653
2023-08-18,172.16151428222656,0.002816171088104058,184.4110494995117,158.8961106491089,0.21093365750354948,198.99528491858212,165.94154369469913,-3.786872278861239,-2.44844030143252,29.07530267106722
2023-08-21,173.49349975585938,0.007736836418906545,184.32251739501953,159.02476276397704,0.2132411378089915,198.24703131427668,165.04701012859442,-3.787018692194721,-2.7161559795849604,33.3208638924325
2023-08-22,174.86495971679688,0.007904964525284441,184.2537289428711,159.1878339767456,0.21545516083078015,197.13087474218398,164.5718047011754,-3.634572281914558,-2.89983924005088,37.4712248249446
2023-08-23,178.70301818847656,0.02194869960165624,184.2059326171875,159.40025608062743,0.23302464315549815,195.6865023659335,164.72190980447664,-3.16754467746523,-2.9533803275337505,47.34816743870877
2023-08-24,174.0262908935547,-0.02617038784420178,184.07406066894532,159.59062076568603,0.24656806989143032,194.32287713363573,164.44971808120803,-3.1386147467654553,-2.9904272113800916,39.21887288242552
2023-08-25,176.2265167236328,0.012643065704502687,183.97358093261718,159.7893339920044,0.24575439846237207,192.0956920692054,165.0039401939782,-2.9046645667891653,-2.9732746824619065,44.082984832833645
2023-08-28,177.78543090820312,0.008846081813074003,183.86368408203126,159.99299266815186,0.2488836192429262,189.31559461857043,166.20587602351944,-2.563910849043822,-2.8914019157782898,47.30092132242102
2023-08-29,181.66299438476562,0.02181035564474687,183.8528189086914,160.23878330230713,0.265353993257181,186.59816270616088,167.81566938612426,-1.9583989028332667,-2.7048013131892854,54.33964845125171
2023-08-30,185.1458740234375,0.019172202079280165,183.90983764648436,160.44304042816162,0.2718495859332454,185.22870307548,168.7243303717856,-1.1838404677847336,-2.4006091441083752,59.56390556100571
2023-08-31,185.36294555664062,0.0011724351641542174,183.99188934326173,160.63448085784913,0.2709364810636486,184.27681312064573,169.37606316109253,-0.5461853839124444,-2.029724392069189,59.87206902694967
2023-09-01,186.9317626953125,0.008463488395486829,184.04541015625,160.84074108123778,0.20651954134009506,185.87240958898255,168.5417139461737,0.08477407330505571,-1.60682469899434,62.118989191534936
2023-09-05,187.1685333251953,0.0012666152957041543,184.10997222900392,161.03953968048097,0.19347823906592154,187.47613034398944,168.03231386987773,0.5970371276592346,-1.166052333663625,62.46062867524932
2023-09-06,180.4691619873047,-0.03579325658469967,184.06833251953125,161.21098163604736,0.23727155253747398,187.71134726368246,168.12787392772378,0.4571561988154258,-0.8414106271678148,48.99591129348707
2023-09-07,175.1905059814453,-0.029249628843684206,183.86613922119142,161.3465496444702,0.2585809188347818,187.7129924915615,168.08777502552837,-0.07873624674408575,-0.688875751083069,41.419408652337864
2023-09-08,175.80223083496094,0.003491769431731795,183.6527294921875,161.48237613677978,0.25882151410047793,187.71296015886062,168.1322058567644,-0.4488991574091301,-0.6408804323482813,42.52852906855686
2023-09-11,176.9665069580078,0.0066226470364865175,183.45590515136718,161.6401362991333,0.25980814753771236,187.731298250351,168.26877194007872,-0.6409204461782281,-0.6408884351142707,44.67550395130093
2023-09-12,173.94732666015625,-0.017060744147297746,183.1123825073242,161.77214099884034,0.2648114166319779,187.73701614162067,167.95126968601605,-1.0249068306985123,-0.7176921142311191,40.45499747931429
2023-09-13,171.88525390625,-0.011854581461518854,182.75737518310547,161.8894631576538,0.2651636638272947,187.8642180109625,167.5043946599359,-1.4785668464525372,-0.8698670606754028,37.826594375298626
2023-09-14,173.3948211669922,0.008782412839006826,182.45482788085937,162.02887378692628,0.2667777923151779,187.88842821562196,167.39829053437802,-1.696727398149875,-1.0352391281702973,40.85604131646584
2023-09-15,172.67453002929688,-0.004154052196297275,182.1284149169922,162.18379169464112,0.26181163281491965,187.82516966216676,167.5611981356848,-1.905774104644621,-1.2093461234651621,39.85807630758281
2023-09-18,175.5950469970703,0.016913420683860814,181.8826809692383,162.3682949447632,0.2682265744509484,187.71462404795392,168.01509702138202,-1.8148632008549157,-1.330449538943113,45.65448603092211
2023-09-19,176.6803741455078,0.0061808528600217905,181.69944610595704,162.52452625274657,0.26777431690359826,187.67735918483675,168.37104932346404,-1.6363757036986613,-1.3916347718942228,47.672827509544696
2023-09-20,173.14816284179688,-0.01999209771200694,181.45601135253906,162.66172122955322,0.2764668405154168,187.7392100751259,168.1375187456749,-1.7596587577475304,-1.4652395690648845,42.182100633712146
2023-09-21,171.60899353027344,-0.008889319333579948,181.1484896850586,162.7936763381958,0.264909704658999,187.77373797529648,167.39358837968396,-1.9589776909529064,-1.5639871934424892,40.01912833152695
2023-09-22,172.4574737548828,0.00494426432528261,180.8427639770508,162.93567028045655,0.24967066411074867,187.83380888404423,167.17663575706905,-2.0251296840543773,-1.656215691564867,41.791081729154484
2023-09-25,173.7303009033203,0.007380527620661992,180.5595376586914,163.1023024368286,0.24672417231438526,187.8336353176367,166.92718774144535,-1.9523436988988863,-1.715441293031671,44.44259534194312
2023-09-26,169.665283203125,-0.023398438148434786,180.12997955322265,163.2582867050171,0.25670203271619435,187.97769829589558,165.97110999267866,-2.1973436273665072,-1.8118217598986384,38.422928096938975
2023-09-27,168.15567016601562,-0.008897595363112965,179.6753533935547,163.39832279205322,0.24127077855941703,187.7400453470926,164.85803051960661,-2.4846791568770072,-1.9463932392943122,36.44850306246285
2023-09-28,168.4121856689453,0.0015254644858329058,179.19885955810548,163.54204845428467,0.2267327352017041,186.6233212541291,164.3013857771209,-2.661021378831009,-2.089318867201652,37.040533308254204
2023-09-29,168.92527770996094,0.0030466443920169617,178.77144927978514,163.67689388275147,0.2274650107774478,185.13253223759182,164.1484080089902,-2.727925790151744,-2.2170402517916705,38.279092472289946
2023-10-02,171.43136596679688,0.014835484012871047,178.41761169433593,163.8194556045532,0.23334257516418405,182.69250626217286,165.03839431155762,-2.5493404304970113,-2.2835002875327386,44.066855229164624
2023-10-03,170.09938049316406,-0.007769788603859018,178.021171875,163.96645923614503,0.23273091380818095,179.38213386660854,166.64185142391878,-2.4866260647838203,-2.324125442982955,41.822084928824026
2023-10-04,171.3425750732422,0.0073086367303265565,177.63245178222655,164.15264041900636,0.2048991749579789,177.9018212333789,167.20950536574216,-2.3099810417854485,-2.321296562743454,44.65580053380595
2023-10-05,172.57589721679688,0.007197990009356836,177.2510559082031,164.35476390838622,0.18130386037683335,177.62569953774135,167.2241661849149,-2.0468747012975825,-2.2664121904542798,47.39334331423129
2023-10-06,175.12144470214844,0.014750307119387296,176.94579559326172,164.5801275253296,0.18898907954291339,177.5068075826857,167.2749795266893,-1.6143474305591496,-2.1359992384752537,52.604296115340595
2023-10-09,176.60145568847656,0.008451340661592699,176.61870178222657,164.81323497772217,0.1899641918810939,177.42199050571614,167.32329147670575,-1.1390121120620051,-1.936601813192604,55.37219598050025
2023-10-10,176.00946044921875,-0.0033521537914279476,176.26755004882813,165.02790859222412,0.17961911731383137,177.74012390690547,167.21137145442265,-0.8008428974302717,-1.7094500300401378,54.013410322568944
2023-10-11,177.400634765625,0.007903974666223279,175.96077514648437,165.26535587310792,0.17500830668320796,178.44592265069053,167.0571107965751,-0.41579222371848346,-1.450718468775807,56.702294580621256
2023-10-12,178.29849243164062,0.005061186321017708,175.73166778564453,165.509109916687,0.1734854375810945,179.20666729923326,166.7867332744972,-0.03775199917706118,-1.168125174856058,58.39318702161779
2023-10-13,176.4633026123047,-0.010292794932293403,175.49364349365234,165.75267765045166,0.17743999334956825,179.58306789998773,166.78920993204355,0.11246667547874267,-0.9120068047890978,53.77090316545865
2023-10-16,176.33506774902344,-0.000726694226974689,175.43395904541015,166.01520431518554,0.16741400893727137,179.6869478608054,166.75933204642115,0.2186481360387802,-0.6858758166235221,53.45250372879585
2023-10-17,174.7860107421875,-0.008784735938291655,175.4051727294922,166.2524488067627,0.16882041299652223,179.4324643686145,166.82437919828004,0.1757755232708007,-0.5135455486446576,49.629450073554054
2023-10-18,173.49349975585938,-0.007394819418555243,175.3318148803711,166.48165885925292,0.1548590560074283,179.45185028909526,166.8395269692055,0.0370764400187511,-0.40342115091197583,46.632480173592086
2023-10-19,173.11854553222656,-0.00216120041477319,175.28268493652342,166.7328678894043,0.1514573488216575,179.48588486862124,166.95644758987484,-0.10192433467096862,-0.34312178766377444,45.76901822251348
2023-10-20,170.57296752929688,-0.014704247861508368,175.1869793701172,166.96501205444335,0.15961725534422194,179.49584539648538,166.7580364394521,-0.41273259616107794,-0.3570439493632352,40.31170699419347
2023-10-23,170.69139099121094,0.0006942686383979435,175.0924578857422,167.2043309402466,0.1569811275100119,179.4277401948464,166.5222506498802,-0.6420929511227484,-0.4140537497151379,40.666149408351295
2023-10-24,171.12551879882812,0.0025433491700792565,174.97366485595703,167.42322383880617,0.1326499815717762,179.37488971586748,166.72112468842937,-0.7798426582357934,-0.48721153141926904,42.0252755191457
2023-10-25,168.81674194335938,-0.013491715739853527,174.84835998535155,167.62796928405763,0.13784965572679003,179.30641885464365,166.8557027273876,-1.0630550536097871,-0.6023802358573728,37.1513304328713
2023-10-26,164.6629180908203,-0.02460552078379008,174.65734313964845,167.8090965270996,0.1634307383255672,179.88909258804475,165.89810223617403,-1.60418968718389,-0.8027421261226763,30.334817693008006
2023-10-27,165.97518920898438,0.00796943922395621,174.5432861328125,167.98322692871093,0.1659912967445168,180.20308808233455,165.28909789178653,-1.9051916079119167,-1.0232320224805247,34.42804790275984
2023-10-30,168.01751708984375,0.012305019145288254,174.46040618896484,168.16796203613282,0.16304101157511341,180.3102211951963,164.84057989122945,-1.9563869956740518,-1.2098630171192302,40.306512714266596
2023-10-31,168.4911346435547,0.00281885818761185,174.36035888671876,168.34843376159668,0.161495906503571,180.37035450624063,164.61962199522424,-1.936420876437495,-1.3551745889828832,41.61371753684995
2023-11-01,171.64845275878906,0.018738778879456852,174.29602874755858,168.53889533996582,0.17341301559362585,180.37740905024418,164.64315521977534,-1.6468445985960614,-1.413508590905519,49.54583201856896
2023-11-02,175.2003936767578,0.02069311351707981,174.22597625732422,168.75070266723634,0.18679185357690378,180.60026253002243,164.6827513859932,-1.1178554233712248,-1.3543779573986603,56.67654997257452
2023-11-03,174.29269409179688,-0.0051809220625133046,174.23130432128906,168.95767677307128,0.18036637640657646,180.5129568513653,164.6871820036152,-0.7630752054184882,-1.236117407002626,54.55463041812354
2023-11-06,176.83824157714844,0.01460501542314141,174.24353881835938,169.16460662841797,0.18551928226345699,180.5506703627466,164.6731470811011,-0.27335386539422757,-1.0435646986809464,59.171166465245996
2023-11-07,179.3936767578125,0.014450693231696787,174.27570373535156,169.36839782714844,0.19174341522512522,181.15702573251684,164.40521334219017,0.3172984680156219,-0.7713920653416326,63.211414527967584
2023-11-08,180.4493865966797,0.00588487764979817,174.25143157958985,169.57049201965333,0.1909144155717768,181.76219147720585,164.10492278060664,0.8606605002204901,-0.44498155222920804,64.7627559052563
2023-11-09,179.97579956054688,-0.0026244868163022295,174.14803009033204,169.77350952148439,0.190652930774003,182.08915656050732,163.94568841019583,1.2387843744191969,-0.10822836689952697,63.46974858214907
2023-11-10,184.15487670898438,0.02322021715498246,174.1238687133789,169.98710655212403,0.20216974728126072,183.6630002899868,163.14100209038432,1.854291747818678,0.28427565604411414,69.29539863391562
2023-11-13,182.57412719726562,-0.008583804784147886,174.03671600341798,170.18312240600585,0.20557975938553044,184.70387499857833,162.72403332661696,2.189295663389771,0.6652796575132457,65.06842647557514
2023-11-14,185.1823272705078,0.014285704734187776,173.9969918823242,170.4065724182129,0.20610615299085322,186.36174822530577,162.10579175272156,2.634875424584237,1.0591988109274442,68.48439008866781
2023-11-15,185.74545288085938,0.0030409252257046493,174.1025177001953,170.62650115966798,0.20243979623212563,188.0103747274984,161.68236056302896,2.998871007832122,1.4471332503083798,69.18504738756677
2023-11-16,187.4249725341797,0.0090420498982422,174.34720703125,170.8492276763916,0.20219406988963387,189.83816859024162,161.28520940048102,3.3838563401819783,1.8344778682830998,71.23881457419108
2023-11-17,187.40524291992188,-0.00010526673148747445,174.5792672729492,171.04537803649902,0.1905339821160889,191.4075199521835,161.39908557760165,3.6453466872938236,2.196651632085245,71.17879974775718
2023-11-20,189.14402770996094,0.009278207818241402,174.82281768798828,171.2321449279785,0.1905259810495914,193.10083925205913,161.551029949601,3.9473821084552867,2.5467977273592535,73.31262863877849
2023-11-21,188.3437957763672,-0.004230807302152084,175.1107470703125,171.42851783752442,0.19328293357056175,194.40996928160322,161.96372761781086,4.075198969552048,2.8524779757978127,70.71767138280164
2023-11-22,189.0056915283203,0.0035142954893987444,175.4531558227539,171.61385620117187,0.18087753657141425,195.47685986980255,162.91573198810758,4.181700171768824,3.1183224149920155,71.61269397067855
2023-11-24,187.68185424804688,-0.007004219129957079,175.738896484375,171.8059860229492,0.14986194995296304,195.5186263125683,165.17585916106452,4.1118813286773275,3.3170341977290785,67.18927537268638
2023-11-27,187.50399780273438,-0.0009476485940800305,176.03548583984374,172.00238441467286,0.1521116509527786,195.30134730034592,167.5460190326619,3.996132930860739,3.452853944355411,66.59412918395793
2023-11-28,188.106689453125,0.003214286934962729,176.28571868896483,172.19997596740723,0.15065660008790893,195.07358165710835,169.78270191222757,3.907984854188186,3.543880126321966,67.64015028507883
2023-11-29,187.08905029296875,-0.005409904151281286,176.49389221191407,172.37850708007812,0.1555013831205768,194.31007402465204,172.4060011096253,3.7132083385583314,3.5777457687692387,63.99633724296554
2023-11-30,187.66209411621094,0.0030629468819518557,176.78417083740234,172.56310134887696,0.14726264599140645,193.76504899707558,174.55239027294394,3.564002788411159,3.5749971726976226,65.135316861935
2023-12-01,188.93655395507812,0.00679124809338405,177.13072204589844,172.74358863830565,0.13473571670771184,193.68895422898748,176.00210106886408,3.5081547486509237,3.561628687888283,67.5909241680819
2023-12-04,187.14833068847656,-0.009464675993967497,177.4245391845703,172.9231049346924,0.13930964118696004,192.8461789659456,178.13043999157392,3.2817699013759523,3.5056569305858174,61.08934394582581
2023-12-05,191.09030151367188,0.021063350181610874,177.77173919677733,173.12803802490234,0.1477087952529885,192.74725312537632,179.65457182579556,3.381462979721647,3.4808181404129837,68.32290614660344
2023-12-06,190.0035400390625,-0.0056871618601304075,178.1785043334961,173.34756103515625,0.14596017011888354,192.64396664619363,180.81884463310325,3.3343416786877924,3.4515228480679454,64.74916298230767
2023-12-07,191.93008422851562,0.010139517342977244,178.6539926147461,173.57460121154784,0.14787633213557747,192.8689393971373,181.74194164534316,3.4131095214388836,3.4438401827421328,67.94967102043428
2023-12-08,193.35272216796875,0.007412271740366183,179.15280334472655,173.8063437652588,0.14698535635517992,193.0198338193719,182.92873948385073,3.5494131709416763,3.4649547803820417,70.10793935163117
2023-12-11,190.8532257080078,-0.012927133540895142,179.5913623046875,174.03882316589355,0.13887245533851023,193.1732580393247,183.4451501638003,3.416364595587254,3.455236743423084,62.18475603274391
2023-12-12,192.36474609375,0.007919805285631965,180.01002990722657,174.27290718078612,0.13476271756955044,193.17916644074742,184.41830365202603,3.3937684536954293,3.442943085477553,64.77716200627836
2023-12-13,195.5756378173828,0.016691684879036828,180.51955505371095,174.52555473327638,0.13775550306947043,194.31504812274807,184.32175302471285,3.5935290104665967,3.473060270475362,69.55230957582603
2023-12-14,195.7238311767578,0.0007577291375799877,181.00718017578126,174.78927505493164,0.13793416851455959,195.28253959362547,184.3520993834253,3.7209063641210207,3.522629489204494,69.75610197539876
2023-12-15,195.1903076171875,-0.0027258998373503873,181.45946838378907,175.04737586975097,0.13702964153470554,196.0456773075726,184.365495177779,3.735739660789136,3.565251523521422,67.99169392321798
2023-12-18,193.5305633544922,-0.008503210446035303,181.82765075683594,175.27198844909668,0.1419495719129237,196.37600248986877,184.64770203893983,3.5723874060458627,3.5666787000263103,62.68016877683398
2023-12-19,194.56790161132812,0.0053600745993585,182.18697967529297,175.4880121612549,0.1398213087433955,196.8779773611059,184.68811455783938,3.4864445328630325,3.5506318665936547,64.54445034328245
2023-12-20,192.4833221435547,-0.010713891913876061,182.51645690917968,175.7045841217041,0.14510944598512418,197.01694626370477,184.96309829195928,3.2130875717394076,3.483123007622805,58.247479061536005
2023-12-21,192.33511352539062,-0.0007699816093860168,182.815146484375,175.91416687011719,0.14497150614391835,197.13638177434953,185.17660498102154,2.9504797201594783,3.37659435013014,57.815604560602374
2023-12-22,191.2681427001953,-0.005547457277240486,183.0745394897461,176.12963203430175,0.1440053366340275,197.08772894609143,185.5838866544945,2.625994645599434,3.226474409223999,54.67281272674989
2023-12-26,190.72474670410156,-0.002841016744463798,183.35976837158202,176.3526626586914,0.14449848287801814,196.9706835359973,186.02300695472536,2.298494753926974,3.0408784781645943,53.08999182653043
2023-12-27,190.8235626220703,0.0005181074804208041,183.64953826904298,176.56649520874024,0.14424026559126418,196.88254875069057,186.38282905692662,2.0235955985921805,2.837421902250112,53.35445529320844
2023-12-28,191.24838256835938,0.0022262447071614844,183.9787857055664,176.77202194213868,0.14244629280041574,196.64313124405703,187.0381797910992,1.8190466196310808,2.633746845726306,54.540996334085754
2023-12-29,190.21102905273438,-0.00542411654255015,184.3131362915039,176.9703939819336,0.1441013249146658,196.42664523635887,187.50955929244975,1.5553057246729338,2.4180586215156317,51.12134790761106
2024-01-02,183.40399169921875,-0.03578676477076648,184.51884521484374,177.12066024780273,0.1916857889277927,197.4414694499312,185.94147885329144,0.7879353118221388,2.0920339595769333,35.4253589398932
2024-01-03,182.03074645996094,-0.007487542809373138,184.74800079345704,177.26824211120606,0.19071058863046098,198.3702772918016,184.5009125885695,0.0681932278321824,1.687265813227983,33.21006783881538
2024-01-04,179.7189178466797,-0.012700209487905179,184.9285513305664,177.39245712280274,0.1751871918005073,199.5621244124623,182.17192710120958,-0.6809037726818872,1.2136318960460089,29.828345653726302
2024-01-05,178.9977264404297,-0.004012885314974235,185.08599548339845,177.50381690979003,0.1749477829731106,200.5065212946592,180.12694885914942,-1.3175744832962835,0.7073906201775503,28.841683736336705
2024-01-08,183.32498168945312,0.024174917386247108,185.3761602783203,177.643946685791,0.19481083266786972,200.50701725906066,179.26594264084167,-1.4561813223649551,0.27467623166904914,41.37268698959675
2024-01-09,182.91001892089844,-0.0022635363971159617,185.7411022949219,177.77659019470215,0.1914651441450935,200.28977414260032,178.43891543259497,-1.5812842083306577,-0.09651585633089235,40.63371494131506
2024-01-10,183.94740295410156,0.00567155391117069,186.10054656982422,177.90792610168458,0.1896658563065599,200.18031894645247,177.8577883533522,-1.57852467521829,-0.392917620108372,43.35749386173418
2024-01-11,183.35462951660156,-0.0032225159365142364,186.40728881835938,178.04599021911622,0.18620592252195478,199.88745317207304,177.2496424700168,-1.6056605326064073,-0.6354662026079793,42.1669696522099
2024-01-12,183.68063354492188,0.0017779972568994218,186.71107879638672,178.18878387451173,0.17306086079001176,198.9883958303845,176.95919938445928,-1.5826166746529395,-0.8248962970169713,43.092440905800856
2024-01-16,181.41822814941406,-0.01231706006150346,186.9064743041992,178.30491561889647,0.17542670200797372,198.0088563320574,176.50817858005195,-1.727003636015894,-1.005317764816756,38.48925387166014
2024-01-17,180.47967529296875,-0.005173420918168858,187.01205993652343,178.40853202819824,0.1754561425620105,196.99777516318792,176.0481965164996,-1.895316683911119,-1.1833175486356287,36.73608639417953
2024-01-18,186.35800170898438,0.03257057287183973,187.25336608886718,178.52904357910157,0.21673442194730227,196.1065543708537,176.222161144283,-1.5366605066663794,-1.253986140241779,51.60460231346087
2024-01-19,189.25270080566406,0.015533001374419264,187.5016552734375,178.65778060913087,0.22407450749606778,195.15551882202715,176.64167661254316,-1.007234109298878,-1.2046357340531988,56.96797264958038
2024-01-22,191.55462646484375,0.012163238090554085,187.74487426757813,178.8006841278076,0.22601890373451752,194.97840313748912,176.72592272921008,-0.39733349912711446,-1.043175287067982,60.69806988816611
2024-01-23,192.8291015625,0.006653324543378414,187.99246856689453,178.95916007995606,0.2272793741399781,195.0793340775303,176.6743905928799,0.18670440551139222,-0.7971993485521071,62.629512687087185
2024-01-24,192.1573028564453,-0.0034839072557569795,188.2360986328125,179.1098491668701,0.22670147493157364,195.24129954083864,176.60134114519653,0.588565494924552,-0.5200463798567753,60.92974402685203
2024-01-25,191.83128356933594,-0.0016966270980236509,188.38962677001953,179.2718472290039,0.22652557409155427,195.42888832977766,176.52440604278095,0.8706993911349628,-0.24189722565842756,60.07760160629672
2024-01-26,190.10232543945312,-0.009012910187080614,188.54019073486327,179.43125198364257,0.2289651248087859,195.32019052778202,176.56098012651483,0.9438993804700146,-0.004737904432739051,55.63386858953349
2024-01-29,189.42063903808594,-0.0035858919652421717,188.62495697021484,179.59069221496583,0.22911455654426127,195.04486933045922,176.65352697081033,0.9361135693788185,0.18343239032957254,53.93980547922949
2024-01-30,185.7751007080078,-0.019245729233049014,188.6255499267578,179.70504257202148,0.23822150474616444,194.5911626772025,176.66364078959438,0.6285334395503526,0.2724526001737286,45.89181772756413
2024-01-31,182.17893981933594,-0.019357604302011056,188.52062927246095,179.8031339263916,0.21218309965032311,194.610264394043,176.5220338847656,0.09351584882713837,0.23666524990441054,39.61300103737563
2024-02-01,184.6092987060547,0.013340504062263836,188.4647103881836,179.91327880859376,0.21561396945624542,194.5994239167957,176.7907295866223,-0.13284840193088598,0.1627625195373512,45.0816037108212
2024-02-02,183.6114959716797,-0.005404942986993122,188.35405975341797,180.01233390808105,0.21106696725952848,194.40575079836282,177.37366051755515,-0.3882821680654729,0.052553582016786365,43.3460371057963
2024-02-05,185.41943359375,0.009846538270943395,188.29557250976563,180.11472175598144,0.21229566958036938,194.09340653266466,178.32817549858535,-0.43976052589101755,-0.045909239564774454,47.304604408068386
2024-02-06,187.01991271972656,0.008631668725098018,188.25585693359375,180.2299334716797,0.19725154005931186,194.16576938375925,178.62530575051807,-0.34740750814495414,-0.10620889328081042,50.59558098417175
2024-02-07,187.1286163330078,0.000581240851310616,188.24479217529296,180.35370803833007,0.19687176986986665,194.20545799171032,179.00747688377794,-0.2624205819778638,-0.1374512310202211,50.82023656238465
2024-02-08,186.0517120361328,-0.005754888364901789,188.21574645996094,180.47057281494142,0.19761664344021526,194.2133016172077,179.2100641664837,-0.278751730948386,-0.1657113310058541,48.468809171283205
2024-02-09,186.8134307861328,0.004094123841505315,188.1898812866211,180.5989212036133,0.19742540977996734,194.21796751557343,179.5512783950711,-0.22760624389169948,-0.1780903135830232,50.22319116372415
2024-02-12,185.1317596435547,-0.009001874948184718,188.1507354736328,180.718910446167,0.20055121930300612,194.18500443926374,179.72935408124405,-0.3190915945356778,-0.20629056977355417,46.4623398121033
2024-02-13,183.0445098876953,-0.011274401323025707,188.0583837890625,180.80558616638183,0.19970191506003349,194.03689440490038,180.04009228943553,-0.5536360338889494,-0.27575966259663326,42.234953694187816
2024-02-14,182.1641082763672,-0.004809767918569574,187.9229348754883,180.8816118621826,0.19956850868750675,193.82296404606439,180.4224659466114,-0.8013181472900612,-0.3808713595353189,40.558676975871144
2024-02-15,181.87725830078125,-0.0015746788887235352,187.81751342773438,180.95664611816406,0.15970485090800574,193.9945554841668,179.80280016768867,-1.0091218735366283,-0.5065214623355809,40.00160693760192
2024-02-16,180.3439483642578,-0.00843046541853909,187.6025863647461,181.02917945861816,0.14874466060188046,194.029161747826,178.87731865988886,-1.282746418967747,-0.6617664536620143,37.07060871851289
2024-02-20,179.6020050048828,-0.004114046332602372,187.3945556640625,181.10336570739747,0.1385276005157465,193.6205277208873,178.09069054083142,-1.5416927961192357,-0.8377517221534586,35.7072201659343
2024-02-21,180.35386657714844,0.004186264915278626,187.16303131103516,181.18947830200196,0.13646637308112516,192.63389991923347,177.8297948439501,-1.66702430184219,-1.003606238091205,38.188144540458666
2024-02-22,182.3817138671875,0.011243713974779856,186.94361114501953,181.24745376586915,0.14589556577073573,191.48082539005813,178.00531047419966,-1.5844554777548865,-1.1197760860239414,44.41786537432585
2024-02-23,180.5517120361328,-0.010033910704377536,186.73758087158203,181.2966237640381,0.1482189560666779,190.2765566562188,178.08162205471874,-1.6476913829813782,-1.225359145415429,40.45532699258664
2024-02-26,179.2063751220703,-0.00745125537105551,186.47441345214844,181.34757820129394,0.14747824923198988,189.4436823325339,177.82490134666529,-1.7857783972238508,-1.3374429957771135,37.786521456518095
2024-02-27,180.66053771972656,0.00811445796314847,186.17611145019532,181.39699722290038,0.15252430522680224,188.46450860353852,177.92806494382475,-1.7576139031879734,-1.4214771772592856,42.223231591080236
2024-02-28,179.46353149414062,-0.006625720484918274,185.85090545654296,181.439496383667,0.1400162604491671,188.25361600960545,177.5078006163711,-1.8110055922016102,-1.4993828602477506,39.71265423176809
2024-02-29,178.80075073242188,-0.0036931222527535335,185.52311431884766,181.48331260681152,0.12391500007291123,188.38178666273114,177.041811054554,-1.8850698470109535,-1.5765202576003914,38.35284528215623
2024-03-01,177.7225341796875,-0.006030268599643285,185.20695373535156,181.52420104980467,0.11296972270824443,188.37845929095153,176.35646197369692,-2.0076266964727267,-1.6627415453748589,36.18231374592179
2024-03-04,173.21170043945312,-0.025381326915323354,184.77982971191406,181.5425353240967,0.14021677406085364,189.0804367841587,174.61450492726706,-2.4406066723777258,-1.8183145707754327,28.831016613696548
2024-03-05,168.285400390625,-0.028440919616455895,184.29587127685548,181.53318367004394,0.15878372457134934,190.22448446980036,171.75705392131295,-3.145004017253939,-2.0836524600711344,23.27042831031912
2024-03-06,167.2961883544922,-0.005878180958280632,183.7950927734375,181.5072590637207,0.15066448570569974,190.6345487842723,169.37461717031752,-3.739953278745901,-2.414912623806088,22.338735824435815
2024-03-07,167.177490234375,-0.0007095088135880001,183.3132797241211,181.48019889831542,0.1500403074826352,190.5291966742622,167.48485667046435,-4.172929863243269,-2.766516071693524,22.223755165762398
2024-03-08,168.88885498046875,0.01023681324378356,182.87656188964843,181.46642532348633,0.1601856271057144,190.01332455004246,166.2844430891177,-4.328082650688259,-3.0788293874924717,27.979551832706818
2024-03-11,170.88706970214844,0.011831536911720786,182.47783203125,181.47564910888673,0.1680323494139831,188.90209892562734,165.80303260513438,-4.240916479000447,-3.311246805794067,34.11090421182995
2024-03-12,171.36187744140625,0.0027784883905224156,182.08010192871095,181.4858674621582,0.16894635194290697,187.89844239820695,165.4297009123399,-4.086417960968049,-3.4662810368288643,35.515704965592064
2024-03-13,169.28453063964844,-0.012122572609349014,181.6615719604492,181.4800333404541,0.16946986864335029,187.2504819136561,164.7016634720861,-4.084517522638805,-3.5899283339908528,32.27361747193588
2024-03-14,171.13436889648438,0.010927391001683606,181.41617950439453,181.47142753601074,0.1773073077027388,186.50183594602237,164.34733550173155,-3.8889159220049123,-3.649725851593665,37.72524012567339
2024-03-15,170.75843811035156,-0.0021966995207152173,181.19073333740235,181.4517292022705,0.1772520118985918,185.69556570685043,164.0417237218605,-3.721337455194032,-3.664048172313738,37.07214795511594
2024-03-18,171.84658813476562,0.00637245243313167,181.03328674316407,181.43771812438965,0.17911458552532503,185.03025423158473,163.85729917417697,-3.4608313900163523,-3.6234048158542613,40.29414370010001
2024-03-19,174.18115234375,0.01358516473515059,180.93695526123048,181.42138816833497,0.18761824865315227,184.47696443125776,163.8685037083907,-3.031058480228637,-3.5049355487291365,46.6101491040139
2024-03-20,176.74319458007812,0.014709066979140761,180.80531951904297,181.41363151550294,0.1953792793097286,183.96152760157233,164.02287333836907,-2.4554203983775835,-3.2950325186588256,52.54333458955181
2024-03-21,169.5219268798828,-0.04085740170846308,180.53755767822267,181.37651809692383,0.23566935279864876,182.67852261187545,164.0198996293355,-2.5524954453944417,-3.146525104005949,39.2900472881635
2024-03-22,170.42213439941406,0.005310271869249705,180.2670523071289,181.3457283782959,0.2363573336908838,181.60848609074876,164.07697838679033,-2.5276517006684287,-3.0227504233384455,41.27850765929841
2024-03-25,169.00753784179688,-0.00830054477725195,179.9801104736328,181.3147137451172,0.2365992446150361,180.71817294509464,163.94740780441708,-2.5922273901583424,-2.936645816702425,39.110669106688896
2024-03-26,167.87985229492188,-0.0066723979372481645,179.6640948486328,181.26451248168945,0.2333363281082831,179.32064109566835,164.0668711113629,-2.703237647598769,-2.889964182881694,37.423392806199615
2024-03-27,171.44100952148438,0.021212534904465175,179.4645504760742,181.23019561767578,0.24888753393848842,177.98561074310658,164.59964926665907,-2.475324450624356,-2.807036236430227,45.42974613618861
2024-03-28,169.6307373046875,-0.010559155139424292,179.24757171630858,181.17288513183593,0.250633480575094,176.54591790386849,165.1223407631237,-2.4129603340996653,-2.728221055964115,42.45602979133322
2024-04-01,168.19639587402344,-0.008455669376050245,178.88433959960938,181.11076766967773,0.25123254708825615,175.16870180215034,165.54694303427544,-2.451021834606564,-2.6727812116926053,40.210141398555145
2024-04-02,167.0192108154297,-0.006998872077350837,178.43966979980468,181.0396112060547,0.23723786018460866,174.8827451788449,165.2136506951785,-2.5468167261780366,-2.647588314589692,38.414100029925635
2024-04-03,167.8204803466797,0.004797469269181676,177.96498687744142,180.9623122406006,0.21595130898319748,174.89949345386648,165.15041041576242,-2.528927214504108,-2.6238560945725755,40.366590604627206
2024-04-04,166.99945068359375,-0.00489230909952032,177.44839385986327,180.88627822875978,0.21562649434101544,174.92129651125177,165.0989335912873,-2.5515867757520994,-2.6094022308084805,39.002130361124976
2024-04-05,167.75125122070312,0.0045018144313166975,176.96027282714843,180.81355979919434,0.21619186201407242,174.88660961920706,165.1909965819648,-2.48028938886074,-2.5835796624189324,40.96975331828397
2024-04-08,166.6334228515625,-0.006663606745143991,176.45631561279296,180.74042510986328,0.21416182554157046,174.98673081041994,164.86533217786132,-2.485335700500002,-2.5639308700351466,38.95753163489886
2024-04-09,167.84024047851562,0.007242350341852832,176.01107391357422,180.65834770202636,0.21123251770564408,174.8956446303494,164.65173543556858,-2.3646960974917306,-2.5240839155264636,42.25498150113077
2024-04-10,165.9706573486328,-0.011139063698625495,175.54207427978517,180.56849884033204,0.21385381378700286,174.83726171911033,164.17099633753028,-2.3923703209090945,-2.49774119660299,38.7616766432019
2024-04-11,173.15234375,0.04327081977075964,175.289619140625,180.52150482177734,0.26230078024519776,175.2721651755888,164.12287419208698,-1.8138908648346046,-2.360971130249313,54.36783437366768
2024-04-12,174.64608764648438,0.008626761059850718,175.13896209716796,180.4682344055176,0.26130135131139354,175.84534622170003,163.90086502097574,-1.2208360415258426,-2.1329441125046187,56.83199529380243
2024-04-15,170.82769775390625,-0.0218635867773187,174.863330078125,180.39000930786133,0.27366960735167195,175.85105060571664,163.90208660131464,-1.046880190859639,-1.9157313281756227,49.47688564077129
2024-04-16,167.5533905029297,-0.019167308896789748,174.54216796875,180.29373764038087,0.2809018913614367,175.6468577286572,163.67695971519043,-1.1598580351066516,-1.7645566695618284,44.19495400664557
2024-04-17,166.18824768066406,-0.00814750938890585,174.1575442504883,180.16906158447264,0.27637313261240043,175.04047303264034,163.4840539448987,-1.3440559668756862,-1.6804565290246003,42.173457605065835
2024-04-18,165.23863220214844,-0.005714095261058039,173.72191864013672,180.04707664489746,0.2692134377936363,173.54716602099873,163.8269047187474,-1.5488065103726285,-1.654126525294206,40.776246867517074
2024-04-19,163.22061157226562,-0.012212765277638149,173.2437585449219,179.9205687713623,0.2328491548655658,173.7892625547009,162.95467665428347,-1.8525550888822693,-1.6938122380118186,37.90247200238184
2024-04-22,164.05154418945312,0.005090855923056026,172.8037551879883,179.7958506011963,0.2327616862881291,173.7071715662953,162.39970862169298,-2.0031377824816445,-1.7556773469057836,39.784300817302416
2024-04-23,165.10012817382812,0.006391795880714479,172.36948913574219,179.6819425201416,0.23316363717854802,173.64154123572996,162.07459798546142,-2.0146401700810372,-1.8074699115408341,42.166127583828604
2024-04-24,167.19728088378906,0.01270230818811302,172.01079956054687,179.58871833801268,0.2370960375979546,173.61492234500224,162.0329597350759,-1.833398916607024,-1.812655712554072,46.70644916882213
2024-04-25,168.05792236328125,0.00514746098108132,171.71106781005858,179.50240844726562,0.2244652083194412,173.19303179992406,162.11654156433374,-1.601852187838972,-1.770495007611052,48.493525358236816
2024-04-26,167.47427368164062,-0.0034729019223442847,171.41727111816405,179.40485443115233,0.2218154269166478,173.00664235195967,162.08728464999348,-1.4487450765095389,-1.7061450213907494,47.33432496997679
2024-04-29,171.62896728515625,0.02480795116874779,171.21230529785157,179.32428047180176,0.23699365077688686,173.47213208301474,161.96505206005168,-0.9808508975350207,-1.5610861966196037,55.49070816055232
2024-04-30,168.49314880371094,-0.018270916215648136,170.97528930664063,179.22728813171386,0.24534290618971158,173.5458688539505,162.038709087944,-0.853240113125679,-1.419516979920819,49.28639619203661
2024-05-01,167.47427368164062,-0.006046982499313791,170.73273468017578,179.10894355773925,0.2458731343672471,173.53028434544368,162.01967292994695,-0.824814407293502,-1.3005764653953555,47.43077918065004
2024-05-02,171.16403198242188,0.022031791627860953,170.54893798828124,179.0103288269043,0.25707300970434255,173.9188961094267,162.04751929584674,-0.498804267251046,-1.1402220257664937,54.1613884525718
2024-05-03,181.40240478515625,0.05981614644241273,170.52935180664062,178.95615646362305,0.33053684103838854,177.10199342230896,160.22953733940977,0.5790374537097023,-0.7963701298712544,66.84598531307569
2024-05-06,179.7504425048828,-0.009106617314307064,170.51332641601562,178.90342971801758,0.33170577486310526,179.03535132196177,159.607881405089,1.2851211562787341,-0.3800718726412567,63.779235180647994
2024-05-07,180.43296813964844,0.003797073460595657,170.5378582763672,178.85997833251952,0.33148438950896775,180.82403766834415,159.07846782481994,1.8781218723893005,0.07156687636485486,64.50381832365736
2024-05-08,180.76931762695312,0.001864124338099682,170.54003387451172,178.8142180633545,0.3268793806244449,182.40503961433384,158.97733190666227,2.348151772917447,0.5268838556753734,64.87670965675176
2024-05-09,182.57960510253906,0.010014351436131275,170.6023553466797,178.77322319030762,0.2942159518272246,183.99836894208605,158.32672871416398,2.8340596500399045,0.9883190145482799,66.89260123609276
2024-05-10,181.32154846191406,-0.006890455480602298,170.65277130126952,178.72160247802734,0.29530399749317243,185.04113219762417,157.95151154016878,3.0821019340028784,1.4070755984391998,64.13759869335806
2024-05-13,184.5210723876953,0.017645580202252154,170.7887420654297,178.69228553771973,0.28604636328936267,186.91559437553474,157.44638682563715,3.4965460658424377,1.8249696919198477,67.7728592650088
2024-05-14,185.6602020263672,0.006173439293038818,171.03771209716797,178.6558058166504,0.27263760010291466,188.8152668435126,157.35739551000304,3.8722770683361887,2.234431167203116,68.97853616555771
2024-05-15,187.92860412597656,0.012218030977297012,171.430576171875,178.62761360168457,0.26889175040952507,190.87017874666944,157.47651925137743,4.303479849537098,2.6482409036699126,71.28255750448588
2024-05-16,188.0474395751953,0.0006323435954385115,171.84560119628907,178.60415390014649,0.2660598410270217,192.54823301734893,158.07934571800263,4.601754031902402,3.038943529316411,71.40238725236726
2024-05-17,188.07716369628906,0.0001580671407219736,172.26359466552734,178.59577041625977,0.2579480491175105,193.70390519573547,159.4093287520184,4.785374144191508,3.3882296522914306,71.43449489986207
2024-05-20,189.2361297607422,0.00616218387004519,172.6705401611328,178.6001284790039,0.2578579446241,194.79459535474578,160.83709715013705,4.967155010594439,3.704014723952032,72.72055316836453
2024-05-21,190.5337677001953,0.006857242013424081,173.06347412109375,178.6562008666992,0.25784176368859174,195.8649106470406,162.31014581047893,5.156485439435187,3.9945088670486633,74.12518801825148
2024-05-22,189.0974578857422,-0.007538347830885028,173.41818572998048,178.7205615234375,0.262202766691372,196.54599113465034,163.8190830230645,5.131480457579869,4.221903185154905,69.83868429203014
2024-05-23,185.11541748046875,-0.02105813822034297,173.73480346679688,178.76033164978028,0.27965030061021806,196.49096172255233,165.57986194688127,4.735755605191883,4.3246736691623004,59.556027566152935
2024-05-24,188.18612670898438,0.016588079319971305,174.07583862304688,178.82338706970214,0.2806630555415515,196.43785828595762,167.70415068621034,4.616702903114884,4.383079515952818,63.962415031284095
2024-05-28,188.19602966308594,5.262318893928253e-05,174.42459045410158,178.88757598876953,0.27228298890502883,196.6274481551483,169.17126705481266,4.471605974428854,4.400784807648026,63.9760461346328
2024-05-29,188.49319458007812,0.001579017992697107,174.7575225830078,178.95295463562013,0.25880203100951077,196.02969856009125,171.76902122750639,4.330673035367369,4.386762453191895,64.41106468799826
2024-05-30,189.4837646484375,0.005255203353978555,175.06357482910155,179.01504760742188,0.25505286801868876,194.58184100609907,175.4178278781783,4.249922925768175,4.359394547707151,65.88974312782733
2024-05-31,190.43470764160156,0.0050185987961999245,175.33740509033203,179.0918112182617,0.24820351420468842,193.29980944587098,178.62692700432436,4.21408370059936,4.3303323782855925,67.29460029431733
2024-06-03,192.19790649414062,0.009258810404757734,175.79092468261717,179.18173194885253,0.14462609037484936,194.01314987797127,178.99313674312248,4.278634829224018,4.319992868473277,69.77987781889269
2024-06-04,192.514892578125,0.0016492691817848737,176.23277984619142,179.28591621398925,0.13761909077135628,194.40042977235137,179.88230185606662,4.305736343202511,4.317141563419124,70.21803741771949
2024-06-05,194.02053833007812,0.007820931314922008,176.73303985595703,179.39521133422852,0.13848371533355752,194.9788954715879,180.66259317587307,4.398009995698118,4.333315249874923,72.2743324032663
2024-06-06,192.64364624023438,-0.007096630602587584,177.2283157348633,179.49096206665038,0.1435946780460626,195.06155965065807,181.76736185813098,4.310346850222004,4.3287215699443395,67.6727449451245
2024-06-07,195.03089904785156,0.012392066150160863,177.70011352539063,179.59179176330565,0.1453233753633913,195.71540560377682,182.3586452995435,4.3829802582176285,4.3395733075989975,71.10747267106349
2024-06-10,191.29647827148438,-0.019147841673287536,178.13342834472655,179.6547590637207,0.1622947393705191,195.2010902088022,183.87045367547512,4.092035769407488,4.290065799960696,60.312103831450436
2024-06-11,205.1940155029297,0.07264920586631085,178.8733807373047,179.81059768676758,0.29363342991724817,199.16709379556707,181.9717444002337,4.926090370490272,4.417270714066611,75.3253052226863
2024-06-12,211.05810546875,0.02857826994343604,179.75415863037108,179.98475563049317,0.304888339705923,204.1043971904762,179.5742313495629,5.991204823079329,4.7320575358691555,78.94461589041795
2024-06-13,212.21705627441406,0.0054911456875350595,180.64209014892577,180.15691375732422,0.30417896403962585,208.1674497198664,177.9400240350164,6.849872280994674,5.15562048489426,79.58204995871886
2024-06-14,210.48361206054688,-0.008168260573861219,181.51177337646484,180.30101684570312,0.3079215400143272,210.9626580077273,177.3884329956907,7.306275767645502,5.585751541444509,75.88173325601868
2024-06-17,214.6241455078125,0.019671524099817317,182.44923126220704,180.448408203125,0.31093420953783574,214.33345102689597,176.67233815767432,7.910893409474113,6.0507799150504304,78.45826535257078
2024-06-18,212.26658630371094,-0.010984594480380805,183.36189453125,180.58292640686034,0.3172933640024455,216.6519474573845,176.6568873814827,8.106376657765026,6.4618992635933505,73.63475408319184
2024-06-20,207.7001190185547,-0.021512887942818026,184.15909210205078,180.68676818847655,0.3318563828425902,217.874421019051,177.15104895165211,7.80287609555586,6.730094629985853,65.2650911084854
2024-06-21,205.5308074951172,-0.0104444404446572,184.95029510498046,180.77857955932618,0.33341415915917055,218.59227462134487,178.07653031029577,7.303118597988913,6.844699423586465,61.67847407769956
2024-06-24,206.17466735839844,0.0031326683874219885,185.61074157714845,180.90710708618164,0.31971118799933534,218.9287658929166,179.84596402651698,6.879706318641382,6.851700802597449,62.33998745534998
2024-06-25,207.0959014892578,0.004468221739666767,186.2597378540039,181.0666340637207,0.31706460404342396,219.4168231772325,181.24888422022846,6.543060602313545,6.789972762540668,63.31573837567541
2024-06-26,211.23641967773438,0.019993240613172425,187.06791229248046,181.24380500793458,0.3208302880516482,220.26326087366706,182.70648552525873,6.535039789999928,6.738986168032519,67.40361105475236
2024-06-27,212.07839965820312,0.003985960289202506,187.95841247558593,181.41936447143556,0.32050595643393237,220.96344751504142,184.36481939169687,6.521448784036636,6.695478691233343,68.18012245271612
2024-06-28,208.6312255859375,-0.016254244080591285,188.80727203369142,181.59278396606445,0.33020576742477364,220.9976005166829,186.2454124838054,6.161493810248942,6.588681715036463,61.699643144945554
2024-07-01,214.70335388183594,0.029104599653503316,189.79656646728515,181.80687446594237,0.34108860020306697,221.71612343804563,187.9537541864661,6.293647654273258,6.529674902883823,67.55050337385077
2024-07-02,218.1901397705078,0.016240015936550556,190.89595703125,182.03085105895997,0.3428068476589477,222.92123298302837,189.34786796912007,6.603612672428255,6.5444624567927105,70.35135897248199
2024-07-03,219.45803833007812,0.00581098009701031,192.0040869140625,182.26476860046387,0.3423311450214208,223.98841429696458,190.97500123037915,6.872350817644417,6.610040128963052,71.32074019957071
2024-07-05,224.2028045654297,0.0216203802396846,193.18614044189454,182.50780738830565,0.34636486335590994,225.83113922917843,192.15050292170045,7.3830831289085666,6.764648728952156,74.65973648131255
2024-07-08,225.66883850097656,0.006538874205380685,194.35557159423828,182.752749710083,0.34211140412117363,227.20758366860343,194.0765777083497,7.816040403202919,6.974927063802308,75.6048110353242
2024-07-09,226.52072143554688,0.0037749249751495295,195.5248275756836,183.01961250305175,0.34206440340227834,228.51844297417293,195.91470064154973,8.134136730798673,7.206768997201581,76.16117671956545
2024-07-10,230.7801055908203,0.018803507812795717,196.7909442138672,183.3154680633545,0.32878617751573586,229.34833872215194,199.0331676255043,8.630440718016047,7.491503341364475,78.76846535603786
2024-07-11,225.4212188720703,-0.023220748188110596,197.86678924560547,183.58028678894044,0.2522539455621668,230.53044268190789,199.8737840026624,8.493440733650544,7.6918908198216895,68.60233560390056
2024-07-12,228.36314392089844,0.013050790265213275,199.0641891479492,183.85345100402833,0.23851403857257747,232.3356145381338,199.79911599165135,8.523996695850201,7.8583119950273925,70.82824523674064
2024-07-15,232.1866912841797,0.016743276947551955,200.3584375,184.16605804443358,0.24271973738667005,234.73046621428122,199.40122781648049,8.75580931406492,8.037811458834899,73.46157299497533
2024-07-16,232.60276794433594,0.0017919918573068294,201.58721221923827,184.4882935333252,0.23829543407098003,236.84230733403768,199.50130228510295,8.8708388845412,8.20441694397616,73.73937728444199
2024-07-17,226.71884155273438,-0.025296029121242625,202.49354095458983,184.77982681274415,0.2547555803608026,237.74434210029054,199.8087371233423,8.390496540888648,8.241632863358657,63.60023838277746
2024-07-18,222.06321716308594,-0.020534792599341767,203.3397964477539,185.04551651000978,0.2637398970347667,238.03121696503118,200.50152534453915,7.547152912460859,8.102736873179097,56.93004368145375
2024-07-19,222.19200134277344,0.0005799437715654499,204.17497711181642,185.29931968688965,0.24839632408061377,237.97837445042543,202.00355609156676,6.8106795436966365,7.844325407282605,57.06418690054617
2024-07-22,221.8452911376953,-0.0015604081289283256,204.99649658203126,185.5580492401123,0.24374238945869775,237.46348490776694,204.14989399848304,6.128398118263192,7.501139949478724,56.553514153525875
2024-07-23,222.88536071777344,0.00468826529850741,205.80261169433595,185.81576316833497,0.24373671118493753,236.81938428402026,206.46506395816726,5.6069763626362885,7.122307232110238,57.77429145785534
2024-07-24,216.47645568847656,-0.028754266357637115,206.50570983886718,186.03526596069335,0.2700305265534829,235.9131153737154,208.30938828839396,4.623306194350647,6.6225070245583195,48.694641776456606
2024-07-25,215.43637084960938,-0.004804609515428937,207.12401580810547,186.23684059143068,0.2627974402896739,235.54200188992817,209.1004968893687,3.716967457757363,6.041399111198129,47.392921823283906
2024-07-26,215.90196228027344,0.002161155188550312,207.7288510131836,186.43334312438964,0.262612836779859,235.20975176448826,209.81510327701562,3.0016555992514213,5.433450408808788,48.06225198765915
2024-07-29,216.17930603027344,0.0012845818864766212,208.29386505126953,186.63419235229492,0.25456388498598304,234.22563127333945,211.55403181259805,2.4291434668122633,4.8325890204094835,48.482733701865016
2024-07-30,216.7340087890625,0.002565938289724068,208.8675964355469,186.8308592224121,0.23350898665470798,234.05145135439327,211.9312772222669,1.9971613213936905,4.265503480606325,49.36568263118462
2024-07-31,219.9830322265625,0.01499083349056729,209.50571380615236,187.03928192138673,0.23243709362244544,234.00547522181304,212.15654260045258,1.8951354552236523,3.7914298755297904,54.305633577039146
2024-08-01,216.2981719970703,-0.016750656594719193,210.04695465087892,187.23845626831056,0.2393099835971866,234.15516449917928,211.69086668978557,1.4996547103705495,3.3330748424979424,48.52356502466423
2024-08-02,217.7839813232422,0.006869264369890216,210.59195892333983,187.44570083618163,0.2265168826561028,234.0450893246872,211.1590595400589,1.291241141871211,2.9247081023725965,50.7983720869746
2024-08-05,207.2940216064453,-0.04816681030928227,210.95589019775392,187.60824089050294,0.27850410068322873,234.90235533937908,208.46431183591386,0.27643325590221934,2.3950531330785214,38.022904192118894
2024-08-06,205.2732696533203,-0.009748240385636708,211.35904724121093,187.76713973999023,0.27757477818043014,235.51245778182118,205.72946421524915,-0.6829939701734986,1.7794437124281173,36.13748132337263
2024-08-07,207.83880615234375,0.012498151870218077,211.75210083007812,187.9407410430908,0.2713054095729609,234.60284572953915,204.3449463236835,-1.2222403784853952,1.1791068942454146,40.19229144847878
2024-08-08,211.29583740234375,0.016633232811518406,212.2140969848633,188.14435539245605,0.27284123096264196,234.04566753802453,203.48958636822545,-1.3550236427925881,0.6722807868378139,45.23790862373718
2024-08-09,214.1981964111328,0.013735997095212449,212.72819702148436,188.36188941955567,0.2733890826474427,232.76713945030437,203.35161970496907,-1.212087035576701,0.29540722235491085,49.11892870118285
2024-08-12,215.72540283203125,0.0071298752579929126,213.25302978515626,188.58488883972169,0.2661910428853188,230.37388092140034,204.09874938865826,-0.9644582751441249,0.04343412285510363,51.083433624906384
2024-08-13,219.4344024658203,0.017193151965867237,213.8330236816406,188.83797714233398,0.27572147466972147,227.62671379126948,205.52907997093757,-0.46358154589734113,-0.05796901089538535,55.570026492850374
2024-08-14,219.8806610107422,0.0020336763055710527,214.38667877197267,189.1140658569336,0.2628666786486615,226.3468901845,206.12508552350778,-0.030274805201429444,-0.052430169756594175,56.09184600389863
2024-08-15,222.8557586669922,0.01353051078968992,214.99349609375,189.39846870422363,0.2577358734891317,226.48837785547047,206.06285200292794,0.5468852725398676,0.06743291870269823,59.50637119312742
2024-08-16,224.17474365234375,0.005918559130986933,215.59658020019532,189.67925483703613,0.25850678653992015,226.86408039938212,205.88542368997335,1.098062081310644,0.27355875122428747,60.956019133353564
2024-08-19,224.0160675048828,-0.0007078234812527562,216.22402862548827,189.95687950134277,0.25843119387389113,227.25216252189128,205.71441920418292,1.504724309110685,0.5197918628015671,60.674609271651725
2024-08-20,224.63092041015625,0.002744682165532808,216.81602905273436,190.2217918395996,0.25811679336536925,227.58344030937232,205.5576973859402,1.855234556279413,0.7868804014971363,61.417890140325646
2024-08-21,224.52182006835938,-0.00048568710664442794,217.48053588867188,190.4683989715576,0.23397235676275485,228.544790447595,205.40088368570576,2.100005411481618,1.0495054034940328,61.19686146398832
2024-08-22,222.6673583984375,-0.00825960554460703,217.83000274658204,190.7102722930908,0.2356073081782079,229.15342091090446,205.51535197727912,2.119911499164971,1.2635866226282204,57.41459216687628
2024-08-23,224.9581756591797,0.010288069509690079,218.10800415039063,190.950871963501,0.2375495470348192,230.0603604566426,205.51403376943162,2.2940921584728358,1.4696877297971436,60.64997432847567
2024-08-26,225.2953643798828,0.001498895160022995,218.3695703125,191.18038040161133,0.23754023142303454,230.93470634573438,205.55129371530077,2.4313132321350963,1.6620128302647343,61.118224707059504
2024-08-27,226.1383056640625,0.003741494133711276,218.6826641845703,191.40882499694825,0.23760249544646836,231.85826757705314,205.56816217148202,2.578358526396073,1.8452819694910025,62.32518562500323
2024-08-28,224.611083984375,-0.006753485108163204,218.88240295410156,191.6320014190674,0.23463703700969316,232.34426734708487,205.54496757723152,2.542352300712139,1.9846960357352301,58.765906861520506
2024-08-29,227.8837127685547,0.014570201639770186,219.19474548339844,191.85064559936524,0.22922717935207587,233.4338148113915,205.61397419007332,2.7462340234788485,2.137003633283954,63.56731818550086
2024-08-30,227.1002655029297,-0.003437925668784869,219.58274841308594,192.07327629089355,0.22966798908571606,234.27324643038352,205.7061709890501,2.8121770839615294,2.272038323419469,61.71464669484486
2024-09-03,220.92193603515625,-0.027205293899992045,219.89057098388673,192.2519743347168,0.17400944703704624,233.64472106615796,207.69748779614673,2.3389360816801457,2.2854178750716048,49.46986080497424
2024-09-04,219.0178680419922,-0.008618736678376093,220.1474349975586,192.41833641052247,0.1729336200443147,232.17439586047607,210.54227284069583,1.789617210561346,2.1862577421695533,46.41350846192203
2024-09-05,220.53517150878906,0.0069277611016922425,220.41622039794922,192.5838874053955,0.17011238318917796,230.76546799397647,213.22083724283993,1.4598831326992467,2.040982820275492,49.111597215306304
2024-09-06,218.98812866210938,-0.007014948391658393,220.57125457763672,192.74180183410644,0.16567276732264147,229.73580260118925,215.0197317616037,1.0614967975143088,1.8450856157232554,46.538659050493045
2024-09-09,219.07737731933594,0.0004075502072728998,220.71123413085937,192.89146858215332,0.15962599745857087,229.11001737842804,216.13343507518522,0.7443934728317743,1.6249471871449592,46.712102502162466
2024-09-10,218.2840118408203,-0.0036213939030280695,220.90428985595702,193.0411696624756,0.15886668426981695,228.7478019265372,216.751511427955,0.424179166343265,1.3847935829846205,45.305016493462006
2024-09-11,220.81285095214844,0.011585086282783985,221.0264797973633,193.2002054595947,0.1522237010872875,228.6865940168557,216.9505641862693,0.3701958163930783,1.1818740296663122,50.43053755627485
2024-09-12,220.92193603515625,0.0004940160073900746,221.08111572265625,193.36640586853028,0.15209684214379673,228.64665996527694,217.09462574028944,0.33238435719746917,1.0119760951725436,50.6453933513292
2024-09-13,220.6541748046875,-0.001212017399784826,221.10503845214845,193.53215675354005,0.14384084099662234,228.62107262790525,216.9000546914307,0.277612268420512,0.8651033298221372,50.07168381243213
2024-09-16,214.52545166015625,-0.027775242185905213,220.91149139404297,193.66425056457518,0.1711615964030001,229.14990504787698,215.4062930722402,-0.2573650009077255,0.6406096636761647,39.14210765019056
2024-09-17,214.99154663085938,0.002172679125465704,220.69794555664063,193.80376304626463,0.17178591557337825,229.37049174068324,214.2832542920316,-0.6363924364688387,0.38520924364716397,40.2109698783955
2024-09-18,218.8592071533203,0.017989826033028677,220.5447152709961,193.9597486114502,0.18535540957330945,229.07183473373428,214.00473997329695,-0.6175675943164833,0.18465387605443448,48.3218889388927
2024-09-19,226.97134399414062,0.03706554979493015,220.4685400390625,194.1499225616455,0.229936194377769,229.47303089699722,213.84849620261218,0.0513410481682115,0.1579913104771899,60.443023065163494
2024-09-20,226.30690002441406,-0.0029274354992747664,220.48625366210936,194.3457154083252,0.22796888245400693,229.91883613160888,213.76664513059814,0.5218256103854912,0.2307581704588502,59.217851103598186
2024-09-23,224.5912628173828,-0.007581020317304343,220.41081604003907,194.51322021484376,0.22704015109072714,229.87231031994486,213.7764796580825,0.7476321926400544,0.3341329748950911,56.05818163614162
2024-09-24,225.48377990722656,0.0039739617590086596,220.2767578125,194.69062141418456,0.22742432417513794,229.89926077248526,213.76837075827643,0.9872241010875484,0.4647512001335826,57.33359461771473
2024-09-25,224.4920654296875,-0.004398163264546562,220.11454376220703,194.85343132019042,0.2275495500273787,229.6641361277698,213.83887137955443,1.0845770157530694,0.5887163632574801,55.40913426147406
2024-09-26,225.63255310058594,0.005080302810326565,220.09281799316406,195.0148304748535,0.22695248448182395,229.80559627988464,213.79955813906065,1.239469888274897,0.7188670682609636,57.18882905156993
2024-09-27,225.90028381347656,0.0011865783957658582,220.16955932617188,195.19006576538087,0.22069573020662753,229.433644170926,213.97316735251152,1.3680571257431495,0.848705079757401,57.61647950357324
2024-09-30,231.0670623779297,0.0228719436612983,220.347060546875,195.38357734680176,0.2350961208365521,230.38217482918583,213.4213163817517,1.8653763895763973,1.0520393417212002,64.90283288785307
2024-10-01,224.33340454101562,-0.029141573738885374,220.3968228149414,195.52736618041993,0.2382531807892702,230.60683115450698,213.53780690701646,1.6965982487281224,1.1809511231225847,52.28683902423382
2024-10-02,224.89866638183594,0.0025197399467851156,220.43708892822266,195.67324035644532,0.2356337859906787,230.86291417176426,213.86980372374353,1.5901223222744818,1.2627853629529642,53.11081361638419
2024-10-03,223.7978973388672,-0.004894511206659846,220.58351776123047,195.81627830505371,0.23571228063314406,231.00327121285795,214.05571926565767,1.4007693243628694,1.2903821552349453,51.25455154460052
2024-10-04,224.91851806640625,0.0050072889015675415,220.7731607055664,195.9732180786133,0.23425782081249324,231.19237408058936,214.45965533835593,1.3258468988584582,1.297475103959648,53.053451983247264
2024-10-07,219.85089111328125,-0.022530945858485585,220.85213928222657,196.09963302612306,0.24926861321913546,231.16497594025836,214.56440485808147,0.8477824849079241,1.2075365801493032,44.97110823780666
2024-10-08,223.89706420898438,0.01840416964067826,221.00649444580077,196.2567017364502,0.2568273224250078,231.16843963836772,215.1222463967885,0.7863408977388531,1.1232974436672132,51.34462326140548
2024-10-09,227.6357879638672,0.016698404546265477,221.2245300292969,196.43320510864257,0.26013830448169395,231.67060580849977,215.30237392782834,1.0274875218820796,1.1041354593101864,56.372786050542764
2024-10-10,227.1399383544922,-0.002178258584953685,221.36766815185547,196.61256408691406,0.2604685583949078,232.04349148127577,215.55128848698595,1.1651558480625965,1.1163395370606686,55.55281998183132
2024-10-11,225.6622772216797,-0.006505509966751588,221.55495025634767,196.78725173950195,0.2618779756088766,232.19557943776323,215.90001077219773,1.1418614166911993,1.1214439129867748,53.07523878222175
2024-10-14,229.3811798095703,0.01647994797215202,221.78689422607422,196.98003982543946,0.24327291647321056,231.9293663872016,217.65179663770076,1.4072627220104152,1.1786076747915029,58.13570162406593
2024-10-15,231.91004943847656,0.01102474767548789,222.27921478271483,197.18334815979003,0.24467461212904215,231.83369849811405,219.43931480755,1.800894225383928,1.303064984909988,61.199902989247214
2024-10-16,229.85720825195312,-0.00885188542494808,222.7708935546875,197.38157905578612,0.24272767540522325,231.7732214337869,220.59959198174045,1.9250125538840166,1.427454498704794,57.519445781301584
2024-10-17,230.22410583496094,0.0015961978560430357,223.21859954833985,197.61567962646484,0.20568920843491714,232.21450541235222,220.48358418725715,2.02958697680765,1.5478809943253653,58.00553642153098
2024-10-18,233.0504913330078,0.012276670541498502,223.65369262695313,197.87077835083008,0.20909511558048635,233.27251063142216,220.0999380990466,2.3138559578392233,1.7010759870281371,61.64640031750369
2024-10-21,234.51821899414062,0.006297895587937585,224.06009307861328,198.14477485656738,0.20684653252694513,234.55356932491628,219.81157502322827,2.6272887796741315,1.8863185455573361,63.4199971618845
2024-10-22,233.90335083007812,-0.0026218353810620876,224.42365203857423,198.41930297851562,0.20743984911491634,235.50842739078257,219.69867404964714,2.7938658802216025,2.0678280124901898,62.12392590023955
2024-10-23,228.84564208984375,-0.02162307090636173,224.6118768310547,198.64690628051758,0.22283341696965145,235.6041714386371,220.0382876678082,2.4890721320822706,2.152076836408606,52.60132025545521
2024-10-24,228.65724182128906,-0.000823263518737738,224.78740844726562,198.87564239501953,0.22240386068188828,235.69363857492175,220.2512894035939,2.2068790358253523,2.163037276291955,52.27984791875042
2024-10-25,229.4902801513672,0.0036431749261158775,224.92009887695312,199.10335678100586,0.22263723408252198,235.83713725831535,220.46679035398932,2.027091160122353,2.135848053058035,53.62930391721529
2024-10-28,231.46376037597656,0.00859940657751479,225.0658792114258,199.34390243530274,0.20930565367343282,235.89062477678436,220.452972635325,2.0205595812911383,2.1127903587046557,56.74962485530075
2024-10-29,231.7315216064453,0.0011568170759594931,225.22018829345703,199.58415687561035,0.17837781708646278,236.19481622272323,220.88859289592912,2.0137757976711157,2.092987446497948,57.17073516061713
2024-10-30,228.19113159179688,-0.01527798199444419,225.29139251708983,199.81802139282226,0.1881890925923373,236.1687560829228,221.24389955672564,1.7030875808723636,2.015007473372831,50.20958900035805
2024-10-31,224.03587341308594,-0.018209551570760096,225.28167358398437,200.03580238342286,0.19914347526113282,236.14839049453994,221.28806275253035,1.10878889441355,1.8337637575809747,43.512947264042666
2024-11-01,221.06077575683594,-0.013279559255068074,225.24954193115235,200.2093162536621,0.20372745221220173,236.54753899425697,220.50314002185632,0.3932047669810004,1.5456519594609799,39.45539018725128
2024-11-04,220.16822814941406,-0.004037566612014709,225.15374298095702,200.36389389038087,0.1874753857952405,236.49210464741574,220.59030807231082,-0.24311941284719296,1.1878976849993454,38.301468307444374
2024-11-05,221.59629821777344,0.006486267707029203,225.07976165771484,200.5141022491455,0.17652815446160752,236.7192055785745,220.13313054203095,-0.6249732871699507,0.8253234905654862,41.26149588769664
2024-11-06,220.8723602294922,-0.0032669227514342536,224.97444274902344,200.65431854248047,0.1646173662687958,237.0419943445982,219.13399900256974,-0.9747743867766587,0.46530391509705715,40.208385025759995
2024-11-07,225.5928497314453,0.021372024535113443,224.99407806396485,200.82149627685547,0.18340027692024313,237.02564870727554,218.99563577758772,-0.8611632722184197,0.2000104776339617,49.29585413367938
2024-11-08,225.32481384277344,-0.0011881400008508791,224.94290008544922,200.98896392822266,0.18197130475297374,237.02852400577225,218.9590141412004,-0.7837196690572341,0.003264448295722501,48.84192709817443
2024-11-11,222.61448669433594,-0.012028533840612421,224.85318450927736,201.15152473449706,0.17573310591172325,236.97377680294525,218.337092032504,-0.9303216366090794,-0.18345276868523794,44.390687461844855
2024-11-12,222.61448669433594,0.0,224.88703552246093,201.31749397277832,0.16961422071449458,236.54270281677512,217.83860974426003,-1.0345787720230817,-0.35367796935280676,44.390687461844855
2024-11-13,223.49807739257812,0.003969151834468887,224.97663970947266,201.50610885620117,0.16883756858590604,236.27529054110147,217.4701089339962,-1.033985773732411,-0.48973953022872774,46.243031867127094
2024-11-14,226.57574462890625,0.01377044166210939,225.097451171875,201.72809288024902,0.17698692679806782,235.95972352920793,217.42083982528428,-0.7762259439829791,-0.5470368129795781,52.21382091327634
2024-11-15,223.37892150878906,-0.014109291024743453,225.1852670288086,201.92194099426268,0.17603014637447834,235.0797018404928,217.33370453157752,-0.8204487086731547,-0.6017191921182934,46.44345787592166
2024-11-18,226.377197265625,0.013422375471169756,225.33126342773437,202.1357695007324,0.18222352886667467,233.7680364804392,217.83126771877954,-0.6065676381993796,-0.6026888813345107,51.821326064448414
2024-11-19,226.63528442382812,0.0011400757731807598,225.49828887939452,202.34184875488282,0.1824608712613028,232.45485667239282,218.41764088620093,-0.41149639784958936,-0.5644503846375265,52.265658549511606
2024-11-20,227.35012817382812,0.003154159123180289,225.62903442382813,202.54349983215332,0.1667654842333384,232.2579437765092,218.465002390483,-0.19694881469405345,-0.4909500706488319,53.543649346737794
2024-11-21,226.87359619140625,-0.002096026891427738,225.74806762695312,202.7422247314453,0.16688210345421192,232.03412749155459,218.5104541124493,-0.0646254952675065,-0.4056851555725668,52.53392631115369
2024-11-22,228.21385192871094,0.005907499858088139,225.8992611694336,202.95303543090822,0.16778982073790916,231.82521771753042,218.59172106420786,0.14669808156415343,-0.29520850814522276,55.098613223340145
2024-11-25,231.1922607421875,0.013050955445101264,226.23259735107422,203.17492958068848,0.17159607776796898,231.75850799209138,218.63128082626798,0.5481870789424761,-0.12652939072768293,60.23998388399145
2024-11-26,233.36647033691406,0.009404335541971731,226.60009582519533,203.41610313415526,0.17480293951692547,232.21317162683636,218.3401120645699,1.0299380607533521,0.10476409956852416,63.523464982397456
2024-11-27,233.23739624023438,-0.0005530961517022925,226.8876596069336,203.66706756591796,0.1648049392460847,233.23615589945499,217.821754256795,1.3853445936534854,0.3608801983855165,63.18984074091941
2024-11-29,235.6201171875,0.010215861545681992,227.06063507080077,203.93434761047362,0.15082257091697845,234.9939573545667,217.2223771791247,1.8380842081730009,0.6563210003430134,66.66984318496739
2024-12-02,237.86380004882812,0.009522458812558199,227.29177307128907,204.21428031921386,0.14040628622130077,236.9340838325639,216.9625531303267,2.3508311519831864,0.9952230306710483,69.58567828192903
2024-12-03,240.9017791748047,0.012771927150549756,227.6179833984375,204.5170694732666,0.1407870832705568,239.23230311935495,216.7376889460747,2.9681117800949153,1.3898007805558221,73.02656135938933
2024-12-04,241.25917053222656,0.0014835563217761027,227.9334912109375,204.8253553009033,0.14099302670105332,241.25369750112552,216.68258179574948,3.446421420032692,1.8011249084511967,73.40770747948727
2024-12-05,241.2889404296875,0.0001233938481810526,228.2694287109375,205.130030670166,0.1390812896628053,242.82280203546736,217.1551352814272,3.784264788783844,2.197752884517726,73.44137249293426
2024-12-06,241.09039306640625,-0.0008228614329677253,228.5785855102539,205.4235740661621,0.12489002143301958,244.3305748321419,217.19711681824873,3.989992826047569,2.5562008728236947,72.77960689437657
2024-12-09,244.97222900390625,0.016101163916684147,228.9600244140625,205.74567665100096,0.13145132572006413,246.4521815976638,217.04025156884012,4.415367883578398,2.9280342749746358,77.12040402423207
2024-12-10,245.98489379882812,0.0041337942632906355,229.25838104248047,206.07956924438477,0.11663643407788986,248.26539833309468,217.56407554385842,4.779103734132491,3.2982481668062076,78.1014809487958
2024-12-11,244.714111328125,-0.0051660996375753054,229.66599517822266,206.39983711242675,0.1209527330658222,249.42999317980625,218.60944316052579,4.908246283380805,3.620247790121128,73.82349365090296
2024-12-12,246.1735382080078,0.005963803525518507,230.0914926147461,206.7333871459961,0.12098453643888739,250.64077173804714,219.66621068382784,5.069913430236909,3.9101809181442846,75.48430477164761
2024-12-13,246.34228515625,0.0006854796395687757,230.54238037109374,207.07109481811523,0.11707090219388899,251.845595144049,220.43804133056034,5.152260228570924,4.158596780229613,75.67646939764359
2024-12-16,249.2313232421875,0.011727739247466396,231.02863647460939,207.42863876342773,0.09775913107775357,252.96991330020185,221.89896334774735,5.388526311288388,4.404582686441368,78.74785302663719
2024-12-17,251.6537322998047,0.009719520909750257,231.66469329833984,207.82084892272948,0.0946165160309887,254.55550813720382,222.84102201416337,5.705467966887909,4.664759742530676,80.92303516509666
2024-12-18,246.2628631591797,-0.021421773050449566,232.11200927734376,208.21073623657227,0.133677926856836,254.80608164079493,224.55320638410743,5.458723657727802,4.8235525255701015,64.9830208948425
2024-12-19,247.99032592773438,0.007014710811017011,232.5191000366211,208.61420692443846,0.13398118721245997,255.09434000243806,226.3289677978549,5.341001087555696,4.927042237967221,67.21180807255132
2024-12-20,252.65647888183594,0.018815866855472763,233.02943084716796,209.04160186767578,0.14093993174294242,255.76988647605785,228.2317095932781,5.5601309210807415,5.053659974589926,72.33415332750724
2024-12-23,253.4308624267578,0.003064966108722089,233.58480255126952,209.46431190490722,0.14117422880700417,256.3146872585274,230.20860986061325,5.730224709664441,5.1889729216048295,73.08563323580462
2024-12-24,256.3397521972656,0.011478040766832454,234.12397399902343,209.8915753173828,0.1401342045403325,257.5215370407637,231.5165092238847,6.0302355546675415,5.357225448217372,75.75025967180613
2024-12-26,257.15380859375,0.0031756931553008627,234.6288491821289,210.32053497314453,0.1394056777410469,258.76718014343555,232.6495999468965,6.261505125205247,5.538081383614948,76.45285041064139
2024-12-27,253.74855041503906,-0.013242106727225478,235.1066760253906,210.74285507202148,0.15263921020924856,258.8570888655175,234.61080664229505,6.099698522336723,5.650404811359303,67.62629668864767
2024-12-30,250.3829803466797,-0.0132634060878557,235.509853515625,211.13909812927247,0.16291072803754023,258.49370811127176,236.4504737124587,5.634936209538267,5.647311090995097,60.225610741554284
2024-12-31,248.6157989501953,-0.007057913417427786,235.82115966796874,211.52838493347167,0.16485176507778584,258.0644855527171,237.95489616115012,5.065618659796684,5.530972604755415,56.71592244710907
