Date,Fondo_Return,Lag_Return,SMA_50,SMA_200,RSI_14,SP500_return,IPC_return,Treasury10Y_change,SP500_return_lag1,IPC_return_lag1,Treasury10Y_change_lag1
2022-06-09,-0.014593669767047346,-0.002136538920734776,1.0402993129589688,1.0414738030453916,70.00132908515974,-0.02379869397635359,-0.010620021215735798,0.014999866485595703,-0.010793945785935621,-0.0063802063551978705,0.057000160217285156
2022-06-10,-0.026105723186722295,-0.014593669767047346,1.038113815886409,1.0414682401371276,58.65012173002831,-0.029110303335524668,-0.01660977044761036,0.1119999885559082,-0.02379869397635359,-0.010620021215735798,0.014999866485595703
2022-06-13,-0.01856816536309567,-0.026105723186722295,1.0353606889339944,1.04132853108752,41.59624714893633,-0.038768430665237275,-0.0005409104202540593,0.21000003814697266,-0.029110303335524668,-0.01660977044761036,0.1119999885559082
2022-06-14,-0.010320962211314877,-0.01856816536309567,1.0321090159731379,1.0411237018308164,37.66174789349827,-0.0037736797459957394,-0.005796889001021377,0.11700010299682617,-0.038768430665237275,-0.0005409104202540593,0.21000003814697266
2022-06-15,0.019166813011968643,-0.010320962211314877,1.0286163302195408,1.0408336145479646,31.211209236611126,0.014592504858983224,0.0037475758517526714,-0.08800005912780762,-0.0037736797459957394,-0.005796889001021377,0.11700010299682617
2022-06-16,-0.01986952028557547,0.019166813011968643,1.025720960303673,1.0406495395178004,33.32703526752705,-0.03251195148816344,-0.01626760863817911,-0.08800005912780762,0.014592504858983224,0.0037475758517526714,-0.08800005912780762
2022-06-17,0.007173032237860533,-0.01986952028557547,1.0227175515729325,1.0403670646887484,22.194760465056234,0.002200865698254617,0.009624328715474473,-0.06799983978271484,-0.03251195148816344,-0.01626760863817911,-0.08800005912780762
2022-06-20,-0.0005257626325026465,0.007173032237860533,1.0198747495271645,1.0401279994776884,26.348561161148254,0.0,-0.004904835645173744,0.0,0.002200865698254617,0.009624328715474473,-0.06799983978271484
2022-06-21,0.009536767968753712,-0.0005257626325026465,1.0171375640536353,1.0399251930224582,22.984250109688148,0.024477242280086964,0.006773865373257859,0.06799983978271484,0.0,-0.004904835645173744,0.0
2022-06-22,-0.0002154033602047134,0.009536767968753712,1.0148948843674468,1.039733311687685,28.232425309487752,-0.0013015723144006452,-0.019957009176253315,-0.1510000228881836,0.024477242280086964,0.006773865373257859,0.06799983978271484
2022-06-23,0.012814252443099106,-0.0002154033602047134,1.012769166597243,1.03948658521067,26.560408085522795,0.009532217409177868,-0.010318953851517931,-0.08799982070922852,-0.0013015723144006452,-0.019957009176253315,-0.1510000228881836
2022-06-24,0.019172215030153917,0.012814252443099106,1.0107014996181523,1.0392693195060505,34.53118800858421,0.03056329358583576,0.023224825456110487,0.056999921798706055,0.009532217409177868,-0.010318953851517931,-0.08799982070922852
2022-06-27,0.005436051664215835,0.019172215030153917,1.0091841163183743,1.0391518072369417,43.01689866420684,-0.0029730715337762392,0.01159008671700712,0.0690000057220459,0.03056329358583576,0.023224825456110487,0.056999921798706055
2022-06-28,-0.015802172774934065,0.005436051664215835,1.0077472599851196,1.0390860466709015,43.61477195604815,-0.020143036075892073,0.002911721590271199,0.012000083923339844,-0.0029730715337762392,0.01159008671700712,0.0690000057220459
2022-06-29,0.0015628658717966259,-0.015802172774934065,1.0055848001396828,1.0389939142014335,40.227985982206,-0.0007117454091590814,-0.007718310654281746,-0.11300015449523926,-0.020143036075892073,0.002911721590271199,0.012000083923339844
2022-06-30,-0.005852224460768163,0.0015628658717966259,1.0036242544112388,1.0388831898624102,44.48400312776734,-0.008759278267998716,-0.01117649124187281,-0.12100005149841309,-0.0007117454091590814,-0.007718310654281746,-0.11300015449523926
2022-07-01,0.01455064465708058,-0.005852224460768163,1.001841601516215,1.0386938955345995,50.89987459862387,0.010553814029047315,0.0046018254255477675,-0.08299994468688965,-0.008759278267998716,-0.01117649124187281,-0.12100005149841309
2022-07-04,0.005093523346086914,0.01455064465708058,1.0005333296841032,1.0385621080642378,62.686902024432754,0.0,0.006141833505887595,0.0,0.010553814029047315,0.0046018254255477675,-0.08299994468688965
2022-07-05,-0.006753870011978791,0.005093523346086914,0.9992201455950531,1.0384906662438962,68.77711371879289,0.0015841285142366157,-0.011099091321819632,-0.07999992370605469,0.0,0.006141833505887595,0.0
2022-07-06,0.005464034081973723,-0.006753870011978791,0.9981113721807989,1.0383957374220678,60.27966036833512,0.0035731642904301975,0.004611694075993489,0.10400009155273438,0.0015841285142366157,-0.011099091321819632,-0.07999992370605469
2022-07-07,0.004766390834041323,0.005464034081973723,0.9968355480407023,1.0384115009433865,73.04186702252807,0.014964587965241805,-0.007290307382245564,0.09499979019165039,0.0035731642904301975,0.004611694075993489,0.10400009155273438
2022-07-08,-0.0034216422842974436,0.004766390834041323,0.9953021198105625,1.0384091243671973,72.51980133613584,-0.000830271529819071,0.0043848694916102104,0.09300017356872559,0.014964587965241805,-0.007290307382245564,0.09499979019165039
2022-07-11,-0.007275484543041899,-0.0034216422842974436,0.994335218613515,1.0384195279528745,70.56347032378835,-0.011527461422777274,-0.004460053427381316,-0.1100001335144043,-0.000830271529819071,0.0043848694916102104,0.09300017356872559
2022-07-12,-0.008441900176563178,-0.007275484543041899,0.9931573958087934,1.0383913624978376,63.246062896124386,-0.009243878717321574,0.00594531468268511,-0.03299999237060547,-0.011527461422777274,-0.004460053427381316,-0.1100001335144043
2022-07-13,0.007229402940890972,-0.008441900176563178,0.9921216864491527,1.038380914393592,58.750644265883594,-0.0044569025122100925,-0.003990805972625688,-0.053999900817871094,-0.009243878717321574,0.00594531468268511,-0.03299999237060547
2022-07-14,0.0017682298040035739,0.007229402940890972,0.9909230060421702,1.0383616848474109,56.781239361923646,-0.00299863390215227,-0.015171143362864514,0.0559999942779541,-0.0044569025122100925,-0.003990805972625688,-0.053999900817871094
2022-07-15,0.014253724231294595,0.0017682298040035739,0.9902270222250279,1.0383065220312135,48.87565923111495,0.01920124935943668,0.007157747826613825,-0.029999971389770508,-0.00299863390215227,-0.015171143362864514,0.0559999942779541
2022-07-18,-0.007961126664126794,0.014253724231294595,0.9900528255231115,1.038319893280258,53.280326475164784,-0.008363571580831342,-0.0032431024950331233,0.029999971389770508,0.01920124935943668,0.007157747826613825,-0.029999971389770508
2022-07-19,0.011840083672086688,-0.007961126664126794,0.9899927293461148,1.038286542517176,57.71075672980211,0.02762829164595959,0.007161303056798518,0.05900001525878906,-0.008363571580831342,-0.0032431024950331233,0.029999971389770508
2022-07-20,-0.0019247101733559147,0.011840083672086688,0.990030037293767,1.0383077127481033,61.895469681787034,0.005895806193263242,-0.0026818504288554923,0.01699995994567871,0.02762829164595959,0.007161303056798518,0.05900001525878906
2022-07-21,0.005137148155323323,-0.0019247101733559147,0.9902866202640783,1.0383166757688234,64.2594248730797,0.00986137270919718,0.0060230813787298665,-0.12599992752075195,0.005895806193263242,-0.0026818504288554923,0.01699995994567871
2022-07-22,0.00490620288240069,0.005137148155323323,0.9906477502878215,1.0383293471193964,60.69559406518771,-0.00933246697634671,-0.0031953461484944823,-0.127000093460083,0.00986137270919718,0.0060230813787298665,-0.12599992752075195
2022-07-25,8.777016700465268e-05,0.00490620288240069,0.9907896004026304,1.0383243663386144,60.65640299080836,0.0013151670479691902,-0.0013163849596241617,0.03699994087219238,-0.00933246697634671,-0.0031953461484944823,-0.127000093460083
2022-07-26,-0.005712880834051537,8.777016700465268e-05,0.9907472591533418,1.0382917034842838,65.55473305095086,-0.01154320266205866,-0.011193014559235825,-0.03299999237060547,0.0013151670479691902,-0.0013163849596241617,0.03699994087219238
2022-07-27,0.01539691974786186,-0.005712880834051537,0.9903446893760969,1.038212261766851,58.84384876838661,0.026156273782937722,0.003612718153835459,-0.05299997329711914,-0.01154320266205866,-0.011193014559235825,-0.03299999237060547
2022-07-28,0.017930549645038797,0.01539691974786186,0.9911285983561845,1.038232278636248,63.51378367020172,0.012133338697180918,0.027097960704442148,-0.05299997329711914,0.026156273782937722,0.003612718153835459,-0.05299997329711914
2022-07-29,0.006699614620086824,0.017930549645038797,0.9924210493861539,1.0383260628844062,71.57241483530716,0.014207760082581844,0.0006663288608570461,-0.03900003433227539,0.012133338697180918,0.027097960704442148,-0.05299997329711914
2022-08-01,-0.0016788228317388687,0.006699614620086824,0.9937748736668439,1.0384569471720961,78.09879139241647,-0.0028230841271976725,-0.015781080780219114,-0.03600001335144043,0.014207760082581844,0.0006663288608570461,-0.03900003433227539
2022-08-02,-0.008866708807990153,-0.0016788228317388687,0.9948718591210242,1.038583593640369,83.07420938018367,-0.006662395550704803,-0.01016928724885402,0.13499999046325684,-0.0028230841271976725,-0.015781080780219114,-0.03600001335144043
2022-08-03,0.014063303408952278,-0.008866708807990153,0.9959008819207584,1.0386803415237709,74.61862605833996,0.015638477163140152,0.0018531552485370195,0.006999969482421875,-0.006662395550704803,-0.01016928724885402,0.13499999046325684
2022-08-04,0.0027594695937532055,0.014063303408952278,0.9970697915817106,1.0388129166457434,77.37753549217953,-0.0007773401640558397,-0.0015628455093962268,-0.07199978828430176,0.015638477163140152,0.0018531552485370195,0.006999969482421875
2022-08-05,-0.005305176094807851,0.0027594695937532055,0.998017787900345,1.0389556847345096,75.01640823781985,-0.0016257460597355333,-0.004108224942425576,0.1639997959136963,-0.0007773401640558397,-0.0015628455093962268,-0.07199978828430176
2022-08-08,-0.00014143405380143693,-0.005305176094807851,0.9985763594129261,1.039060235385409,76.71936594184609,-0.0012375507238541195,0.013514198159749524,-0.07499980926513672,-0.0016257460597355333,-0.004108224942425576,0.1639997959136963
2022-08-09,-2.8354909634698e-05,-0.00014143405380143693,0.9991961169255462,1.039136368990373,73.6535718230686,-0.004248692893594086,-0.0023873110963070765,0.031999826431274414,-0.0012375507238541195,0.013514198159749524,-0.07499980926513672
2022-08-10,0.013179514055713614,-2.8354909634698e-05,0.9996925267014413,1.0391783552476432,75.1932373194411,0.021290637641290244,0.011989429715121735,-0.010999917984008789,-0.004248692893594086,-0.0023873110963070765,0.031999826431274414
2022-08-11,-0.00022618053290932583,0.013179514055713614,1.0005191036007475,1.0392761547455014,77.34918058024404,-0.0007054739583503,0.013644933181097496,0.10199999809265137,0.021290637641290244,0.011989429715121735,-0.010999917984008789
2022-08-12,0.011827520702429251,-0.00022618053290932583,1.0012764956375313,1.0393624371349732,75.97516729958977,0.017322368774566943,0.008105981177828125,-0.03900003433227539,-0.0007054739583503,0.013644933181097496,0.10199999809265137
2022-08-15,-0.0007883972787587678,0.011827520702429251,1.002473424558533,1.0394812259548158,78.76252101968915,0.0039695418998517695,-0.004401164421947268,-0.05800008773803711,0.017322368774566943,0.008105981177828125,-0.03900003433227539
2022-08-16,0.007913135210005228,-0.0007883972787587678,1.0037304010733028,1.0395854760041943,82.55502000257468,0.0018756797165810912,0.0033578499480380053,0.03299999237060547,0.0039695418998517695,-0.004401164421947268,-0.05800008773803711
2022-08-17,-0.002572414885690255,0.007913135210005228,1.0050836513791381,1.0397604979559198,81.27570853917811,-0.007237794954094601,-0.0013860306742131678,0.0690000057220459,0.0018756797165810912,0.0033578499480380053,0.03299999237060547
2022-08-18,0.00037990996379845267,-0.002572414885690255,1.0064245677140173,1.0399150175480454,74.15687893913974,0.002269561170191503,-8.696757608295247e-05,-0.012999773025512695,-0.007237794954094601,-0.0013860306742131678,0.0690000057220459
2022-08-19,-0.01125944353870766,0.00037990996379845267,1.0080694642907622,1.0400977218761895,71.84753996949809,-0.012900001139847905,-0.005469734294554218,0.10899996757507324,0.002269561170191503,-8.696757608295247e-05,-0.012999773025512695
2022-08-22,-0.011965976511814035,-0.01125944353870766,1.0099923399589958,1.0402419177271318,62.93574633153938,-0.0214000649197158,-0.009216307939446722,0.04799985885620117,-0.012900001139847905,-0.005469734294554218,0.10899996757507324
2022-08-23,-0.003249363125642535,-0.011965976511814035,1.0120206187742502,1.0403008308252182,60.412789395206154,-0.0022378626777133093,-0.0008867374342796941,0.01699995994567871,-0.0214000649197158,-0.009216307939446722,0.04799985885620117
2022-08-24,-0.005612504735443902,-0.003249363125642535,1.014177295305026,1.0403374377283425,50.119495608966545,0.0029161604463010526,-0.010928845618951355,0.05200004577636719,-0.0022378626777133093,-0.0008867374342796941,0.01699995994567871
2022-08-25,0.009485431814409117,-0.005612504735443902,1.015853741967019,1.0403422442812187,44.55721725592589,0.014091605518061545,0.00578523438991474,-0.07999992370605469,0.0029161604463010526,-0.010928845618951355,0.05200004577636719
2022-08-26,-0.022951768170606922,0.009485431814409117,1.0181112871453886,1.0404136942272768,54.12502390517694,-0.03368805871951874,-0.009473779415514194,0.009000062942504883,0.014091605518061545,0.00578523438991474,-0.07999992370605469
2022-08-29,-0.008131233942656867,-0.022951768170606922,1.0197485231126269,1.0403298064109097,42.01291976844945,-0.006666355799502699,-0.020096581791258394,0.07499980926513672,-0.03368805871951874,-0.009473779415514194,0.009000062942504883
2022-08-30,-0.009125023920126329,-0.008131233942656867,1.0212278915854076,1.0402329345906427,38.98528804302198,-0.011028155571448206,-0.008636283064796468,0.0,-0.006666355799502699,-0.020096581791258394,0.07499980926513672
2022-08-31,-0.017454609224918972,-0.009125023920126329,1.0223392485996363,1.0401269508303508,28.157038379054327,-0.007817025105971265,-0.021837701369805895,0.023000001907348633,-0.011028155571448206,-0.008636283064796468,0.0
2022-09-01,0.017317901747140187,-0.017454609224918972,1.0231005963696518,1.0399166598856044,24.34551904527656,0.0029962320243361873,0.010343742064748085,0.13200020790100098,-0.007817025105971265,-0.021837701369805895,0.023000001907348633
2022-09-02,-0.0015664154534817064,0.017317901747140187,1.0239614808017221,1.0398026541698375,26.998678575708695,-0.010736500458081055,0.011122399848652043,-0.07200002670288086,0.0029962320243361873,0.010343742064748085,0.13200020790100098
2022-09-05,-0.0005064540256338845,-0.0015664154534817064,1.0244182845946666,1.0396925236512122,26.85000793303145,0.0,0.0029952783952382767,0.0,-0.010736500458081055,0.011122399848652043,-0.07200002670288086
2022-09-06,-0.0034578841599959163,-0.0005064540256338845,1.024757244561198,1.03968531836938,21.82239361468008,-0.004095056983834944,-0.0026764717963898566,0.14699983596801758,0.0,0.0029952783952382767,0.0
2022-09-07,0.013483376532381764,-0.0034578841599959163,1.0253406753957983,1.0396290375241113,21.700110457251782,0.018341016392734,0.0033566105075761854,-0.07499980926513672,-0.004095056983834944,-0.0026764717963898566,0.14699983596801758
2022-09-08,0.002165527415889057,0.013483376532381764,1.0261654344728242,1.0396979478198596,29.055663081022388,0.006610721877456038,0.004915023717230627,0.026999950408935547,0.018341016392734,0.0033566105075761854,-0.07499980926513672
2022-09-09,0.013287053015368167,0.002165527415889057,1.0271492516099312,1.0397744286283765,32.970928516660365,0.015271449816332883,0.01641198679836786,0.029000043869018555,0.006610721877456038,0.004915023717230627,0.026999950408935547
2022-09-12,0.016731296114964312,0.013287053015368167,1.0281214998785853,1.039883155046571,43.13444196095804,0.0105842727693497,0.01737857026073164,0.0409998893737793,0.015271449816332883,0.01641198679836786,0.029000043869018555
2022-09-13,-0.0297000248676376,0.016731296114964312,1.0293402618169356,1.0400785118994633,50.955853413362924,-0.0432366134006168,-0.017148640788006597,0.059999942779541016,0.0105842727693497,0.01737857026073164,0.0409998893737793
2022-09-14,0.0023233266068675928,-0.0297000248676376,1.0300665375698008,1.0400837991339609,43.35949529327513,0.0033870120853238816,-0.0062625740387552975,-0.009999990463256836,-0.0432366134006168,-0.017148640788006597,0.059999942779541016
2022-09-15,-0.008876951660501287,0.0023233266068675928,1.0307324688992343,1.0400361132665963,40.73754176256801,-0.011317739184353415,0.0005269597663795089,0.04700016975402832,0.0033870120853238816,-0.0062625740387552975,-0.009999990463256836
2022-09-16,-0.002906552492202852,-0.008876951660501287,1.0311215481114857,1.0399388697144836,44.906540938387415,-0.007182134089448455,0.0,-0.01100015640258789,-0.011317739184353415,0.0005269597663795089,0.04700016975402832
2022-09-19,0.0015038131345123551,-0.002906552492202852,1.0315197742755984,1.0398431330388376,46.62008021601258,0.006857100716286535,0.0005090593351877448,0.04200005531311035,-0.007182134089448455,0.0,-0.01100015640258789
2022-09-20,0.0008325148513979808,0.0015038131345123551,1.0320931773947875,1.0396999477084161,50.45893294746621,-0.011272103097361819,0.005875621151701926,0.08100008964538574,0.006857100716286535,0.0005090593351877448,0.04200005531311035
2022-09-21,-0.009770863492541304,0.0008325148513979808,1.0328501397147805,1.0395849821010021,58.399223103627016,-0.017116493600784488,-0.0016150818653386523,-0.06100010871887207,-0.011272103097361819,0.005875621151701926,0.08100008964538574
2022-09-22,-0.004342196136505272,-0.009770863492541304,1.0332669447046783,1.0393721124675788,46.64818689392383,-0.00842758097968943,-0.014206302649782176,0.1979999542236328,-0.017116493600784488,-0.0016150818653386523,-0.06100010871887207
2022-09-23,-0.01581163145331388,-0.004342196136505272,1.0335614704379974,1.039097384635774,45.50208742597823,-0.017232619015461026,-0.020053578746591194,-0.010999917984008789,-0.00842758097968943,-0.014206302649782176,0.1979999542236328
2022-09-26,-0.007008896871917025,-0.01581163145331388,1.0332575410205456,1.0387673539436546,40.07589964907235,-0.010340526208282075,-0.012939104120420986,0.1809999942779541,-0.017232619015461026,-0.020053578746591194,-0.010999917984008789
2022-09-27,0.0008653703622869213,-0.007008896871917025,1.0329748166537607,1.0383554237441333,39.0392767341005,-0.0021203598092424114,0.0044087734006590384,0.08599996566772461,-0.010340526208282075,-0.012939104120420986,0.1809999942779541
2022-09-28,0.0074013463401653825,0.0008653703622869213,1.0324737549755885,1.0379809513808411,32.522025621804005,0.019672139926234733,0.009689830304288494,-0.2590000629425049,-0.0021203598092424114,0.0044087734006590384,0.08599996566772461
2022-09-29,-0.013891628735656348,0.0074013463401653825,1.0321565091593883,1.0376365657748927,35.25953306890645,-0.021126437880238824,-0.007474551727185141,0.04200005531311035,0.019672139926234733,0.009689830304288494,-0.2590000629425049
2022-09-30,-0.010103095433010568,-0.013891628735656348,1.0314617842584972,1.0371805757361379,24.289156551779087,-0.015066695771983274,-0.010548183900006336,0.056999921798706055,-0.021126437880238824,-0.007474551727185141,0.04200005531311035
2022-10-03,0.016949312333021438,-0.010103095433010568,1.0304713110867005,1.0366551333315228,10.996537181500656,0.025883894952576147,0.01799253373966625,-0.1529998779296875,-0.015066695771983274,-0.010548183900006336,0.056999921798706055
2022-10-04,0.01282723340540548,0.016949312333021438,1.029805849378925,1.036189384934598,28.653478826680953,0.030583700679551518,0.013577625344625588,-0.03399991989135742,0.025883894952576147,0.01799253373966625,-0.1529998779296875
2022-10-05,-0.0009700471962227342,0.01282723340540548,1.0295077101610906,1.0357500284312529,35.14445905030448,-0.002017948757084831,-0.004359715926230967,0.1419999599456787,0.030583700679551518,0.013577625344625588,-0.03399991989135742
2022-10-06,-0.004703374437960617,-0.0009700471962227342,1.0288799527843546,1.0353121482344414,37.89928098831318,-0.010245080846639998,0.010488447524362288,0.06699991226196289,-0.002017948757084831,-0.004359715926230967,0.1419999599456787
2022-10-07,-0.0188360952851948,-0.004703374437960617,1.0277918936354644,1.0348609154096722,37.28605537967441,-0.028003617786773516,-0.01290419684256594,0.056999921798706055,-0.010245080846639998,0.010488447524362288,0.06699991226196289
2022-10-10,-0.012371604933913016,-0.0188360952851948,1.0261923119957772,1.0343182286797732,30.855886398711377,-0.00749246363390188,-0.005942635221474757,0.005000114440917969,-0.028003617786773516,-0.01290419684256594,0.056999921798706055
2022-10-11,0.0020906954648743704,-0.012371604933913016,1.0243882511755782,1.0337295025537498,27.656349698566515,-0.006519175777754405,0.007388659453538837,0.05099987983703613,-0.00749246363390188,-0.005942635221474757,0.005000114440917969
2022-10-12,0.0009436106428420743,0.0020906954648743704,1.0228098515012116,1.033129319176813,30.987078950325312,-0.0032907731480149582,-0.0024708681775704733,-0.03699994087219238,-0.006519175777754405,0.007388659453538837,0.05099987983703613
2022-10-13,0.011128026895183862,0.0009436106428420743,1.0209576899724193,1.03251544669383,32.603015156385524,0.02596564246086497,0.0019067834475325895,0.04999995231628418,-0.0032907731480149582,-0.0024708681775704733,-0.03699994087219238
2022-10-14,-0.01697321749545262,0.011128026895183862,1.0192610322823226,1.031997993472574,43.1447869449576,-0.02366266361565439,-0.007070383858026608,0.05800032615661621,0.02596564246086497,0.0019067834475325895,0.04999995231628418
2022-10-17,0.021697112502097014,-0.01697321749545262,1.0173469429643918,1.0314111745357588,39.89436694443365,0.026480052302171098,0.01710629081639925,0.004999637603759766,-0.02366266361565439,-0.007070383858026608,0.05800032615661621
2022-10-18,0.01106776325459986,0.021697112502097014,1.0158497349072273,1.0309047704575742,48.02713107285686,0.011427569666488724,0.001914979280801532,-0.01699995994567871,0.026480052302171098,0.01710629081639925,0.004999637603759766
2022-10-19,-0.0036705475432645906,0.01106776325459986,1.0145688410384377,1.030473431361458,49.24852816208803,-0.0066720972934503076,-0.0019820899974128947,0.12899994850158691,0.011427569666488724,0.001914979280801532,-0.01699995994567871
2022-10-20,-0.005006783457727426,-0.0036705475432645906,1.0129390102866633,1.0299810283897386,52.799383633242016,-0.007950909706564868,0.00211973547256461,0.0989999771118164,-0.0066720972934503076,-0.0019820899974128947,0.12899994850158691
2022-10-21,0.019502301083780017,-0.005006783457727426,1.011215685134988,1.0294456609240685,54.72239417402344,0.02372481982226482,0.01737365524855261,-0.013000011444091797,-0.007950909706564868,0.00211973547256461,0.0989999771118164
2022-10-24,0.01650517437813903,0.019502301083780017,1.0096219105851572,1.0290614516035723,55.61222548160455,0.011881976654619875,0.013691831209161398,0.021000385284423828,0.02372481982226482,0.01737365524855261,-0.013000011444091797
2022-10-25,0.016906484184132188,0.01650517437813903,1.008373825719598,1.028736908452164,56.82121350487526,0.016266654579669915,0.01834035129986744,-0.12600040435791016,0.011881976654619875,0.013691831209161398,0.021000385284423828
2022-10-26,-0.008308086581498286,0.016906484184132188,1.007297939998609,1.0284811605412387,61.84733338494162,-0.007387716072364547,0.014099957718195943,-0.09299993515014648,0.016266654579669915,0.01834035129986744,-0.12600040435791016
2022-10-27,-0.008885094779655022,-0.008308086581498286,1.006106736789124,1.0282728163199355,60.361684477245575,-0.006082610618211248,-0.008809573209457855,-0.07799983024597168,-0.007387716072364547,0.014099957718195943,-0.09299993515014648
2022-10-28,0.009919842790205313,-0.008885094779655022,1.0047259192974318,1.028052493833317,64.13812693372891,0.024626377895927698,0.003962610938605504,0.07300019264221191,-0.006082610618211248,-0.008809573209457855,-0.07799983024597168
2022-10-31,0.00289067566814285,0.009919842790205313,1.0037892202250807,1.0279007437754337,71.64579012762829,-0.00745440410765752,0.017031228401699794,0.06699991226196289,0.024626377895927698,0.003962610938605504,0.07300019264221191
2022-11-01,0.004339308170209855,0.00289067566814285,1.0031673420719367,1.0278417467320222,71.82450110442247,-0.004101230608784645,0.018880355402289606,-0.02500009536743164,-0.00745440410765752,0.017031228401699794,0.06699991226196289
2022-11-02,-0.01492220483022071,0.004339308170209855,1.002703015956202,1.027826632882424,72.46911434449707,-0.02500198485734284,0.0,0.006999969482421875,-0.004101230608784645,0.018880355402289606,-0.02500009536743164
2022-11-03,-0.01770434108625866,-0.01492220483022071,1.00204966375751,1.0277757788859487,63.6479580480555,-0.010585992315429671,-0.012758917972120032,0.06500005722045898,-0.02500198485734284,0.0,0.006999969482421875
2022-11-04,0.011497610157203752,-0.01770434108625866,1.0008387879274232,1.0276283538222422,63.062716948242496,0.013618724670070526,0.0190752223427868,0.032000064849853516,-0.010585992315429671,-0.012758917972120032,0.06500005722045898
2022-11-07,0.00194600889548181,0.011497610157203752,1.0003418659709764,1.0275611426688622,60.81215185795975,0.009613981920559844,-0.008081841276044832,0.05800008773803711,0.013618724670070526,0.0190752223427868,0.032000064849853516
2022-11-08,0.006590617335678439,0.00194600889548181,1.0000520107362243,1.0274152891757833,58.39204320417555,0.005597892802462701,0.0025275106498050537,-0.08800029754638672,0.009613981920559844,-0.008081841276044832,0.05800008773803711
2022-11-09,-0.01277164711677975,0.006590617335678439,1.0000820394904522,1.027231291560203,61.73548781408407,-0.02077788695478977,-0.006734473244491168,0.02500009536743164,0.005597892802462701,0.0025275106498050537,-0.08800029754638672
2022-11-10,0.03881960180275721,-0.01277164711677975,1.000206698325901,1.0269424009517893,58.50439114957467,0.05543448436034493,0.00961404482247108,-0.32200002670288086,-0.02077788695478977,-0.006734473244491168,0.02500009536743164
2022-11-11,0.010774288556575983,0.03881960180275721,1.000764834241476,1.0268101794326445,63.24973499457657,0.009240746788147902,0.01817474398195107,-0.016000032424926758,0.05543448436034493,0.00961404482247108,-0.32200002670288086
2022-11-14,-0.00847588735751983,0.010774288556575983,1.0015792568853996,1.0268535756207242,62.11451571703421,-0.008935777048800997,-0.003350134627116863,0.05200004577636719,0.009240746788147902,0.01817474398195107,-0.016000032424926758
2022-11-15,0.0009263219972777126,-0.00847588735751983,1.0022254072236616,1.026757032159022,54.61992520229328,0.008713116550319144,-0.0024997373084529873,-0.06599998474121094,-0.008935777048800997,-0.003350134627116863,0.05200004577636719
2022-11-16,0.0012979662379607793,0.0009263219972777126,1.0029608848979197,1.026673652303705,57.9619310761217,-0.008252046497990273,-0.002143777449448603,-0.10700011253356934,0.008713116550319144,-0.0024997373084529873,-0.06599998474121094
2022-11-17,0.002925346733791312,0.0012979662379607793,1.0034515582041719,1.0265203281311648,61.97557408209714,-0.0030893228355314273,-0.003571064540538571,0.08300018310546875,-0.008252046497990273,-0.002143777449448603,-0.10700011253356934
2022-11-18,0.004885367124065431,0.002925346733791312,1.0039591977856577,1.026373188074962,60.05671592689715,0.00475858190881473,0.004066279480906543,0.042999982833862305,-0.0030893228355314273,-0.003571064540538571,0.08300018310546875
2022-11-21,-0.0008014603051963553,0.004885367124065431,1.0042972130446222,1.0263005340029254,60.67524071354817,-0.003883688698329779,0.0,0.006999969482421875,0.00475858190881473,0.004066279480906543,0.042999982833862305
2022-11-22,0.007835665316643403,-0.0008014603051963553,1.004271035620657,1.0262609162374559,59.02194514007899,0.013579987927526016,0.0037002395422216505,-0.06700015068054199,-0.003883688698329779,0.0,0.006999969482421875
2022-11-23,0.004537523587762981,0.007835665316643403,1.0050368049331395,1.0263048349025883,68.62048994393051,0.0059146891478476515,0.004509422824367393,-0.051999807357788086,0.013579987927526016,0.0037002395422216505,-0.06700015068054199
2022-11-24,0.0023559440578821535,0.004537523587762981,1.0058513894426286,1.0263013966236632,80.48489671118006,0.0,-0.0002872930451417455,0.0,0.0059146891478476515,0.004509422824367393,-0.051999807357788086
2022-11-25,-0.003824866610767552,0.0023559440578821535,1.0068984454541772,1.026271392490916,78.86444525179971,-0.0002830441976333642,-0.00597108493384535,-0.015000104904174805,0.0,-0.0002872930451417455,0.0
2022-11-28,-0.010102590767458697,-0.003824866610767552,1.0079228157618954,1.0262525627906651,75.54765018951474,-0.015444192913123267,-0.011366904429760183,0.012000083923339844,-0.0002830441976333642,-0.00597108493384535,-0.015000104904174805
2022-11-29,-0.016041915141278184,-0.010102590767458697,1.0087014196295543,1.0261777210766194,66.97806949945793,-0.0015918653377758885,-0.01776127529475824,0.04499983787536621,-0.015444192913123267,-0.011366904429760183,0.012000083923339844
2022-11-30,0.028431427132475186,-0.016041915141278184,1.0091247472194247,1.02602723179138,64.73651827022945,0.030947872397389053,0.030111193385463864,-0.04499983787536621,-0.0015918653377758885,-0.01776127529475824,0.04499983787536621
2022-12-01,-0.003307820294708985,0.028431427132475186,1.0103367953176265,1.0260423729873704,61.66756850078803,-0.0008676332180498347,-0.004397972568731645,-0.17400002479553223,0.030947872397389053,0.030111193385463864,-0.04499983787536621
2022-12-02,0.004373261106109472,-0.003307820294708985,1.0115656584307908,1.0261410346413091,55.23130355948536,-0.001194660488065602,-0.004337161099033926,-0.023000001907348633,-0.0008676332180498347,-0.004397972568731645,-0.17400002479553223
2022-12-05,-0.013377909777603258,0.004373261106109472,1.0132044972789673,1.0262333907859353,62.505330375509125,-0.017894212283564803,-0.008488640476413623,0.09299993515014648,-0.001194660488065602,-0.004337161099033926,-0.023000001907348633
2022-12-06,-0.008005835864019794,-0.013377909777603258,1.0146957650675232,1.0260861030539579,54.03378505891913,-0.014399194981406072,0.0043541308493830755,-0.08599996566772461,-0.017894212283564803,-0.008488640476413623,0.09299993515014648
2022-12-07,0.00031539700759782854,-0.008005835864019794,1.0160013109629817,1.0259178047046076,49.5966200232563,-0.0018623708845491027,-0.005775847799366796,-0.10500001907348633,-0.014399194981406072,0.0043541308493830755,-0.08599996566772461
2022-12-08,0.010181869435085467,0.00031539700759782854,1.01716833785446,1.0258152645579495,48.38969594684278,0.00752178195750397,0.006953801854727049,0.08299994468688965,-0.0018623708845491027,-0.005775847799366796,-0.10500001907348633
2022-12-09,-0.00590951186001285,0.010181869435085467,1.0188227380716135,1.0257223379587685,50.77242548688837,-0.007349578247904498,-0.011990305707025195,0.07599997520446777,0.00752178195750397,0.006953801854727049,0.08299994468688965
2022-12-12,0.00850825719995405,-0.00590951186001285,1.020549041053852,1.0256470513659917,48.579684724932044,0.014279296218109305,0.0,0.04400014877319336,-0.007349578247904498,-0.011990305707025195,0.07599997520446777
2022-12-13,0.004588408739375982,0.00850825719995405,1.0221272843855778,1.0256597537292256,48.85733323469878,0.0072896644387934195,-0.0026383659871695997,-0.1100001335144043,0.014279296218109305,0.0,0.04400014877319336
2022-12-14,-0.003911339807931236,0.004588408739375982,1.023551228589394,1.0258692291297242,48.87395823607588,-0.006052724634100337,-0.005670271350069811,0.002000093460083008,0.0072896644387934195,-0.0026383659871695997,-0.1100001335144043
2022-12-15,-0.01805040081878273,-0.003911339807931236,1.0249111928278472,1.0260799136951047,46.26786424727983,-0.024921675023714007,-0.014093742290069988,-0.05299997329711914,-0.006052724634100337,-0.005670271350069811,0.002000093460083008
2022-12-16,-0.003189152175304677,-0.01805040081878273,1.0259818108365197,1.0260841906804143,41.38082797847764,-0.011137750774080746,0.00583289310278734,0.032000064849853516,-0.024921675023714007,-0.014093742290069988,-0.05299997329711914
2022-12-19,-0.005586970617846676,-0.003189152175304677,1.0273579819527145,1.0260663862219996,43.66306172288347,-0.009007516001852345,0.006366153133672059,0.0989999771118164,-0.011137750774080746,0.00583289310278734,0.032000064849853516
2022-12-20,0.0013145450368628243,-0.005586970617846676,1.0288579116179999,1.0260458949803384,47.5840566508976,0.0010373383615349674,0.003870578612789055,0.10299992561340332,-0.009007516001852345,0.006366153133672059,0.0989999771118164
2022-12-21,0.009284234169088634,0.0013145450368628243,1.030344961714681,1.0260690335282237,32.16747832475134,0.014867993802734736,0.00572084465722611,0.0,0.0010373383615349674,0.003870578612789055,0.10299992561340332
2022-12-22,-0.012604375444918514,0.009284234169088634,1.0320057457219607,1.026022605748922,39.67684385721192,-0.01445169956861636,-0.006525230257702241,-0.015000104904174805,0.014867993802734736,0.00572084465722611,0.0
2022-12-23,0.005508357226815275,-0.012604375444918514,1.0331901088048883,1.0258508005115259,32.402116772091844,0.005868102525282026,0.009598758289351084,0.0820000171661377,-0.01445169956861636,-0.006525230257702241,-0.015000104904174805
2022-12-26,-0.003623201268315035,0.005508357226815275,1.0348172783937069,1.0256540748419154,40.730729160211396,0.0,-0.006014446565494214,0.0,0.005868102525282026,0.009598758289351084,0.0820000171661377
2022-12-27,0.0009761919948749864,-0.003623201268315035,1.0359555207466529,1.0254047306255405,42.70029292181661,-0.004049622110409712,0.0033044768205663377,0.10899996757507324,0.0,-0.006014446565494214,0.0
2022-12-28,-0.013454048265280216,0.0009761919948749864,1.036898181886418,1.0251509114693336,43.097735908419565,-0.012020638322615351,-0.01569802313933355,0.02700018882751465,-0.004049622110409712,0.0033044768205663377,0.10899996757507324
2022-12-29,0.008169782874472342,-0.013454048265280216,1.0376353621014949,1.0247870905034109,31.15416676422403,0.01746133164481911,-0.0026255037198439357,-0.05200004577636719,-0.012020638322615351,-0.01569802313933355,0.02700018882751465
2022-12-30,-0.009219619167326809,0.008169782874472342,1.0386372754911484,1.0245276165414798,38.60929141086127,-0.0025407424823445934,-0.02128524967159895,0.04399991035461426,0.01746133164481911,-0.0026255037198439357,-0.05200004577636719
2023-01-02,0.003619017794279078,-0.009219619167326809,1.0390688448415701,1.024197631847307,29.774289504553707,0.0,0.010923168585353693,0.0,-0.0025407424823445934,-0.02128524967159895,0.04399991035461426
2023-01-03,-0.0025506514863663397,0.003619017794279078,1.0392453246367837,1.02386276778463,28.965338230279656,-0.004000548879248611,0.0011679704844473893,-0.08599996566772461,0.0,0.010923168585353693,0.0
2023-01-04,0.0023095106931120823,-0.0025506514863663397,1.0390274336369871,1.0234411692770993,29.41325079835579,0.007538970575044379,0.022646241697206193,-0.0839998722076416,-0.004000548879248611,0.0011679704844473893,-0.08599996566772461
2023-01-05,-0.0012056548096951668,0.0023095106931120823,1.0390276328497787,1.0229645625779724,38.09428379784561,-0.011645528874622113,0.012837422423067402,0.010999917984008789,0.007538970575044379,0.022646241697206193,-0.0839998722076416
2023-01-06,0.019220583550130475,-0.0012056548096951668,1.039184621398602,1.0225234552183011,39.066183428013495,0.02284078102943865,0.018212483432817228,-0.1510000228881836,-0.011645528874622113,0.012837422423067402,0.010999917984008789
2023-01-09,0.003998397040661961,0.019220583550130475,1.0395328315036019,1.022168770155418,53.915979733425914,-0.0007676325452631305,0.010623341766462735,-0.05200004577636719,0.02284078102943865,0.018212483432817228,-0.1510000228881836
2023-01-10,0.003459864455364592,0.003998397040661961,1.03990507142322,1.0218005120606362,55.22596634731106,0.006978233159061986,0.0012235785743142102,0.10400009155273438,-0.0007676325452631305,0.010623341766462735,-0.05200004577636719
2023-01-11,0.016593833756824727,0.003459864455364592,1.0402605748684308,1.0214393040872998,52.33015642458558,0.012849424614881588,0.016524914909020305,-0.06700015068054199,0.006978233159061986,0.0012235785743142102,0.10400009155273438
2023-01-12,0.0026708826075208083,0.016593833756824727,1.0412707078443004,1.0212237684681256,68.00443038140178,0.0034159058663651987,0.007232975154579213,-0.10500001907348633,0.012849424614881588,0.016524914909020305,-0.06700015068054199
2023-01-13,0.00550952039861472,0.0026708826075208083,1.0426966866369767,1.0210910783206801,67.04058562892243,0.003996858363534361,-0.00031982442018341217,0.06200003623962402,0.0034159058663651987,0.007232975154579213,-0.10500001907348633
2023-01-16,0.002932163065666549,0.00550952039861472,1.044011251218814,1.0209940974573954,71.67783324503093,0.0,0.0010297733098856288,0.0,0.003996858363534361,-0.00031982442018341217,0.06200003623962402
2023-01-17,-0.0037346721057815446,0.002932163065666549,1.0453495383587554,1.0209417511835057,72.29519264822446,-0.0020304911890052235,-0.009377291554319545,0.024000167846679688,0.0,0.0010297733098856288,0.0
2023-01-18,-0.010359240759847389,-0.0037346721057815446,1.046474399093412,1.0209476428877369,80.37888480397443,-0.015562598500411085,0.0016913442348718277,-0.16000008583068848,-0.0020304911890052235,-0.009377291554319545,0.024000167846679688
2023-01-19,-0.004600340917383039,-0.010359240759847389,1.0476366253836984,1.0209282716691235,68.78256930623728,-0.007638350296294338,0.0030782397559603325,0.02200007438659668,-0.015562598500411085,0.0016913442348718277,-0.16000008583068848
2023-01-20,0.013043403572763134,-0.004600340917383039,1.0479225128041445,1.0208375818663737,72.43004617460858,0.018918401045981525,0.010572548225305622,0.08699989318847656,-0.007638350296294338,0.0030782397559603325,0.02200007438659668
2023-01-23,0.011631722339009299,0.013043403572763134,1.0482594139832164,1.0208602679454142,75.31175209101572,0.01188134498366522,0.007307369307948397,0.0410001277923584,0.018918401045981525,0.010572548225305622,0.08699989318847656
2023-01-24,0.005736292588053515,0.011631722339009299,1.0490237596379455,1.0209384178519811,80.04225528709611,-0.0007115031258156934,0.009739378464794335,-0.0559999942779541,0.01188134498366522,0.007307369307948397,0.0410001277923584
2023-01-25,0.0020442724458860527,0.005736292588053515,1.0498929432997468,1.020944825933287,80.74028874117275,-0.0001817250594663422,1.56618766002925e-05,-0.0070002079010009766,-0.0007115031258156934,0.009739378464794335,-0.0559999942779541
2023-01-26,0.006285529835417658,0.0020442724458860527,1.0507795044277497,1.021005187878996,82.01858850061984,0.011007853469181317,0.00533342616409338,0.031000137329101562,-0.0001817250594663422,1.56618766002925e-05,-0.0070002079010009766
2023-01-27,8.384929597142765e-05,0.006285529835417658,1.0517419697477375,1.0211730051648855,79.69339103103384,0.002494840970949097,-0.007053539986972113,0.02499985694885254,0.011007853469181317,0.00533342616409338,0.031000137329101562
2023-01-30,-0.007433549614734014,8.384929597142765e-05,1.0526037216409698,1.0213889410620702,78.819968717124,-0.012968740984683369,-0.0046276747515774375,0.03300023078918457,0.002494840970949097,-0.007053539986972113,0.02499985694885254
2023-01-31,0.010730705338408508,-0.007433549614734014,1.053319165769986,1.0215376522006578,71.5516682711667,0.014642470285510134,0.00078574322051983,-0.02200007438659668,-0.012968740984683369,-0.0046276747515774375,0.03300023078918457
2023-02-01,0.005974757598496305,0.010730705338408508,1.0541033081548152,1.0218295057096385,69.82025710343125,0.010452303944590291,0.008332204002834187,-0.13199996948242188,0.014642470285510134,0.00078574322051983,-0.02200007438659668
2023-02-02,0.003845816471352348,0.005974757598496305,1.0549226666834257,1.0220855182664978,70.98224184870784,0.014699373244309921,-0.020792850980710376,-0.0010001659393310547,0.010452303944590291,0.008332204002834187,-0.13199996948242188
2023-02-03,-0.0061992762112706105,0.003845816471352348,1.0557769692017127,1.0222747706444846,70.49012608258064,-0.010354610691310495,0.003232313975001455,0.1360001564025879,0.014699373244309921,-0.020792850980710376,-0.0010001659393310547
2023-02-06,-0.003854959027603355,-0.0061992762112706105,1.0565751879681178,1.0225882491547815,64.65498264623288,-0.006140463017754394,0.0,0.10199999809265137,-0.010354610691310495,0.003232313975001455,0.1360001564025879
2023-02-07,-0.0030115267729004525,-0.003854959027603355,1.0575034529045246,1.022863861434415,64.49794063542593,0.01287251059802652,-0.013201694612323012,0.039999961853027344,-0.006140463017754394,0.0,0.10199999809265137
2023-02-08,-0.009261065815075065,-0.0030115267729004525,1.0587037662472063,1.023200084907641,69.98086802380256,-0.011080724476164705,-0.003946713797554069,-0.020999908447265625,0.01287251059802652,-0.013201694612323012,0.039999961853027344
2023-02-09,-0.00813724471453905,-0.009261065815075065,1.0591106870515998,1.0234093582790187,66.16579625164124,-0.00882979617773516,-0.006090954538760074,0.029999971389770508,-0.011080724476164705,-0.003946713797554069,-0.020999908447265625
2023-02-10,-0.004829882342136127,-0.00813724471453905,1.0594112162511524,1.023691341836242,54.736005464240854,0.0021952617756952897,-0.00604927097884278,0.06099987030029297,-0.00882979617773516,-0.006090954538760074,0.029999971389770508
2023-02-13,0.01498046689820598,-0.004829882342136127,1.0595145096023104,1.0240073433562338,44.72692411768047,0.011448609342766147,0.01083816131372961,-0.026999950408935547,0.0021952617756952897,-0.00604927097884278,0.06099987030029297
2023-02-14,-0.0062339147867495285,0.01498046689820598,1.0602252744575127,1.0244721463812279,50.49222228308997,-0.0002804145319874607,-0.007308218268270439,0.04399991035461426,0.011448609342766147,0.01083816131372961,-0.026999950408935547
2023-02-15,0.006973868566045105,-0.0062339147867495285,1.0609689620325158,1.0248685163162132,45.92495943622996,0.002773175690496066,0.014414587888716968,0.04800009727478027,-0.0002804145319874607,-0.007308218268270439,0.04399991035461426
2023-02-16,0.0008146937843580782,0.006973868566045105,1.0618570783471513,1.0253671364062695,46.30085120488423,-0.013788741489130674,0.011111141171678218,0.03399991989135742,0.002773175690496066,0.014414587888716968,0.04800009727478027
2023-02-17,-0.003416136678734505,0.0008146937843580782,1.0625499694783216,1.0258705605240634,46.72543420372881,-0.002767405825327751,-0.004187285987539813,-0.014999866485595703,-0.013788741489130674,0.011111141171678218,0.03399991989135742
2023-02-20,-0.0002719278559155214,-0.003416136678734505,1.0632931827232304,1.0262757838166032,48.87693832486801,0.0,0.0022106516211735094,0.0,-0.002767405825327751,-0.004187285987539813,-0.014999866485595703
2023-02-21,-0.013109390547443344,-0.0002719278559155214,1.063851750544719,1.026633035865641,41.66369276821198,-0.020041234255327334,-0.012402514124578268,0.1269998550415039,0.0,0.0022106516211735094,0.0
2023-02-22,0.0038464147908718214,-0.013109390547443344,1.0640280591481068,1.0268579218186722,31.099555483299028,-0.0015735561458868341,-0.0011074566817812492,-0.031999826431274414,-0.020041234255327334,-0.012402514124578268,0.1269998550415039
2023-02-23,0.0038733483531472324,0.0038464147908718214,1.0643701519346507,1.0273224739757592,30.999724766844963,0.005329429416074394,-0.0017915677543659525,-0.04400014877319336,-0.0015735561458868341,-0.0011074566817812492,-0.031999826431274414
2023-02-24,-0.008205189682299618,0.0038733483531472324,1.0651783415027536,1.027843273840223,36.59225657832939,-0.010537551485558128,-0.007525050511621001,0.06999993324279785,0.005329429416074394,-0.0017915677543659525,-0.04400014877319336
2023-02-27,0.0018515316610330569,-0.008205189682299618,1.0658754818453209,1.0283001623651642,34.80304721014811,0.0030730045671669703,0.006213820215297261,-0.026999950408935547,-0.010537551485558128,-0.007525050511621001,0.06999993324279785
2023-02-28,-0.009256393096068339,0.0018515316610330569,1.0667282649929666,1.0287115717268922,37.43666418303235,-0.0030360018281855305,-0.004820695035112954,-0.006000041961669922,0.0030730045671669703,0.006213820215297261,-0.026999950408935547
2023-03-01,-0.006610667109582069,-0.009256393096068339,1.0673550285749416,1.0291026809278983,37.52601342256061,-0.004725264845680033,0.013560058175354328,0.07800006866455078,-0.0030360018281855305,-0.004820695035112954,-0.006000041961669922
2023-03-02,0.007996422898961363,-0.006610667109582069,1.0676492345729847,1.029420615462269,38.27425057212123,0.0075821940867943916,-0.002691609725209765,0.07899999618530273,-0.004725264845680033,0.013560058175354328,0.07800006866455078
2023-03-03,0.011436460580575769,0.007996422898961363,1.068375390631252,1.029711079904702,45.93299909219876,0.0161477371607488,0.015989982684312398,-0.10899996757507324,0.0075821940867943916,-0.002691609725209765,0.07899999618530273
2023-03-06,0.0007337143646223398,0.011436460580575769,1.0692319145088618,1.0299931238199718,43.60235788346625,0.0006871667698291617,-0.00476314719248061,0.01900005340576172,0.0161477371607488,0.015989982684312398,-0.10899996757507324
2023-03-07,-0.012346777163762724,0.0007337143646223398,1.0701792724703192,1.0302951612624363,47.645254245006164,-0.015326919115337678,-0.0158641402901194,-0.00800013542175293,0.0006871667698291617,-0.00476314719248061,0.01900005340576172
2023-03-08,0.0028756070342994657,-0.012346777163762724,1.0708400941011127,1.0304999109318524,36.20841447116057,0.0014147940136839399,0.006028591313078202,0.0010001659393310547,-0.015326919115337678,-0.0158641402901194,-0.00800013542175293
2023-03-09,-0.007306409283965554,0.0028756070342994657,1.0718400092770175,1.0307333713164808,37.71317562644395,-0.01845935787384867,0.0007138102902088939,-0.051000118255615234,0.0014147940136839399,0.006028591313078202,0.0010001659393310547
2023-03-10,-0.004164781870636824,-0.007306409283965554,1.0725173481688115,1.03091170110812,36.11573839649596,-0.01447813845705137,-0.011833735911736087,-0.23000001907348633,-0.01845935787384867,0.0007138102902088939,-0.051000118255615234
2023-03-13,0.011323691170806583,-0.004164781870636824,1.0732956810832777,1.0311149652671345,34.63346044847336,-0.001509761003189447,0.004123888305192613,-0.17999982833862305,-0.01447813845705137,-0.011833735911736087,-0.23000001907348633
2023-03-14,0.01153870077984408,0.011323691170806583,1.0742396053833785,1.0313972892032657,47.62975128982917,0.016476655480623936,-0.006047467212766833,0.12299990653991699,-0.001509761003189447,0.004123888305192613,-0.17999982833862305
2023-03-15,0.002498117988345705,0.01153870077984408,1.075482154691625,1.03172279492659,51.66782563630024,-0.00698088356543769,-0.01150198327311791,-0.14599990844726562,0.016476655480623936,-0.006047467212766833,0.12299990653991699
2023-03-16,0.012622982530440419,0.002498117988345705,1.0767316499563508,1.0320726468273178,50.989252921160805,0.017562006217166637,0.008065523746440872,0.09299993515014648,-0.00698088356543769,-0.01150198327311791,-0.14599990844726562
2023-03-17,-0.00240772406843337,0.012622982530440419,1.0782792568308752,1.0325648154544178,61.22485145821659,-0.011019457310067593,-0.01104813101018276,-0.19000005722045898,0.017562006217166637,0.008065523746440872,0.09299993515014648
2023-03-20,0.00022411053665455372,-0.00240772406843337,1.0793820847934261,1.0331741191202761,59.06133012255061,0.008918403718310097,0.0,0.08599996566772461,-0.011019457310067593,-0.01104813101018276,-0.19000005722045898
2023-03-21,0.00418707746491741,0.00022411053665455372,1.0804067138760964,1.033874936536376,64.99779840862423,0.012982193897784988,0.014001550896580062,0.125,0.008918403718310097,0.0,0.08599996566772461
2023-03-22,-0.0035653672370679957,0.00418707746491741,1.0814508082332737,1.034647923590733,71.2903015648723,-0.01646322377571363,-0.0019419725889263662,-0.10599994659423828,0.012982193897784988,0.014001550896580062,0.125
2023-03-23,0.0022875847618334722,-0.0035653672370679957,1.0820690536479767,1.0353107918042017,65.7143660429189,0.0029845287333754023,0.005281239690886119,-0.09400010108947754,-0.01646322377571363,-0.0019419725889263662,-0.10599994659423828
2023-03-24,0.006550238863408131,0.0022875847618334722,1.082680554049429,1.0360818289398044,61.75974078926255,0.005639807253104534,-0.0010753515060318852,-0.025999784469604492,0.0029845287333754023,0.005281239690886119,-0.09400010108947754
2023-03-27,0.0021194006861021573,0.006550238863408131,1.083318272979738,1.0368549783205387,64.46819208760186,0.0016469543057482383,0.0015216804112867521,0.14800000190734863,0.005639807253104534,-0.0010753515060318852,-0.025999784469604492
2023-03-28,0.0017672145770142866,0.0021194006861021573,1.0839399003460135,1.0376423352566002,76.33438485869958,-0.0015738434957162095,0.006767645501495778,0.03599977493286133,0.0016469543057482383,0.0015216804112867521,0.14800000190734863
2023-03-29,0.01201442090597774,0.0017672145770142866,1.0846810515418082,1.0383941846813272,75.99964799720571,0.014237268879836451,0.01266414272111871,0.002000093460083008,-0.0015738434957162095,0.006767645501495778,0.03599977493286133
2023-03-30,0.011079077006336868,0.01201442090597774,1.085910890248749,1.039213702582,86.8982979142794,0.005715269388667954,0.005864418931806448,-0.014999866485595703,0.014237268879836451,0.01266414272111871,0.002000093460083008
2023-03-31,0.0015564838635101052,0.011079077006336868,1.0874871023209947,1.0400339825420846,92.85456677084606,0.014436542471763847,-0.005441829648281438,-0.057000160217285156,0.005715269388667954,0.005864418931806448,-0.014999866485595703
2023-04-03,0.0012169624162937209,0.0015564838635101052,1.088823114306591,1.0407700174424683,91.96199973970872,0.0036988464765423945,-0.0001418899803353746,-0.06399989128112793,0.014436542471763847,-0.005441829648281438,-0.057000160217285156
2023-04-04,0.0047124803830775105,0.0012169624162937209,1.0899378777748159,1.0414860722994053,90.71734793267379,-0.005796972083329965,0.005188851344152701,-0.09300017356872559,0.0036988464765423945,-0.0001418899803353746,-0.06399989128112793
2023-04-05,-0.008071167872301643,0.0047124803830775105,1.0910357302627138,1.0423075584640447,91.05456026295663,-0.002492370531228194,-0.012507769993623907,-0.04999995231628418,-0.005796972083329965,0.005188851344152701,-0.09300017356872559
2023-04-06,0.004750821862054289,-0.008071167872301643,1.0919044787222534,1.0430752439567497,77.07991014944082,0.0035791630944272956,0.0,0.0010001659393310547,-0.002492370531228194,-0.012507769993623907,-0.04999995231628418
2023-04-10,-0.0010936117963182169,0.004750821862054289,1.0927438710061326,1.0438985725373648,81.64589860158802,0.0009963029974375814,0.013984357590196117,0.1269998550415039,0.0035791630944272956,0.0,0.0010001659393310547
2023-04-11,-0.001800653258255369,-0.0010936117963182169,1.093556494628537,1.0446447322981784,80.18301717869412,-4.1352477946232646e-05,0.006601300543986444,0.01900005340576172,0.0009963029974375814,0.013984357590196117,0.1269998550415039
2023-04-12,-0.0008376423967210944,-0.001800653258255369,1.094491333376712,1.0453554491460728,76.54291050119969,-0.004134884052006904,-0.004972249018780905,-0.013000011444091797,-4.1352477946232646e-05,0.006601300543986444,0.01900005340576172
2023-04-13,0.010519221201083362,-0.0008376423967210944,1.095173277393368,1.046094982012781,79.92556088634171,0.01326268999363811,0.006674752875400758,0.03099989891052246,-0.004134884052006904,-0.004972249018780905,-0.013000011444091797
2023-04-14,-0.00555204931245099,0.010519221201083362,1.0959624962270866,1.046867255313094,82.39980255048114,-0.0020693734728036706,-0.00430970453045687,0.07000017166137695,0.01326268999363811,0.006674752875400758,0.03099989891052246
2023-04-17,0.007206052924802464,-0.00555204931245099,1.0965390888473319,1.0475840129036766,73.80037568478716,0.00330615690296554,0.005855136810054784,0.0690000057220459,-0.0020693734728036706,-0.00430970453045687,0.07000017166137695
2023-04-18,-1.0792637085876856e-05,0.007206052924802464,1.0974180233889625,1.0483589503486435,75.68753448573104,0.0008552202959737354,-0.007181778806090278,-0.01900005340576172,0.00330615690296554,0.005855136810054784,0.0690000057220459
2023-04-19,0.0017961997510292816,-1.0792637085876856e-05,1.098381927648515,1.0491699943943453,75.0787752163523,-8.42619976980652e-05,-0.001423718816467523,0.029999971389770508,0.0008552202959737354,-0.007181778806090278,-0.01900005340576172
2023-04-20,0.008248744457836877,0.0017961997510292816,1.0994534332485697,1.0500330216074953,70.97706728379488,-0.00595254815297297,-0.0002647654574368108,-0.056999921798706055,-8.42619976980652e-05,-0.001423718816467523,0.029999971389770508
2023-04-21,0.0012958952453364647,0.008248744457836877,1.100918196239742,1.0509081558284117,69.67396113252315,0.0009031888869577287,-0.0021812781895923505,0.02499985694885254,-0.00595254815297297,-0.0002647654574368108,-0.056999921798706055
2023-04-24,0.0030483365675479934,0.0012958952453364647,1.1025900391482129,1.0517820960670385,69.55197481883015,0.0008515791660903549,0.009938443443706202,-0.05499982833862305,0.0009031888869577287,-0.0021812781895923505,0.02499985694885254
2023-04-25,-0.005930091612991994,0.0030483365675479934,1.1044369443961708,1.0526033730744986,70.52777128657377,-0.015810858882773227,-0.006261857265951187,-0.11900019645690918,0.0008515791660903549,0.009938443443706202,-0.05499982833862305
2023-04-26,0.007142334210887058,-0.005930091612991994,1.1058239483685552,1.0534299511368381,61.1617240387596,-0.003841187197329843,-0.006396221452419137,0.03600001335144043,-0.015810858882773227,-0.006261857265951187,-0.11900019645690918
2023-04-27,0.014649421507477412,0.007142334210887058,1.1075123485882528,1.0542390941398347,74.19368636766373,0.01956614972249704,0.007753162154364723,0.09600019454956055,-0.003841187197329843,-0.006396221452419137,0.03600001335144043
2023-04-28,0.009883162797856915,0.014649421507477412,1.1093917027354647,1.055143407024116,77.98550890907788,0.008253202753460531,0.012472810169276594,-0.07600021362304688,0.01956614972249704,0.007753162154364723,0.09600019454956055
2023-05-01,-0.003475245466706489,0.009883162797856915,1.111487384885828,1.056080469173565,81.92180711335179,-0.0003861064902076494,0.0,0.12199997901916504,0.008253202753460531,0.012472810169276594,-0.07600021362304688
2023-05-02,-0.0001967243763162596,-0.003475245466706489,1.1135744940042926,1.0569720072170188,80.05138593052826,-0.011586262936400304,0.0010560531646444105,-0.13499999046325684,-0.0003861064902076494,0.0,0.12199997901916504
2023-05-03,-0.0017538999212573848,-0.0001967243763162596,1.115662828211896,1.0578619281302797,80.67875726711561,-0.006998305064656485,-0.004212040067580691,-0.03599977493286133,-0.011586262936400304,0.0010560531646444105,-0.13499999046325684
2023-05-04,0.0072764526243066065,-0.0017538999212573848,1.11799441425349,1.0587703530380204,75.78958647620757,-0.007218732334382416,-0.005092192869053158,-0.05200004577636719,-0.006998305064656485,-0.004212040067580691,-0.03599977493286133
2023-05-05,0.015850944244382936,0.0072764526243066065,1.1204165712098364,1.0596444671891723,84.0345581042232,0.018474751389515376,0.004942262150686494,0.09500002861022949,-0.007218732334382416,-0.005092192869053158,-0.05200004577636719
2023-05-08,-0.0029156717260958474,0.015850944244382936,1.123135137706227,1.0605217959202413,85.84943575887165,0.0004521286642489297,0.0017425375989088554,0.07499980926513672,0.018474751389515376,0.004942262150686494,0.09500002861022949
2023-05-09,0.0014454375681470454,-0.0029156717260958474,1.1259601635545127,1.0613464848370813,82.76026910051802,-0.004579421277258522,0.007624669774501491,0.0,0.0004521286642489297,0.0017425375989088554,0.07499980926513672
2023-05-10,0.012227034483838417,0.0014454375681470454,1.1287805630747547,1.062188747715325,82.70571355231081,0.004483965263404999,0.001477821165112525,-0.0820000171661377,-0.004579421277258522,0.007624669774501491,0.0
2023-05-11,-0.00023990732063531306,0.012227034483838417,1.1320970678970803,1.0631517274219786,83.6034045894837,-0.0016966239932159066,-0.009372873566193651,-0.04199981689453125,0.004483965263404999,0.001477821165112525,-0.0820000171661377
2023-05-12,-0.002290916926380571,-0.00023990732063531306,1.1355484001829452,1.0640402676125773,83.12027273249345,-0.0015833068345566526,-0.0011964249261110504,0.06599998474121094,-0.0016966239932159066,-0.009372873566193651,-0.04199981689453125
2023-05-15,0.00047549912172627494,-0.002290916926380571,1.1387742727561252,1.064900201118647,80.22071376527946,0.0029581644391338813,0.005697752327736838,0.04499983787536621,-0.0015833068345566526,-0.0011964249261110504,0.06599998474121094
2023-05-16,0.0003839603592193597,0.00047549912172627494,1.1417680271625692,1.0657910407573825,86.17582546868229,-0.006377683373153031,-0.0014558641864478306,0.0410001277923584,0.0029581644391338813,0.005697752327736838,0.04499983787536621
2023-05-17,-0.0009604115183469486,0.0003839603592193597,1.1447553901677328,1.0666849795729831,84.93920197315501,0.011890829058788244,-0.0020586383099698846,0.032000064849853516,-0.006377683373153031,-0.0014558641864478306,0.0410001277923584
2023-05-18,0.00142768117847486,-0.0009604115183469486,1.1479855603609292,1.0675731693467245,79.92529560309286,0.009445048649426635,0.003554523801704068,0.06699991226196289,0.011890829058788244,-0.0020586383099698846,0.032000064849853516
2023-05-19,-0.001093061285562924,0.00142768117847486,1.151189486967905,1.06840096715827,76.6707454247706,-0.0014458676054706077,-0.01749917086980779,0.04399991035461426,0.009445048649426635,0.003554523801704068,0.06699991226196289
2023-05-22,-0.012557781544111645,-0.001093061285562924,1.1545226984207935,1.0692232518039355,80.3529945901869,0.0001550346964389604,-0.015281598878946978,0.02700018882751465,-0.0014458676054706077,-0.01749917086980779,0.04399991035461426
2023-05-23,-0.007606642968039224,-0.012557781544111645,1.157635993887118,1.0699056075992808,63.81648323235291,-0.011222026747550129,-0.006417153088049465,-0.021000146865844727,0.0001550346964389604,-0.015281598878946978,0.02700018882751465
2023-05-24,0.0007170964485212705,-0.007606642968039224,1.1603256714925327,1.0705461068080733,58.19175331889651,-0.007318600335353365,0.00508590582154822,0.021000146865844727,-0.011222026747550129,-0.006417153088049465,-0.021000146865844727
2023-05-25,9.084021357619321e-05,0.0007170964485212705,1.162786063819405,1.0711483980366565,53.73426746755556,0.008757581265902425,0.006579113903214084,0.09499979019165039,-0.007318600335353365,0.00508590582154822,0.021000146865844727
2023-05-26,0.008983139437813347,9.084021357619321e-05,1.1651946523528673,1.0717651679870304,37.61863772752314,0.01304908677799732,0.005224136284420089,-0.003999948501586914,0.008757581265902425,0.006579113903214084,0.09499979019165039
2023-05-29,0.0010732260812980176,0.008983139437813347,1.1675460149392334,1.0724339531165357,50.763209217253895,0.0,0.0034654530218143353,0.0,0.01304908677799732,0.005224136284420089,-0.003999948501586914
2023-05-30,-0.006456698422503659,0.0010732260812980176,1.1699762730753118,1.0731701023993552,50.39955187694232,1.660326849850513e-05,-0.016063039920037103,-0.1099998950958252,0.0,0.0034654530218143353,0.0
2023-05-31,0.0057154690577172155,-0.006456698422503659,1.1722446158128195,1.073930935796018,29.42827467647895,-0.006108624209833935,-0.011352996306107532,-0.06299996376037598,1.660326849850513e-05,-0.016063039920037103,-0.1099998950958252
2023-06-01,-0.0007713243612042398,0.0057154690577172155,1.174559382845964,1.0747434454759677,37.60892702854976,0.009854453563032717,-0.00023191762842855734,-0.029000043869018555,-0.006108624209833935,-0.011352996306107532,-0.06299996376037598
2023-06-02,0.007779046663835576,-0.0007713243612042398,1.1769337879325017,1.075580803295572,38.81294463050049,0.014534424705965554,0.009647966504837457,0.08299994468688965,0.009854453563032717,-0.00023191762842855734,-0.029000043869018555
2023-06-05,0.005220267573118997,0.007779046663835576,1.1794469560321788,1.076415746161502,46.83219890092528,-0.0020035816359177394,0.005698373019291658,0.002000093460083008,0.014534424705965554,0.009647966504837457,0.08299994468688965
2023-06-06,-0.0008567774041253861,0.005220267573118997,1.1819440434073936,1.0774038583942305,51.11004280948247,0.0023538963079141606,0.016739012533099507,0.00599980354309082,-0.0020035816359177394,0.005698373019291658,0.002000093460083008
2023-06-07,-0.007243388629091241,-0.0008567774041253861,1.184373219954338,1.0784286673488328,51.19770714231934,-0.0038120096998572883,-0.002585786027785031,0.08500003814697266,0.0023538963079141606,0.016739012533099507,0.00599980354309082
2023-06-08,0.00943986937167921,-0.007243388629091241,1.186585251195172,1.079455685330211,44.47852167166555,0.0061886426142414575,0.000860877516591696,-0.06999993324279785,-0.0038120096998572883,-0.002585786027785031,0.08500003814697266
2023-06-09,0.006402204155601954,0.00943986937167921,1.1887610466528442,1.080628815152798,52.18508253599698,0.001148059539441082,0.0032014494872749655,0.03099989891052246,0.0061886426142414575,0.000860877516591696,-0.06999993324279785
2023-06-12,0.005373039830022852,0.006402204155601954,1.1908457678169864,1.0817550542959005,66.38636533655566,0.009321148810237156,-0.004292980032830962,0.020000219345092773,0.001148059539441082,0.0032014494872749655,0.03099989891052246
2023-06-13,6.936337363967482e-05,0.005373039830022852,1.193028328144546,1.0829225283299382,76.75382453270092,0.006932489951473775,0.005464981106064082,0.07399988174438477,0.009321148810237156,-0.004292980032830962,0.020000219345092773
2023-06-14,0.009355653420178934,6.936337363967482e-05,1.1951849481980892,1.084092998208628,76.5278776188745,0.0008194255259321714,0.010456844740470705,-0.042999982833862305,0.006932489951473775,0.005464981106064082,0.07399988174438477
2023-06-15,0.010250592053727659,0.009355653420178934,1.1974674398950582,1.0853392495888599,79.49362537370313,0.01217813742034668,0.003605381508978711,-0.06800007820129395,0.0008194255259321714,0.010456844740470705,-0.042999982833862305
2023-06-16,-0.005473848929556935,0.010250592053727659,1.2001923620175452,1.08658197584293,79.94957421746793,-0.0036716195284263176,-0.009065770721438993,0.0410001277923584,0.01217813742034668,0.003605381508978711,-0.06800007820129395
2023-06-19,0.0035160106232493106,-0.005473848929556935,1.2026704092149538,1.0877788619386204,74.07641741110383,0.0,0.0016145663687705536,0.0,-0.0036716195284263176,-0.009065770721438993,0.0410001277923584
2023-06-20,-0.004694456284476167,0.0035160106232493106,1.2052622409695808,1.0889299175709275,81.3553274039082,-0.0047351076976228645,-0.010292517943834567,-0.039999961853027344,0.0,0.0016145663687705536,0.0
2023-06-21,-0.0005635268878700472,-0.004694456284476167,1.2077760162836029,1.0899643877627396,74.88646928933176,-0.005245281583003636,-0.0055507359235570375,-0.006000041961669922,-0.0047351076976228645,-0.010292517943834567,-0.039999961853027344
2023-06-22,0.0053694513755068955,-0.0005635268878700472,1.2102946051339656,1.091151998903822,75.06539247834237,0.003710798414438443,-0.009259440559389986,0.07599997520446777,-0.005245281583003636,-0.0055507359235570375,-0.006000041961669922
2023-06-23,-0.006966947444646598,0.0053694513755068955,1.2127097711397743,1.0923615808732288,74.3405074914997,-0.007658808766684566,-0.0041333973444245276,-0.059999942779541016,0.003710798414438443,-0.009259440559389986,0.07599997520446777
2023-06-26,-0.006242403611980807,-0.006966947444646598,1.215075641852029,1.0935725363388125,65.63910846215362,-0.004486838293256468,-0.00011570404925365096,-0.019999980926513672,-0.007658808766684566,-0.0041333973444245276,-0.059999942779541016
2023-06-27,0.01015435841937804,-0.006242403611980807,1.2171198432770483,1.094758967599006,61.22040945797885,0.011455854954693034,0.011083972849173618,0.048999786376953125,-0.004486838293256468,-0.00011570404925365096,-0.019999980926513672
2023-06-28,-0.006222959052868904,0.01015435841937804,1.2194184477508496,1.096001311983361,71.10959483733387,-0.00035407668843834283,-0.008657116848477475,-0.05799984931945801,0.011455854954693034,0.011083972849173618,0.048999786376953125
2023-06-29,-0.0003697385979382517,-0.006222959052868904,1.2215184301235034,1.097200094209676,62.30169503049269,0.004473544672805918,0.0023411900312551026,0.14400005340576172,-0.00035407668843834283,-0.008657116848477475,-0.05799984931945801
2023-06-30,0.006621311300980171,-0.0003697385979382517,1.2234191869672624,1.0984462163940578,58.827145847795734,0.012269004495714109,-0.0011032368417829286,-0.03500008583068848,0.004473544672805918,0.0023411900312551026,0.14400005340576172
2023-07-03,0.007151210720162804,0.006621311300980171,1.2254561637635875,1.099755769398436,59.541224768530306,0.0011706778016009611,0.016309799789559376,0.03900003433227539,0.012269004495714109,-0.0011032368417829286,-0.03500008583068848
2023-07-04,-0.003175633087565266,0.007151210720162804,1.2276030828577926,1.1011897585338104,63.008661218228525,0.0,-0.008607535309421044,0.0,0.0011706778016009611,0.016309799789559376,0.03900003433227539
2023-07-05,0.0020405911286328405,-0.003175633087565266,1.22980740947658,1.1026380993425429,55.92660376686673,-0.0019683184132291975,0.002017412340743041,0.08699989318847656,0.0,-0.008607535309421044,0.0
2023-07-06,-0.00663806680590504,0.0020405911286328405,1.231897982967512,1.1040951511378154,50.68108403998829,-0.007922511336500904,-0.01169439140943429,0.09599995613098145,-0.0019683184132291975,0.002017412340743041,0.08699989318847656
2023-07-07,-0.0021415146216400504,-0.00663806680590504,1.2334777408074205,1.1054737149361242,49.825113385591344,-0.0028651005386203243,0.00929809467575149,0.009000301361083984,-0.007922511336500904,-0.01169439140943429,0.09599995613098145
2023-07-10,-0.007564053837845997,-0.0021415146216400504,1.2347692975412838,1.1069073474942617,45.68049509251914,0.002405026057131332,-0.004618139007665389,-0.04400014877319336,-0.0028651005386203243,0.00929809467575149,0.009000301361083984
2023-07-11,0.0020851663268234956,-0.007564053837845997,1.2359532796729331,1.1083424993635769,43.86000225035335,0.0067422110558885695,0.008997966622912301,-0.026000022888183594,0.002405026057131332,-0.004618139007665389,-0.04400014877319336
2023-07-12,0.0020603356588841048,0.0020851663268234956,1.2371941242424116,1.109708996846151,45.795379221758274,0.007411233485312474,-0.0033512360307442757,-0.11899995803833008,0.0067422110558885695,0.008997966622912301,-0.026000022888183594
2023-07-13,0.007046824120369821,0.0020603356588841048,1.2385284277656194,1.1110255324391525,43.2026789176361,0.008470153458069118,0.005324653342617447,-0.10000014305114746,0.007411233485312474,-0.0033512360307442757,-0.11899995803833008
2023-07-14,0.0013371269561065157,0.007046824120369821,1.2398666708905477,1.1123911467157206,53.29798569600796,-0.0010244071333035398,-0.008723745211795086,0.05800008773803711,0.008470153458069118,0.005324653342617447,-0.10000014305114746
2023-07-17,-0.0031450090051658554,0.0013371269561065157,1.2408588984498372,1.1137885471238345,59.41231418518857,0.0038553825145495324,-0.0027437056517009006,-0.02200007438659668,-0.0010244071333035398,-0.008723745211795086,0.05800008773803711
2023-07-18,0.007498742621005106,-0.0031450090051658554,1.241842422558361,1.1152590124777273,49.064959017471956,0.007117275205842377,0.007701880239870729,-0.007999897003173828,0.0038553825145495324,-0.0027437056517009006,-0.02200007438659668
2023-07-19,-0.003070193107544017,0.007498742621005106,1.2429802512143755,1.116836747725024,60.747676191885496,0.002357910335732072,-0.005479826375296981,-0.04699993133544922,0.007117275205842377,0.007701880239870729,-0.007999897003173828
2023-07-20,-0.006873958601944919,-0.003070193107544017,1.243742746584506,1.1183849511928023,58.05922385343584,-0.006756896218903741,-0.0033269171878195225,0.1119999885559082,0.002357910335732072,-0.005479826375296981,-0.04699993133544922
2023-07-21,0.005339171504832807,-0.006873958601944919,1.244336770564865,1.1198850377606888,47.12211451158627,0.0003240945218980773,0.002628555984005132,-0.017000198364257812,-0.006756896218903741,-0.0033269171878195225,0.1119999885559082
2023-07-24,-0.0051639823222681906,0.005339171504832807,1.2451216585031377,1.121365357673851,45.50854903836063,0.004034153877153557,-0.0034123394564915532,0.020000219345092773,0.0003240945218980773,0.002628555984005132,-0.017000198364257812
2023-07-25,0.005297385038906022,-0.0051639823222681906,1.2457640856339456,1.122895326424771,44.058597822460456,0.002814673351556163,0.009242863266568868,0.05499982833862305,0.004034153877153557,-0.0034123394564915532,0.020000219345092773
2023-07-26,0.001184508416544694,0.005297385038906022,1.2465305616117475,1.124355186249113,46.83005632985037,-0.00015543889679858758,0.009044239165556966,-0.06099987030029297,0.002814673351556163,0.009242863266568868,0.05499982833862305
2023-07-27,-0.0033012832201035347,0.001184508416544694,1.2473506326987143,1.1257686172617936,53.123274442479214,-0.006424666064487883,0.004610846702767679,0.16100001335144043,-0.00015543889679858758,0.009044239165556966,-0.06099987030029297
2023-07-28,0.014580714319798238,-0.0033012832201035347,1.2480519471054359,1.1271792013629633,52.10138302605883,0.009877842794752345,0.0035044205310343912,-0.042999982833862305,-0.006424666064487883,0.004610846702767679,0.16100001335144043
2023-07-31,-0.006762937411974123,0.014580714319798238,1.2491486727805718,1.1287064987153312,68.16634128014343,0.0014687129405193122,-0.002297172278465487,-0.009999990463256836,0.009877842794752345,0.0035044205310343912,-0.042999982833862305
2023-08-01,-0.00851243756246708,-0.006762937411974123,1.2503802349505184,1.130095188690621,60.832845451991076,-0.002665087639215691,-0.011098873089354977,0.09200000762939453,0.0014687129405193122,-0.002297172278465487,-0.009999990463256836
2023-08-02,-0.012425011805126973,-0.00851243756246708,1.251579357036731,1.1313474896373565,53.24040336375632,-0.013839541336347905,-0.017101123014192532,0.026999950408935547,-0.002665087639215691,-0.011098873089354977,0.09200000762939453
2023-08-03,0.004338636090907688,-0.012425011805126973,1.2524474381364874,1.132435772571126,41.56783002097378,-0.0025479738404268204,0.0030315402023270988,0.11100006103515625,-0.013839541336347905,-0.017101123014192532,0.026999950408935547
2023-08-04,0.008783615469133477,0.004338636090907688,1.2534215422659551,1.133593869356238,43.53004055300268,-0.005300074155050516,0.010222305413785104,-0.12900018692016602,-0.0025479738404268204,0.0030315402023270988,0.11100006103515625
2023-08-07,0.0029935661509921997,0.008783615469133477,1.254399398995772,1.1348523230411207,50.278105221589286,0.00902409277936278,0.0007669042333402487,0.018000125885009766,-0.005300074155050516,0.010222305413785104,-0.12900018692016602
2023-08-08,-0.00589162077260127,0.0029935661509921997,1.2554268306591256,1.1360795050078665,47.75496241199353,-0.004218283044793103,-0.00684414654170018,-0.05200004577636719,0.00902409277936278,0.0007669042333402487,0.018000125885009766
2023-08-09,-0.0006480830015539452,-0.00589162077260127,1.2564619503159395,1.1372545878570188,46.284745172071815,-0.007038730380597102,0.010392981141793989,-0.01399993896484375,-0.004218283044793103,-0.00684414654170018,-0.05200004577636719
2023-08-10,0.0019882028988357004,-0.0006480830015539452,1.2573426530968477,1.138403354761129,49.67980125489617,0.00025071394456976925,-0.006117715135662505,0.06799983978271484,-0.007038730380597102,0.010392981141793989,-0.01399993896484375
2023-08-11,-0.0018749869715492529,0.0019882028988357004,1.258292159263857,1.1396414271721589,47.627103898595024,-0.0010696923700230787,-0.012003761781299471,0.08800029754638672,0.00025071394456976925,-0.006117715135662505,0.06799983978271484
2023-08-14,0.003779862653989996,-0.0018749869715492529,1.2590054875289827,1.1409574210618918,49.628521108328385,0.005750475751703066,0.0009256057578312937,0.015999794006347656,-0.0010696923700230787,-0.012003761781299471,0.08800029754638672
2023-08-15,0.005311781922990954,0.003779862653989996,1.2596862673415208,1.1422399587368666,48.63856054145744,-0.011550909428841738,0.00550986984967472,0.037000179290771484,0.005750475751703066,0.0009256057578312937,0.015999794006347656
2023-08-16,0.0007811760928114863,0.005311781922990954,1.2605223874329932,1.143546261523025,51.247404847927115,-0.007555395210577687,0.004528138595040643,0.03699970245361328,-0.011550909428841738,0.00550986984967472,0.037000179290771484
2023-08-17,-0.013662612855454115,0.0007811760928114863,1.2615563666826037,1.144824267128249,53.89135076178808,-0.007712913029036983,-0.011634704882345304,0.05000019073486328,-0.007555395210577687,0.004528138595040643,0.03699970245361328
2023-08-18,-0.004041624781444431,-0.013662612855454115,1.2620125813205043,1.146080285901449,35.73911353483901,-0.00014870682600087726,-0.00013252989136436355,-0.057000160217285156,-0.007712913029036983,-0.011634704882345304,0.05000019073486328
2023-08-21,0.0012261624190262554,-0.004041624781444431,1.2622097457910024,1.147116282183282,37.097609652448526,0.006879188518795987,-0.0015909366618483967,0.09100008010864258,-0.00014870682600087726,-0.00013252989136436355,-0.057000160217285156
2023-08-22,0.0028576046597455717,0.0012261624190262554,1.2623043705860055,1.1481038067550897,42.93020145957576,-0.002777466728829614,0.0003420834167211506,-0.01399993896484375,0.006879188518795987,-0.0015909366618483967,0.09100008010864258
2023-08-23,0.00945447201192875,0.0028576046597455717,1.262468744380204,1.1491538324977637,54.89243431781961,0.011044879965972587,0.009550723305699949,-0.13000011444091797,-0.002777466728829614,0.0003420834167211506,-0.01399993896484375
2023-08-24,-0.013641247716809501,0.00945447201192875,1.26263713481693,1.1502583120686123,58.536752915042406,-0.013457974663146133,-0.009797863130557527,0.037000179290771484,0.011044879965972587,0.009550723305699949,-0.13000011444091797
2023-08-25,0.005098532762344843,-0.013641247716809501,1.262202269486602,1.1512696536635376,41.49188939625819,0.006717966037625089,0.001538380519848559,0.0039997100830078125,-0.013457974663146133,-0.009797863130557527,0.037000179290771484
2023-08-28,0.0012196361481459305,0.005098532762344843,1.2620338432563043,1.1522975233062822,43.197693520052724,0.006264619755036449,0.004720852532328568,-0.026999950408935547,0.006717966037625089,0.001538380519848559,0.0039997100830078125
2023-08-29,0.010326703122212243,0.0012196361481459305,1.2618071775313822,1.1533074086926174,48.14758268314554,0.01450830719454621,0.015318994166935385,-0.08999967575073242,0.006264619755036449,0.004720852532328568,-0.026999950408935547
2023-08-30,0.0021663670354410856,0.010326703122212243,1.2619591212243448,1.1543864091636615,55.653837685630194,0.003833182103508026,0.002384942660302869,-0.004000186920166016,0.01450830719454621,0.015318994166935385,-0.08999967575073242
2023-08-31,-0.009338648814996676,0.0021663670354410856,1.262180301641731,1.15543787308097,55.76923070899175,-0.0015969365120942491,-0.025183659126248537,-0.02500009536743164,0.003833182103508026,0.002384942660302869,-0.004000186920166016
2023-09-01,-0.0004958003747076778,-0.009338648814996676,1.2620283661659513,1.1564058250540596,50.69719453851872,0.0017991292600010311,0.002345843195474373,0.07999992370605469,-0.0015969365120942491,-0.025183659126248537,-0.02500009536743164
2023-09-04,-0.002365360348254464,-0.0004958003747076778,1.262040634232765,1.1573580835334596,48.047599043597145,0.0,-0.0021608630574811993,0.0,0.0017991292600010311,0.002345843195474373,0.07999992370605469
2023-09-05,-0.00031390872341652276,-0.002365360348254464,1.2621505219488143,1.1583158941457357,42.96443618325175,-0.004194177587506065,-0.0018483607574736327,0.0950002670288086,0.0,-0.0021608630574811993,0.0
2023-09-06,-0.003961576105552844,-0.00031390872341652276,1.26199836332044,1.1593255479060824,42.19963672409659,-0.006971599351452862,0.0007309574694185361,0.021999835968017578,-0.004194177587506065,-0.0018483607574736327,0.0950002670288086
2023-09-07,-0.005363944598465886,-0.003961576105552844,1.2619039827193566,1.1603949030846588,48.44213866869649,-0.0032112659361860363,-0.009216758077153497,-0.029999732971191406,-0.006971599351452862,0.0007309574694185361,0.021999835968017578
2023-09-08,0.0011490391508412357,-0.005363944598465886,1.2616846241003596,1.161283173589741,47.50973095091477,0.0014266227216406246,0.0004218630448569183,-0.0020003318786621094,-0.0032112659361860363,-0.009216758077153497,-0.029999732971191406
2023-09-11,0.008598921948861749,0.0011490391508412357,1.261327568121384,1.1621962468210842,47.44746518473018,0.006723453106275201,-0.004525675626211423,0.03000020980834961,0.0014266227216406246,0.0004218630448569183,-0.0020003318786621094
2023-09-12,-0.013113644304964922,0.008598921948861749,1.2610040443076753,1.1631396452909875,51.50665202352207,-0.005695885604828921,-0.007787614746469829,-0.024000167846679688,0.006723453106275201,-0.004525675626211423,0.03000020980834961
2023-09-13,-0.00039789070629905334,-0.013113644304964922,1.260431703646593,1.1640720839873102,36.84097252945652,0.0012416323054647016,-0.0065226880280802035,-0.014999866485595703,-0.005695885604828921,-0.007787614746469829,-0.024000167846679688
2023-09-14,0.0035070232116517054,-0.00039789070629905334,1.2597976949114573,1.1650442471249345,44.53589202156807,0.00842991886716793,0.004532028757639139,0.03900003433227539,0.0012416323054647016,-0.0065226880280802035,-0.014999866485595703
2023-09-15,-0.011350226455005719,0.0035070232116517054,1.2594195002353048,1.1660365055313355,43.106356774086976,-0.012159612938677844,-0.007807416064088413,0.03399991989135742,0.00842991886716793,0.004532028757639139,0.03900003433227539
2023-09-18,0.008286840502522496,-0.011350226455005719,1.2588129319054635,1.1669048959527242,35.45033071965774,0.0007212876971294246,0.006498473681368022,-0.0030002593994140625,-0.012159612938677844,-0.007807416064088413,0.03399991989135742
2023-09-19,0.002844026634255459,0.008286840502522496,1.258600966256618,1.1678554806642685,33.41187128923943,-0.002151010615372817,0.01034052305270805,0.046000003814697266,0.0007212876971294246,0.006498473681368022,-0.0030002593994140625
2023-09-20,-0.003536897844157083,0.002844026634255459,1.258407385271674,1.1687790220676753,33.99410374634569,-0.0093947947580596,0.0055049801174558155,-0.015999794006347656,-0.002151010615372817,0.01034052305270805,0.046000003814697266
2023-09-21,-0.009817155007367484,-0.003536897844157083,1.258074148144606,1.1696562623279556,37.118709496329885,-0.01640093410321941,-0.010536048941473863,0.13100004196166992,-0.0093947947580596,0.0055049801174558155,-0.015999794006347656
2023-09-22,0.0045250155696293535,-0.009817155007367484,1.2573204765620922,1.1704934676492817,32.508925192583206,-0.002295598477193961,-0.005322615922269569,-0.04199981689453125,-0.01640093410321941,-0.010536048941473863,0.13100004196166992
2023-09-25,0.003041779183850191,0.0045250155696293535,1.2566440544249629,1.1714541080209453,37.447007900136136,0.0040230650909416354,-0.005999122411501356,0.10399961471557617,-0.002295598477193961,-0.005322615922269569,-0.04199981689453125
2023-09-26,-0.011435510313903774,0.003041779183850191,1.2561223219215563,1.1724500974699377,39.9688681733583,-0.014734533990868215,-0.0050549540800923776,0.01600027084350586,0.0040230650909416354,-0.005999122411501356,0.10399961471557617
2023-09-27,-0.0035219086668343835,-0.011435510313903774,1.2551283501628563,1.1734043573612383,36.578796743976916,0.00022931406074522265,0.0062508803962701975,0.06799983978271484,-0.014734533990868215,-0.0050549540800923776,0.01600027084350586
2023-09-28,-0.001038939194613786,-0.0035219086668343835,1.2541263849550786,1.1743303070029016,37.41243132984866,0.005893173970516585,0.002482723439602763,-0.028999805450439453,0.00022931406074522265,0.0062508803962701975,0.06799983978271484
2023-09-29,0.0013435885389820545,-0.001038939194613786,1.2532734798492033,1.1752019712924995,36.114730492316056,-0.002709582086142026,-0.01318920414633451,-0.024000167846679688,0.005893173970516585,0.002482723439602763,-0.028999805450439453
2023-10-02,0.005973449081898441,0.0013435885389820545,1.2523187680683239,1.1761475224897098,30.095979308388095,7.936755559079245e-05,0.007575248608433949,0.1100001335144043,-0.002709582086142026,-0.01318920414633451,-0.024000167846679688
2023-10-03,-0.011869966201570669,0.005973449081898441,1.2516404367671838,1.1771011160181402,41.62196504334784,-0.013744071674259506,-0.01743999213573777,0.11899995803833008,7.936755559079245e-05,0.007575248608433949,0.1100001335144043
2023-10-04,0.0069023463023746515,-0.011869966201570669,1.2505375963123668,1.1780007051405414,35.84294871848495,0.008109754957160709,0.007272722478314453,-0.06699991226196289,-0.013744071674259506,-0.01743999213573777,0.11899995803833008
2023-10-05,-0.008304573556669914,0.0069023463023746515,1.2495719776229393,1.1789370661959238,38.28852982008499,-0.001304030159777203,-0.02519285941810978,-0.018000125885009766,0.008109754957160709,0.007272722478314453,-0.06699991226196289
2023-10-06,0.004700978462496608,-0.008304573556669914,1.2484874935441455,1.1798922342236258,39.798907515983366,0.011814893014644445,0.004284944166345728,0.06699991226196289,-0.001304030159777203,-0.02519285941810978,-0.018000125885009766
2023-10-09,-0.009218845145619225,0.004700978462496608,1.2471481864006315,1.180834226442702,36.993711080511964,0.00630385429964031,-0.007436633596085929,0.013000011444091797,0.011814893014644445,0.004284944166345728,0.06699991226196289
2023-10-10,0.01255195396965746,-0.009218845145619225,1.24575824430128,1.1817675385555484,30.896673795182537,0.005207990781392224,0.020137289254338553,-0.1419997215270996,0.00630385429964031,-0.007436633596085929,0.013000011444091797
2023-10-11,-0.004398829455453168,0.01255195396965746,1.2448873992918066,1.1827580083011122,41.14730652348998,0.00429300817103373,0.0010912519329351333,-0.06000041961669922,0.005207990781392224,0.020137289254338553,-0.1419997215270996
2023-10-12,-0.006109141743129587,-0.004398829455453168,1.2442230843405406,1.1837346852470143,43.73222338509148,-0.00624643434611849,-0.011909449636036795,0.11700010299682617,0.00429300817103373,0.0010912519329351333,-0.06000041961669922
2023-10-13,-0.010544484056764369,-0.006109141743129587,1.243302250012158,1.1846625236468329,37.95371433709691,-0.005018858888767519,-0.007349097482080791,-0.08299970626831055,-0.00624643434611849,-0.011909449636036795,0.11700010299682617
2023-10-16,0.009598745100613548,-0.010544484056764369,1.2419069722592213,1.1855329107562755,31.949792886829258,0.01059436938392988,0.008981445707723967,0.08299970626831055,-0.005018858888767519,-0.007349097482080791,-0.08299970626831055
2023-10-17,0.0007179930906921039,0.009598745100613548,1.2406652092299593,1.1863625994394558,42.52216457080969,-9.824505308242415e-05,-0.003152482989026484,0.13500022888183594,0.01059436938392988,0.008981445707723967,0.08299970626831055
2023-10-18,-0.0031756764347147582,0.0007179930906921039,1.239590074313884,1.187175838579685,44.58169168364558,-0.013399820506516447,-0.007877227407859344,0.05699968338012695,-9.824505308242415e-05,-0.003152482989026484,0.13500022888183594
2023-10-19,-0.005823090858251745,-0.0031756764347147582,1.238454669620879,1.187951878449241,43.59289988196035,-0.008482848196321058,-0.009541835865582882,0.0840001106262207,-0.013399820506516447,-0.007877227407859344,0.05699968338012695
2023-10-20,-0.013642743991937689,-0.005823090858251745,1.2371291943511347,1.1886060487988677,40.30797671252812,-0.012585283719027562,-0.010832977161801094,-0.06400012969970703,-0.008482848196321058,-0.009541835865582882,0.0840001106262207
2023-10-23,0.004508752761556045,-0.013642743991937689,1.235524910363076,1.1891644769934167,31.909998679177335,-0.0016855698941634634,-0.0016163599970967502,-0.08599996566772461,-0.012585283719027562,-0.010832977161801094,-0.06400012969970703
2023-10-24,0.0034886698175104367,0.004508752761556045,1.2339317479356473,1.1897200829160748,38.75170463319824,0.007265792222727274,0.0016789509587631368,0.0020003318786621094,-0.0016855698941634634,-0.0016163599970967502,-0.08599996566772461
2023-10-25,0.008873084405149256,0.0034886698175104367,1.232286944425302,1.1902806130396615,36.5285687341591,-0.014339628627712542,0.010098165983015495,0.11299991607666016,0.007265792222727274,0.0016789509587631368,0.0020003318786621094
2023-10-26,0.0065593003256299905,0.008873084405149256,1.23083317323104,1.190913960662656,45.414720204975865,-0.011832519778109618,0.008531357285780805,-0.10800027847290039,-0.014339628627712542,0.010098165983015495,0.11299991607666016
2023-10-27,0.006631880375066612,0.0065593003256299905,1.2298841350542395,1.1916421633190841,46.412433474509925,-0.004800280229768528,-0.004239720993779006,0.0,-0.011832519778109618,0.008531357285780805,-0.10800027847290039
2023-10-30,0.007588949813178614,0.006631880375066612,1.2291965350694538,1.1924347877496093,54.59704531122934,0.012010022325859904,0.006197344150330242,0.03000020980834961,-0.004800280229768528,-0.004239720993779006,0.0
2023-10-31,0.001554190673013245,0.007588949813178614,1.2286626747727716,1.1932046219524783,52.164641811890064,0.006474957307233353,-0.004372808760108149,0.0,0.012010022325859904,0.006197344150330242,0.03000020980834961
2023-11-01,0.01813292025233846,0.001554190673013245,1.228095382388228,1.1939217381853342,55.643499574882426,0.010505999486313922,0.014796843367682833,-0.08599996566772461,0.006474957307233353,-0.004372808760108149,0.0
2023-11-02,0.005875366902526791,0.01813292025233846,1.227735498161924,1.1947189507841565,67.16530858745156,0.01885855702012762,0.0,-0.11999988555908203,0.010505999486313922,0.014796843367682833,-0.08599996566772461
2023-11-03,0.011418250968654042,0.005875366902526791,1.2278676932376416,1.1955417008660105,76.60667196350853,0.009393730253031363,0.029703851977535667,-0.11100006103515625,0.01885855702012762,0.0,-0.11999988555908203
2023-11-06,0.008341772076300779,0.011418250968654042,1.2281592407699722,1.1964018410618407,77.17278191542391,0.0017529924220356374,0.007156657624648899,0.10400009155273438,0.009393730253031363,0.029703851977535667,-0.11100006103515625
2023-11-07,-0.000835795783154325,0.008341772076300779,1.228632011700715,1.1973144812075538,78.89929785779037,0.0028401189192852616,-0.008207390275036475,-0.09100008010864258,0.0017529924220356374,0.007156657624648899,0.10400009155273438
2023-11-08,0.0004356418286921793,-0.000835795783154325,1.2288238266245126,1.1982625743772932,80.62961271395784,0.0010049156221052513,-0.003779561458282621,-0.048000335693359375,0.0028401189192852616,-0.008207390275036475,-0.09100008010864258
2023-11-09,-0.0009801600044158643,0.0004356418286921793,1.228971775441149,1.1991549899025535,85.44738052619059,-0.008083839306732843,0.0010728035532148184,0.10700035095214844,0.0010049156221052513,-0.003779561458282621,-0.048000335693359375
2023-11-10,0.012212519758640017,-0.0009801600044158643,1.2293322927603019,1.2000082315732785,97.77231225282452,0.015616441094852496,0.003665620737783648,-0.0020003318786621094,-0.008083839306732843,0.0010728035532148184,0.10700035095214844
2023-11-13,-0.0013862572377412285,0.012212519758640017,1.2300176041843671,1.2009182422791234,97.9724372901367,-0.0008358389332403515,-0.0032644142797472187,0.004000186920166016,0.015616441094852496,0.003665620737783648,-0.0020003318786621094
2023-11-14,0.017692274589716627,-0.0013862572377412285,1.2307266376608494,1.2018537565689187,96.33280746169332,0.019075017703661823,0.02780261563467623,-0.19099998474121094,-0.0008358389332403515,-0.0032644142797472187,0.004000186920166016
2023-11-15,-0.0008672865120748829,0.017692274589716627,1.2319008737101083,1.2029249031074782,96.69535435797087,0.0015970120755575135,0.005429255612865447,0.09399986267089844,0.019075017703661823,0.02780261563467623,-0.19099998474121094
2023-11-16,-0.0006738444817758094,-0.0008672865120748829,1.233151854411162,1.2040069251256478,95.5394725390191,0.0011904273935798848,-0.006195667679005479,-0.08999967575073242,0.0015970120755575135,0.005429255612865447,0.09399986267089844
2023-11-17,0.00010569895069943991,-0.0006738444817758094,1.2345193928062148,1.2051353500283948,94.4536562141166,0.0012820490603360213,0.004111774759018472,-0.004000186920166016,0.0011904273935798848,-0.006195667679005479,-0.08999967575073242
2023-11-20,0.0033493381426995426,0.00010569895069943991,1.235861099372393,1.2063087176013945,93.95853454881006,0.007390278097329839,0.0,-0.01900005340576172,0.0012820490603360213,0.004111774759018472,-0.004000186920166016
2023-11-21,-0.006337765061740297,0.0033493381426995426,1.2370764490124584,1.2075301301435244,94.10327983528263,-0.0020209310950652926,-0.0034319474507513714,-0.0039997100830078125,0.007390278097329839,0.0,-0.01900005340576172
2023-11-22,0.009648941279464252,-0.006337765061740297,1.23845444345504,1.2086293762366922,83.95175541322702,0.00406112922094648,0.0031563641601304315,-0.0020003318786621094,-0.0020209310950652926,-0.0034319474507513714,-0.0039997100830078125
2023-11-23,0.000717953539999372,0.009648941279464252,1.2400950018638042,1.2098257570827566,84.84141937871465,0.0,0.007395619082638971,0.0,0.00406112922094648,0.0031563641601304315,-0.0020003318786621094
2023-11-24,-0.0017612222612774509,0.000717953539999372,1.2416675672006132,1.2109891277447007,82.37441118201505,0.0005968736678840791,-0.0022826656552242808,0.0560002326965332,0.0,0.007395619082638971,0.0
2023-11-27,-0.002404030667925805,-0.0017612222612774509,1.2434760110617407,1.2121364063485789,77.25677494948931,-0.001954157460090089,-0.013561673512769379,-0.08300018310546875,0.0005968736678840791,-0.0022826656552242808,0.0560002326965332
2023-11-28,0.0038784886827365694,-0.002404030667925805,1.2450170562505702,1.2132864490461035,75.11967049169266,0.0009801185306033133,0.0026524401304715006,-0.05299997329711914,-0.001954157460090089,-0.013561673512769379,-0.08300018310546875
2023-11-29,-0.0018082901592611945,0.0038784886827365694,1.2465897424466943,1.214463520043169,76.52426083229919,-0.0009462486392383118,0.008285272708607794,-0.06500005722045898,0.0009801185306033133,0.0026524401304715006,-0.05299997329711914
2023-11-30,0.01031740977764325,-0.0018082901592611945,1.2482025919517652,1.21569989552887,75.46012442372134,0.0037840728581564065,0.024003328459967888,0.08100032806396484,-0.0009462486392383118,0.008285272708607794,-0.06500005722045898
2023-12-01,-0.005992027213015494,0.01031740977764325,1.2503312513558331,1.2169837425045773,74.84701881469157,0.005873742123607695,-0.002933444263294449,-0.12600040435791016,0.0037840728581564065,0.024003328459967888,0.08100032806396484
2023-12-04,-0.002494337717550943,-0.005992027213015494,1.2521889804054984,1.2182067677466313,69.45159579236908,-0.005408509126972105,0.0028236582894440865,0.062000274658203125,0.005873742123607695,-0.002933444263294449,-0.12600040435791016
2023-12-05,0.005752296572494875,-0.002494337717550943,1.2539055585135412,1.2194576166369928,55.478518211964406,-0.0005688697261614362,0.0012447129149588676,-0.11700010299682617,-0.005408509126972105,0.0028236582894440865,0.062000274658203125
2023-12-06,-0.002858093030866238,0.005752296572494875,1.2560571405535335,1.22073657625138,60.99323766329101,-0.003906202808869552,-0.0003795032722232472,-0.05000019073486328,-0.0005688697261614362,0.0012447129149588676,-0.11700010299682617
2023-12-07,0.005465481331540467,-0.002858093030866238,1.2582188044765537,1.2220462509783045,58.647015591469064,0.007968189065892917,0.006587942911378208,0.008000373840332031,-0.003906202808869552,-0.0003795032722232472,-0.05000019073486328
2023-12-08,-0.0006402824999721223,0.005465481331540467,1.2605507657999977,1.2234273540992526,62.19298674689482,0.00409549786994079,-0.0011710117598990877,0.11599969863891602,0.007968189065892917,0.006587942911378208,0.008000373840332031
2023-12-11,-0.0015143204238234342,-0.0006402824999721223,1.262832946400159,1.2247619114319364,59.428698291005254,0.003924494286698943,0.0008477077025705881,-0.006000041961669922,0.00409549786994079,-0.0011710117598990877,0.11599969863891602
2023-12-12,0.0034373383905436095,-0.0015143204238234342,1.2649291731545795,1.2260254306795695,64.58184422093323,0.00459935752021523,0.0,-0.03299999237060547,0.003924494286698943,0.0008477077025705881,-0.006000041961669922
2023-12-13,0.01244890316603815,0.0034373383905436095,1.2674079157766314,1.2273078659671197,60.188513164254935,0.013650676351045998,0.013386297695641147,-0.17299985885620117,0.00459935752021523,0.0,-0.03299999237060547
2023-12-14,-0.0031172741177704745,0.01244890316603815,1.2700518944285932,1.228740016277794,67.9251388060768,0.0026470624846992585,0.03387049128186326,-0.10299992561340332,0.013650676351045998,0.013386297695641147,-0.17299985885620117
2023-12-15,-0.002761790575711831,-0.0031172741177704745,1.272814173069384,1.2301357751717175,66.37454838544173,-7.62494933082003e-05,0.001642042872276539,-0.002000093460083008,0.0026470624846992585,0.03387049128186326,-0.10299992561340332
2023-12-18,0.011019584188817821,-0.002761790575711831,1.2753882836100519,1.2315519603030123,65.93746044639774,0.004528344366900416,0.010550142561178255,0.026000022888183594,-7.62494933082003e-05,0.001642042872276539,-0.002000093460083008
2023-12-19,0.0019448342231061845,0.011019584188817821,1.2784826693793376,1.2330642856295635,69.49847689695213,0.005866407818910568,-0.0006663238968797058,-0.032000064849853516,0.004528344366900416,0.010550142561178255,0.026000022888183594
2023-12-20,-0.010278744281960095,0.0019448342231061845,1.281327636275656,1.2345300160241814,72.15139599741099,-0.014684266911006771,-0.013605645755300766,-0.04499983787536621,0.005866407818910568,-0.0006663238968797058,-0.032000064849853516
2023-12-21,0.007967887432528842,-0.010278744281960095,1.283999985104427,1.235864142850215,57.28140336039171,0.010301467821202559,0.010162265262908754,0.01699995994567871,-0.014684266911006771,-0.013605645755300766,-0.04499983787536621
2023-12-22,-0.0011199229711477132,0.007967887432528842,1.2870353701671207,1.2372384536995253,66.81250989243667,0.0016600585268868873,-0.0030307434654329724,0.006999969482421875,0.010301467821202559,0.010162265262908754,0.01699995994567871
2023-12-26,0.002332077024251533,-0.0011199229711477132,1.2902947549504353,1.2385367852861655,68.07703602659502,0.0042316894655107795,0.007543084059102645,-0.015000104904174805,0.0016600585268868873,-0.0030307434654329724,0.006999969482421875
2023-12-27,-0.0011898584215864426,0.002332077024251533,1.2933882569450774,1.2398641424773686,66.49948887021141,0.0014304577464787638,-0.003313147427822405,-0.0969998836517334,0.0042316894655107795,0.007543084059102645,-0.015000104904174805
2023-12-28,-0.0021910112810598847,-0.0011898584215864426,1.2964320929940403,1.2411821833591707,68.15453195281492,0.0003701746080437829,-0.0015645505371814084,0.06099987030029297,0.0014304577464787638,-0.003313147427822405,-0.0969998836517334
2023-12-29,-0.0014348713088690346,-0.0021910112810598847,1.2994930104769487,1.2424624290101598,62.95885653969671,-0.0028264750133749628,-0.0013603525877288192,0.016000032424926758,0.0003701746080437829,-0.0015645505371814084,0.06099987030029297
2024-01-02,-0.004369712342260001,-0.0014348713088690346,1.3026550453974628,1.243752546736239,62.146759576217335,-0.005660579005492328,-0.007071530092138789,0.08000016212463379,-0.0028264750133749628,-0.0013603525877288192,0.016000032424926758
2024-01-03,-0.008488577462544177,-0.004369712342260001,1.3060249237161523,1.2450005694100974,59.40996827917481,-0.008016314922730805,-0.022004055256624855,-0.03900003433227539,-0.005660579005492328,-0.007071530092138789,0.08000016212463379
2024-01-04,-0.007771397934194013,-0.008488577462544177,1.3090597497392256,1.2461554521059468,50.3333286326835,-0.0034283812973570083,-0.005736568433242106,0.0839998722076416,-0.008016314922730805,-0.022004055256624855,-0.03900003433227539
2024-01-05,0.002109144153435294,-0.007771397934194013,1.3118043076966854,1.2472467148773299,35.19814279433578,0.0018256861788026324,0.014182700137378434,0.05099987983703613,-0.0034283812973570083,-0.005736568433242106,0.0839998722076416
2024-01-08,0.006732319765108385,0.002109144153435294,1.3143938984190304,1.2483421723819617,38.95720264058045,0.014114629309846638,-0.0003044763868135236,-0.039999961853027344,0.0018256861788026324,0.014182700137378434,0.05099987983703613
2024-01-09,-0.0054898905627399405,0.006732319765108385,1.317005071665917,1.2494157086733761,46.39600971541447,-0.0014779006799081618,-0.019049060105255755,0.017000198364257812,0.014114629309846638,-0.0003044763868135236,-0.039999961853027344
2024-01-10,0.007247389198840715,-0.0054898905627399405,1.3193093537677383,1.250390350611295,33.112844296520024,0.00566597189372442,0.003867008699493635,0.01100015640258789,-0.0014779006799081618,-0.019049060105255755,0.017000198364257812
2024-01-11,0.0037195920848304364,0.007247389198840715,1.3216220377439003,1.2514043528118057,38.17689428536866,-0.0006710555783868699,0.002170661748194691,-0.05300021171569824,0.00566597189372442,0.003867008699493635,0.01100015640258789
2024-01-12,0.0058992211029180175,0.0037195920848304364,1.3239963312462202,1.2524363515531853,48.27701936445607,0.0007509755941104146,0.0030361491285426645,-0.026999950408935547,-0.0006710555783868699,0.002170661748194691,-0.05300021171569824
2024-01-15,-0.001770407086867476,0.0058992211029180175,1.32608469467882,1.253481191888183,46.47715862411526,0.0,-0.0019055299425868588,0.0,0.0007509755941104146,0.0030361491285426645,-0.026999950408935547
2024-01-16,0.002100656930108935,-0.001770407086867476,1.3279785084979556,1.254560208309936,45.9788445856892,-0.0037313402367431525,-0.006784211239020843,0.11599993705749512,0.0,-0.0019055299425868588,0.0
2024-01-17,-0.003813236394035735,0.002100656930108935,1.329642350038798,1.255626460820007,45.760643089040556,-0.005616897183990499,-0.007490065825333736,0.039999961853027344,-0.0037313402367431525,-0.006784211239020843,0.11599993705749512
2024-01-18,0.008230494412922595,-0.003813236394035735,1.3309911685137725,1.2566731496788628,43.84697104135428,0.008805260963896,-6.946926977235979e-05,0.03800010681152344,-0.005616897183990499,-0.007490065825333736,0.039999961853027344
2024-01-19,0.002976804709826342,0.008230494412922595,1.3325832489755016,1.2577855532769904,51.96589558210209,0.012313502764936146,0.013603356462804639,0.0019998550415039062,0.008805260963896,-6.946926977235979e-05,0.03800010681152344
2024-01-22,-0.010925140221919117,0.002976804709826342,1.334245085935432,1.2589229420380696,55.07836904601687,0.0021943252026270788,-0.014147203900212846,-0.05200004577636719,0.012313502764936146,0.013603356462804639,0.0019998550415039062
2024-01-23,0.010766739966685635,-0.010925140221919117,1.3356342079258132,1.2599261594979603,50.31841623410579,0.002921374261968035,0.015279414484182352,0.048000335693359375,0.0021943252026270788,-0.014147203900212846,-0.05200004577636719
2024-01-24,-0.005636252984386414,0.010766739966685635,1.3370013152412719,1.2610337988776084,62.44194506979797,0.0008119284117831249,-0.0015016811481269876,0.03599977493286133,0.002921374261968035,0.015279414484182352,0.048000335693359375
2024-01-25,0.010637756892919126,-0.005636252984386414,1.3382507104952461,1.2620619283454895,64.06067260796536,0.005260365527706368,0.013362063041127081,-0.046000003814697266,0.0008119284117831249,-0.0015016811481269876,0.03599977493286133
2024-01-26,0.010220928120783113,0.010637756892919126,1.3393310508222833,1.2631621839009204,67.66415115468081,-0.0006517852510764532,0.012389738650222526,0.0279998779296875,0.005260365527706368,0.013362063041127081,-0.046000003814697266
2024-01-29,0.007023583494974184,0.010220928120783113,1.3407141129786229,1.264322095058161,69.01531573191845,0.007556774896180896,0.005625655053673517,-0.0689997673034668,-0.0006517852510764532,0.012389738650222526,0.0279998779296875
2024-01-30,-0.0022407567907299477,0.007023583494974184,1.3423091973780163,1.2654831003129634,75.56674303957881,-0.0006006499345398986,0.00632104134546263,-0.032000064849853516,0.007556774896180896,0.005625655053673517,-0.0689997673034668
2024-01-31,-0.0070519311165185726,-0.0022407567907299477,1.3438390782502467,1.2666209773769028,71.53000296525413,-0.016105744611597972,-0.002856918235150774,-0.09200000762939453,-0.0006006499345398986,0.00632104134546263,-0.032000064849853516
2024-02-01,0.016605506375298673,-0.0070519311165185726,1.3450849537539387,1.2676921324829662,64.59731697487634,0.012493688211609788,0.007936107529249448,-0.10400009155273438,-0.016105744611597972,-0.002856918235150774,-0.09200000762939453
2024-02-02,0.0035219911273323577,0.016605506375298673,1.34695620168273,1.2689124395652356,68.48166531861361,0.01068444607751462,0.006894426015476407,0.1700000762939453,0.012493688211609788,0.007936107529249448,-0.10400009155273438
2024-02-05,-0.0019929024338701364,0.0035219911273323577,1.3486735840094703,1.270116065938061,70.77980164631819,-0.0031863375266721894,0.0,0.13100004196166992,0.01068444607751462,0.006894426015476407,0.1700000762939453
2024-02-06,0.003940705694681667,-0.0019929024338701364,1.350315865282034,1.271220168381343,68.75616206069148,0.0023104108269635937,0.007190032129900548,-0.07399988174438477,-0.0031863375266721894,0.0,0.13100004196166992
2024-02-07,0.0002586023365824364,0.003940705694681667,1.3521154927699692,1.2722934333196143,72.53995476129094,0.008241457963390042,0.0011330674522493922,0.019999980926513672,0.0023104108269635937,0.007190032129900548,-0.07399988174438477
2024-02-08,-0.002602510049658324,0.0002586023365824364,1.3539859155092204,1.2733893044223357,70.25167541349106,0.0005705832608251526,-0.016171000341378416,0.059999942779541016,0.008241457963390042,0.0011330674522493922,0.019999980926513672
2024-02-09,0.004945443828870988,-0.002602510049658324,1.3556806951432803,1.274467986776015,67.3045733424818,0.0057423415255595245,-0.007529830728431386,0.01699972152709961,0.0005705832608251526,-0.016171000341378416,0.059999942779541016
2024-02-12,-0.00617250186528231,0.004945443828870988,1.3575625083652025,1.2755919190567984,77.51509229999854,-0.0009489536011326738,0.0015882566176790291,-0.014999866485595703,0.0057423415255595245,-0.007529830728431386,0.01699972152709961
2024-02-13,-0.010955398593827492,-0.00617250186528231,1.3589972979109937,1.2766289241798667,68.76668312455304,-0.013674255653625456,-0.00890935931052883,0.14400005340576172,-0.0009489536011326738,0.0015882566176790291,-0.014999866485595703
2024-02-14,0.00263964055028072,-0.010955398593827492,1.3602839611803206,1.2774939736151547,64.42901646202225,0.009579763275017639,0.0060006772289953325,-0.048999786376953125,-0.013674255653625456,-0.00890935931052883,0.14400005340576172
2024-02-15,-0.0016568234604711685,0.00263964055028072,1.3617101589726226,1.2783951154915203,61.00568582981626,0.005821250684729495,5.977234107246154e-05,-0.02700042724609375,0.009579763275017639,0.0060006772289953325,-0.048999786376953125
2024-02-16,-0.008416764652008645,-0.0016568234604711685,1.3629380155184052,1.2792759393622926,54.13559535507864,-0.0048034698371121065,-0.0020921798161142036,0.05500030517578125,0.005821250684729495,5.977234107246154e-05,-0.02700042724609375
2024-02-19,0.001960639907671413,-0.008416764652008645,1.3640076595481128,1.2800238988910626,43.54461086191292,0.0,0.006265152996549839,0.0,-0.0048034698371121065,-0.0020921798161142036,0.05500030517578125
2024-02-20,-0.001126330314936197,0.001960639907671413,1.3649864275804608,1.2807868609486317,46.38776661268411,-0.006005322001165325,-0.00456390110435545,-0.019999980926513672,0.0,0.006265152996549839,0.0
2024-02-21,0.0006500915912884375,-0.001126330314936197,1.3659511293020796,1.281556125568425,50.48749676787082,0.001264199922982101,-0.0036108515029469324,0.04999971389770508,-0.006005322001165325,-0.00456390110435545,-0.019999980926513672
2024-02-22,0.004023678679817866,0.0006500915912884375,1.3669741505239508,1.2823269615199149,35.18867994061273,0.02112288421741404,0.002239510860302163,0.0020003318786621094,0.001264199922982101,-0.0036108515029469324,0.04999971389770508
2024-02-23,-0.011747542001014267,0.004023678679817866,1.3680168932751744,1.28312324174398,35.746735293444914,0.0003479475462115911,-0.00855539018084328,-0.06699991226196289,0.02112288421741404,0.002239510860302163,0.0020003318786621094
2024-02-26,-0.0050611247735710355,-0.011747542001014267,1.3684011937315943,1.28384392462046,30.097031494235253,-0.003786751350190576,-0.008208324505862064,0.03899955749511719,0.0003479475462115911,-0.00855539018084328,-0.06699991226196289
2024-02-27,0.001477650156264676,-0.0050611247735710355,1.3687309902740237,1.2845211509982475,23.229642070184852,0.0017063496993998672,0.0008241432830375928,0.01600027084350586,-0.003786751350190576,-0.008208324505862064,0.03899955749511719
2024-02-28,-0.004735029152494319,0.001477650156264676,1.3691755451823868,1.2852151719934104,24.663014401430573,-0.001658155060430544,-0.015832246585983478,-0.0409998893737793,0.0017063496993998672,0.0008241432830375928,0.01600027084350586
2024-02-29,0.002083160659822636,-0.004735029152494319,1.3691945137702117,1.285953915600337,23.90686145418333,0.005229094697149161,0.0011452561356737334,-0.02200031280517578,-0.001658155060430544,-0.015832246585983478,-0.0409998893737793
2024-03-01,0.0024469271292770654,0.002083160659822636,1.3692172810367804,1.2867529184102435,20.300878284600614,0.00800782894888763,0.0022073900548598147,-0.07200002670288086,0.005229094697149161,0.0011452561356737334,-0.02200031280517578
2024-03-04,-0.0036430940777217756,0.0024469271292770654,1.3695866098971607,1.2875642793696542,25.72251459761098,-0.0011932620709189656,-0.0013294368592400296,0.03900003433227539,0.00800782894888763,0.0022073900548598147,-0.07200002670288086
2024-03-05,-0.00853916803960213,-0.0036430940777217756,1.369641688807791,1.2883502128132562,29.483767835662334,-0.010193100883444606,0.00024812660189743596,-0.0819997787475586,-0.0011932620709189656,-0.0013294368592400296,0.03900003433227539
2024-03-06,-0.005283254676339677,-0.00853916803960213,1.3694947629753782,1.2890239722952017,21.89312778624364,0.005141103203274655,-0.003456222820576338,-0.03299999237060547,-0.010193100883444606,0.00024812660189743596,-0.0819997787475586
2024-03-07,0.0048766203694808,-0.005283254676339677,1.3691419841972923,1.2896555702578636,20.637767375641005,0.010304127925951478,-0.004251162399618202,-0.012000083923339844,0.005141103203274655,-0.003456222820576338,-0.03299999237060547
2024-03-08,-0.0012265198890629935,0.0048766203694808,1.3689524725981952,1.2903591475555145,30.28720246798423,-0.0065285190034379825,-0.0020617811998564495,-0.0029997825622558594,0.010304127925951478,-0.004251162399618202,-0.012000083923339844
2024-03-11,0.0015837752142168538,-0.0012265198890629935,1.3687893931064652,1.291019931575285,27.220299281229373,-0.001122238087346461,0.002550838109666387,0.014999866485595703,-0.0065285190034379825,-0.0020617811998564495,-0.0029997825622558594
2024-03-12,0.007549616090757616,0.0015837752142168538,1.3687078748857797,1.2916960684745586,29.741243646757084,0.011201787981366396,-0.0032168546274059517,0.051000118255615234,-0.001122238087346461,0.002550838109666387,0.014999866485595703
2024-03-13,0.004597013203495382,0.007549616090757616,1.3689483476646247,1.2923759173182088,37.18268934870846,-0.0019245297153407392,0.017300322588426065,0.03699970245361328,0.011201787981366396,-0.0032168546274059517,0.051000118255615234
2024-03-14,0.008759652253329076,0.004597013203495382,1.3695425505467294,1.2930550788907806,37.672334741852296,-0.0028710915621273925,0.003769880016271543,0.10599994659423828,-0.0019245297153407392,0.017300322588426065,0.03699970245361328
2024-03-15,-0.0003646164539466756,0.008759652253329076,1.370583648370837,1.2937993219814543,53.84903403687,-0.006482917484461503,0.0030171057121402,0.006000041961669922,-0.0028710915621273925,0.003769880016271543,0.10599994659423828
2024-03-18,0.0011999254661765545,-0.0003646164539466756,1.371558784320306,1.2945855556632453,58.315382540681014,0.006318059504952345,0.0,0.03600025177001953,-0.006482917484461503,0.0030171057121402,0.006000041961669922
2024-03-19,0.006443740121805486,0.0011999254661765545,1.3723881107988551,1.295322474709879,58.1192917591533,0.0056491496501236416,-0.01209936871590267,-0.043000221252441406,0.006318059504952345,0.0,0.03600025177001953
2024-03-20,0.016351346603798722,0.006443740121805486,1.3735419573878405,1.296064398004009,67.5096355870464,0.008904173912846591,0.019261540504121433,-0.024000167846679688,0.0056491496501236416,-0.01209936871590267,-0.043000221252441406
2024-03-21,-0.005081499118488608,0.016351346603798722,1.374956828047676,1.2968864777875881,73.99244695829077,0.0032365354015160275,0.000696415969106523,-0.0019998550415039062,0.008904173912846591,0.019261540504121433,-0.024000167846679688
2024-03-22,-0.0020749410871935825,-0.005081499118488608,1.3761287112660825,1.297672292320184,68.02271185056485,-0.0014021878490156903,-0.0008278231876673869,-0.05299997329711914,0.0032365354015160275,0.000696415969106523,-0.0019998550415039062
2024-03-25,0.0001502371119971868,-0.0020749410871935825,1.3770837254370887,1.2983852632736907,69.40929229727638,-0.0030549644525015296,-0.0010245442096208368,0.034999847412109375,-0.0014021878490156903,-0.0008278231876673869,-0.05299997329711914
2024-03-26,0.007561190109315508,0.0001502371119971868,1.3780908368459543,1.2990348270170384,78.45564757749267,-0.002799795225030266,0.01162034750594887,-0.018999576568603516,-0.0030549644525015296,-0.0010245442096208368,0.034999847412109375
2024-03-27,0.0022325857974029193,0.007561190109315508,1.3792530100829552,1.2997721110370073,86.8920286946941,0.008630626525532925,0.0027847113719448036,-0.03800010681152344,-0.002799795225030266,0.01162034750594887,-0.018999576568603516
2024-03-28,-0.0008941412702456964,0.0022325857974029193,1.3805813719131788,1.3005029324147623,86.39724517420787,0.0011164855071790214,0.0,0.009999752044677734,0.008630626525532925,0.0027847113719448036,-0.03800010681152344
2024-04-01,-0.005129053789572335,-0.0008941412702456964,1.3816625839260348,1.3012571951875986,86.77325990165328,-0.0020135845401164643,0.004954220780259755,0.1230001449584961,0.0011164855071790214,0.0,0.009999752044677734
2024-04-02,-0.004487324733785392,-0.005129053789572335,1.3825179518848068,1.3019787787257797,79.83235857291135,-0.0072390590731691296,-0.001238818266024344,0.03599977493286133,-0.0020135845401164643,0.004954220780259755,0.1230001449584961
2024-04-03,-0.01028330271324417,-0.004487324733785392,1.3835449672800888,1.3026349585330388,72.0230110201054,0.001091122364688113,-0.001361853173165395,-0.009999752044677734,-0.0072390590731691296,-0.001238818266024344,0.03599977493286133
2024-04-04,-0.009276314255402197,-0.01028330271324417,1.3839938959404798,1.3032633623997212,59.77923463901642,-0.012334336350379616,0.006597369122527397,-0.046000003814697266,0.001091122364688113,-0.001361853173165395,-0.009999752044677734
2024-04-05,0.009393402623352587,-0.009276314255402197,1.3843394646608893,1.3038668336914498,47.26430829131152,0.011099194174331695,0.0036224893435254923,0.0689997673034668,-0.012334336350379616,0.006597369122527397,-0.046000003814697266
2024-04-08,-0.006212979394297302,0.009393402623352587,1.384654560596842,1.3044712121124185,53.53393283615826,-0.00037463099831791524,-0.0017644292014378227,0.046000003814697266,0.011099194174331695,0.0036224893435254923,0.0689997673034668
2024-04-09,-0.002718729925061514,-0.006212979394297302,1.384517644380475,1.3050718986224041,49.02335771900498,0.0014454931932483817,-0.007221820864003581,-0.057999610900878906,-0.00037463099831791524,-0.0017644292014378227,0.046000003814697266
2024-04-10,-0.009256805361382004,-0.002718729925061514,1.3841115731417515,1.3056561968565856,43.441928041296435,-0.009456980649108493,-0.016233988731606197,0.1939997673034668,0.0014454931932483817,-0.007221820864003581,-0.057999610900878906
2024-04-11,0.008987341784513303,-0.009256805361382004,1.3835137941041034,1.3061353849620319,25.799661948275926,0.007444797710585593,0.0034214881983900547,0.01600027084350586,-0.009456980649108493,-0.016233988731606197,0.1939997673034668
2024-04-12,-0.009674000954951389,0.008987341784513303,1.38335649457974,1.3066304854134532,35.808594617390625,-0.01455068829580164,-0.004652418568927952,-0.07700014114379883,0.007444797710585593,0.0034214881983900547,0.01600027084350586
2024-04-15,-0.010187688094085202,-0.009674000954951389,1.3824753631960787,1.3070794279951103,32.701857685543004,-0.01202135494776202,-0.010287499181679371,0.1289997100830078,-0.01455068829580164,-0.004652418568927952,-0.07700014114379883
2024-04-16,0.0027443151487261176,-0.010187688094085202,1.3812185172721823,1.3074461995142284,29.19353273758918,-0.0020565070133361507,-0.003335774507001954,0.031000137329101562,-0.01202135494776202,-0.010287499181679371,0.1289997100830078
2024-04-17,-0.0023777649893943708,0.0027443151487261176,1.3800916158369103,1.3078736371387154,25.322894765123436,-0.005780602724641426,-0.0068383046431499395,-0.07399988174438477,-0.0020565070133361507,-0.003335774507001954,0.031000137329101562
2024-04-18,0.0004497476805983891,-0.0023777649893943708,1.3787898288562743,1.308298566148362,22.81603332675691,-0.002208160119998248,0.005841996608445976,0.06199979782104492,-0.005780602724641426,-0.0068383046431499395,-0.07399988174438477
2024-04-19,0.0008076931180514113,0.0004497476805983891,1.3774928492371101,1.30877419681338,23.417715715302393,-0.00875854812743615,0.0022142651206149555,-0.032000064849853516,-0.002208160119998248,0.005841996608445976,0.06199979782104492
2024-04-22,0.009681015495049183,0.0008076931180514113,1.3762910599548053,1.3092422207041137,25.53606848347546,0.008731248071466746,0.012334616936428455,0.008000373840332031,-0.00875854812743615,0.0022142651206149555,-0.032000064849853516
2024-04-23,0.0025769440424910474,0.009681015495049183,1.3752109288920176,1.3097625443383978,34.5114208746468,0.011964576270872662,0.0014473707295690197,-0.02500009536743164,0.008731248071466746,0.012334616936428455,0.008000373840332031
2024-04-24,0.0015744267171166949,0.0025769440424910474,1.3743755041230934,1.310256132488003,40.81127896450037,0.0002130100613548791,-0.0029975362526761806,0.053999900817871094,0.011964576270872662,0.0014473707295690197,-0.02500009536743164
2024-04-25,-0.002774718204342508,0.0015744267171166949,1.3738909991615125,1.3107519987930736,47.04071510992787,-0.004576430353515626,0.010764258552239614,0.053999900817871094,0.0002130100613548791,-0.0029975362526761806,0.053999900817871094
2024-04-26,0.0043416909237732225,-0.002774718204342508,1.3732572990374206,1.3112488346112852,38.02354000033777,0.01020914263474304,0.013352839105578163,-0.03699970245361328,-0.004576430353515626,0.010764258552239614,0.053999900817871094
2024-04-29,0.0035299311285748036,0.0043416909237732225,1.372788069075533,1.311727893827582,45.50065699189299,0.0031784486665891176,-0.00010361038281403445,-0.05500030517578125,0.01020914263474304,0.013352839105578163,-0.03699970245361328
2024-04-30,-0.013610281435854577,0.0035299311285748036,1.3726496708202214,1.3122506299499914,50.1184051704772,-0.01573051358686217,-0.01901987931314464,0.07200002670288086,0.0031784486665891176,-0.00010361038281403445,-0.05500030517578125
2024-05-01,0.0035035228740713962,-0.013610281435854577,1.3720834498946737,1.3127235307810838,47.11724585646429,-0.0034354388154940185,0.0,-0.09100008010864258,-0.01573051358686217,-0.01901987931314464,0.07200002670288086
2024-05-02,0.007772019000037822,0.0035035228740713962,1.371643264457786,1.313186527057087,42.835942718655524,0.009128437077573048,-0.0008977877773748144,-0.023999691009521484,-0.0034354388154940185,0.0,-0.09100008010864258
2024-05-03,0.008734469316557225,0.007772019000037822,1.371396363249066,1.313735030923695,55.912503861077454,0.012556739721478527,0.008084593873250556,-0.0710000991821289,0.009128437077573048,-0.0008977877773748144,-0.023999691009521484
2024-05-06,0.004465162346672091,0.008734469316557225,1.3712775006041569,1.3143099764920823,70.73978402425101,0.01032612390701182,0.0025848748313606063,-0.01100015640258789,0.012556739721478527,0.008084593873250556,-0.0710000991821289
2024-05-07,0.002475817910385958,0.004465162346672091,1.3716079909657501,1.3149082641872192,71.54292924950936,0.0013434298232750663,-0.0030485320436826058,-0.026000022888183594,0.01032612390701182,0.0025848748313606063,-0.01100015640258789
2024-05-08,0.0016456281399803928,0.002475817910385958,1.3721459840843004,1.3155446602429635,75.15931505646054,-5.835618166138978e-06,-0.0004783946078347201,0.029000282287597656,0.0013434298232750663,-0.0030485320436826058,-0.026000022888183594
2024-05-09,0.01246291129184458,0.0016456281399803928,1.3726894456624217,1.316100365213873,75.61321522208404,0.005090947698625836,0.013403376342390638,-0.043000221252441406,-5.835618166138978e-06,-0.0004783946078347201,0.029000282287597656
2024-05-10,-0.004167189012038897,0.01246291129184458,1.3737096035111478,1.3167862577404943,79.27393183611042,0.001649398844549843,-0.0022134441374456193,0.05500030517578125,0.005090947698625836,0.013403376342390638,-0.043000221252441406
2024-05-13,0.002327130006311706,-0.004167189012038897,1.3745555318856437,1.317496962122472,72.00319558830942,-0.00024130405535727206,0.0002266541182356363,-0.023000240325927734,0.001649398844549843,-0.0022134441374456193,0.05500030517578125
2024-05-14,-0.004610915754635602,0.002327130006311706,1.375400164175524,1.318302460879413,71.93777549357462,0.004837813139759728,-0.008650149226948955,-0.03599977493286133,-0.00024130405535727206,0.0002266541182356363,-0.023000240325927734
2024-05-15,0.004027625824907755,-0.004610915754635602,1.3762144626571178,1.3190484429110467,66.93401952812627,0.011715927882596233,0.0038948695766423125,-0.08900022506713867,0.004837813139759728,-0.008650149226948955,-0.03599977493286133
2024-05-16,-0.00031181690352442,0.004027625824907755,1.3773740940655566,1.319767646062648,71.04018505714862,-0.0020816677921287052,0.0001309456711442447,0.020999908447265625,0.011715927882596233,0.0038948695766423125,-0.08900022506713867
2024-05-17,-0.004501242176802489,-0.00031181690352442,1.3786675250347384,1.3204657438517666,69.05089912009639,0.0011647735102702228,0.0021041016386051936,0.043000221252441406,-0.0020816677921287052,0.0001309456711442447,0.020999908447265625
2024-05-20,-0.001064637605527874,-0.004501242176802489,1.3797033963694292,1.3211695090688869,63.36942649659125,0.0009163899374069473,-0.0032960529582665155,0.01699972152709961,0.0011647735102702228,0.0021041016386051936,0.043000221252441406
2024-05-21,-0.0009546354076948704,-0.001064637605527874,1.3807425316058268,1.32186990120253,76.02810508076587,0.002501874243978186,-0.011021542700174525,-0.02299976348876953,0.0009163899374069473,-0.0032960529582665155,0.01699972152709961
2024-05-22,-0.0010169440438464127,-0.0009546354076948704,1.38171228591436,1.3225511001371841,73.42397950549004,-0.002706123039226127,-0.005790756481567683,0.019999980926513672,0.002501874243978186,-0.011021542700174525,-0.02299976348876953
2024-05-23,-0.010847753163520935,-0.0010169440438464127,1.3824498913694878,1.3232370182783353,68.18702228807769,-0.0073807894850155265,-0.00910214168039536,0.0409998893737793,-0.002706123039226127,-0.005790756481567683,0.019999980926513672
2024-05-24,-0.0061295783375355795,-0.010847753163520935,1.3827595827580934,1.323823407744924,49.7628421528842,0.0070010425881694704,-0.009035630545497275,-0.007999897003173828,-0.0073807894850155265,-0.00910214168039536,0.0409998893737793
2024-05-27,-0.0008909266432298391,-0.0061295783375355795,1.382660706174084,1.3243339016667273,40.508490989193035,0.0,0.0007174801150928722,0.0,0.0070010425881694704,-0.009035630545497275,-0.007999897003173828
2024-05-28,-0.0011974994261499173,-0.0008909266432298391,1.3825474166457041,1.3248333181540204,37.2019491297778,0.0002488018529340774,-0.004831664158554627,0.07499980926513672,0.0,0.0007174801150928722,0.0
2024-05-29,-0.002629022228329392,-0.0011974994261499173,1.3823682323876019,1.3254113874766533,34.51174623936572,-0.007367046509680453,0.0005017927286701251,0.0820002555847168,0.0002488018529340774,-0.004831664158554627,0.07499980926513672
2024-05-30,-0.0017987289183003185,-0.002629022228329392,1.3819393353877476,1.325996795403195,14.289855231871258,-0.005975035585443322,0.0025341654948241032,-0.07000017166137695,-0.007367046509680453,0.0005017927286701251,0.0820002555847168
2024-05-31,0.0022413291929312185,-0.0017987289183003185,1.3810074916772368,1.3265622580603962,15.119054736591934,0.00802787620486467,-0.003131206883715265,-0.039999961853027344,-0.005975035585443322,0.0025341654948241032,-0.07000017166137695
2024-06-03,-0.0213831335573077,0.0022413291929312185,1.3802801125888806,1.327125134372353,14.81170258423586,0.0011160825806737495,-0.061104277714281285,-0.1119999885559082,0.00802787620486467,-0.003131206883715265,-0.039999961853027344
2024-06-04,0.029990753950031833,-0.0213831335573077,1.3790264332713358,1.3274825878872922,10.67931393213047,0.0015028090913065117,0.03239045828638787,-0.06599998474121094,0.0011160825806737495,-0.061104277714281285,-0.1119999885559082
2024-06-05,0.017795009810416585,0.029990753950031833,1.378570844447518,1.3281269707572674,37.2316728221123,0.011847649793331305,0.01729232279791315,-0.04699993133544922,0.0015028090913065117,0.03239045828638787,-0.06599998474121094
2024-06-06,0.003124366783217014,0.017795009810416585,1.3783937915179396,1.3288620981024162,48.337559739457895,-0.00019981663563317653,0.0012265696304232243,-0.007999897003173828,0.011847649793331305,0.01729232279791315,-0.04699993133544922
2024-06-07,-0.01499982269498632,0.003124366783217014,1.3782413525215245,1.3296114761622977,52.193586086909,-0.0011152197300303701,-0.027533138833182647,0.14899969100952148,-0.00019981663563317653,0.0012265696304232243,-0.007999897003173828
2024-06-10,0.005559698962970094,-0.01499982269498632,1.3776922323672747,1.3301904729733312,45.70359329836077,0.0025808546645145203,0.0027418867478226083,0.03900003433227539,-0.0011152197300303701,-0.027533138833182647,0.14899969100952148
2024-06-11,0.006509448867643586,0.005559698962970094,1.3774421116210565,1.3307942312206111,48.62507021561614,0.0027103813151374556,0.00021611279337729883,-0.06500005722045898,0.0025808546645145203,0.0027418867478226083,0.03900003433227539
2024-06-12,-0.0005862951207283751,0.006509448867643586,1.3774995255187739,1.3315027483712445,51.7411130437717,0.008503672791998707,-0.0029767718283919553,-0.10899972915649414,0.0027103813151374556,0.00021611279337729883,-0.06500005722045898
2024-06-13,-0.004570829601965354,-0.0005862951207283751,1.3778283036447883,1.332210279752727,56.45055721514182,0.0023446558536817097,-0.01321812959137958,-0.057000160217285156,0.008503672791998707,-0.0029767718283919553,-0.10899972915649414
2024-06-14,-0.0034820473030782286,-0.004570829601965354,1.3782859208646057,1.3329006834203978,57.19928531168912,-0.000393860697500914,-0.0010082520796086403,-0.02500009536743164,0.0023446558536817097,-0.01321812959137958,-0.057000160217285156
2024-06-17,0.005630680894634111,-0.0034820473030782286,1.3783886031884776,1.333568772079428,55.89135567989527,0.007664386564552705,0.0033368057755387426,0.06599998474121094,-0.000393860697500914,-0.0010082520796086403,-0.02500009536743164
2024-06-18,0.005512602988319681,0.005630680894634111,1.3788199427936692,1.3343008886409822,58.53798599548297,0.0025213273947457537,0.015154450869309999,-0.06199979782104492,0.007664386564552705,0.0033368057755387426,0.06599998474121094
2024-06-19,0.002096221295662737,0.005512602988319681,1.3794802582294006,1.3351051053888456,61.67160847588057,0.0,0.002483887739994861,0.0,0.0025213273947457537,0.015154450869309999,-0.06199979782104492
2024-06-20,-0.003400672685373929,0.002096221295662737,1.3804536423834304,1.335916903527543,63.22991995331041,-0.0025259318472709014,0.00018116176925531136,0.037000179290771484,0.0,0.002483887739994861,0.0
2024-06-21,-0.0002035698000237396,-0.003400672685373929,1.3810867656316697,1.3366511657444518,60.807936566890774,-0.001562130321101196,-0.010210018767684459,0.0029997825622558594,-0.0025259318472709014,0.00018116176925531136,0.037000179290771484
2024-06-24,-0.0029713541941511212,-0.0002035698000237396,1.3819796683174996,1.337466419162837,73.15543822452165,-0.003065171894990004,-0.005220641688057026,-0.008999824523925781,-0.001562130321101196,-0.010210018767684459,0.0029997825622558594
2024-06-25,0.0037130694208080462,-0.0029713541941511212,1.3830660484182287,1.3382632878909215,60.18904879633079,0.003933590015736899,0.001735585110953064,-0.010000228881835938,-0.003065171894990004,-0.005220641688057026,-0.008999824523925781
2024-06-26,0.0030796086064773464,0.0037130694208080462,1.3841825235650058,1.3390643929711408,51.37471315167132,0.0015724312002203256,-0.002586094806000916,0.07800006866455078,0.003933590015736899,0.001735585110953064,-0.010000228881835938
2024-06-27,0.0061489632075562685,0.0030796086064773464,1.3854496531360274,1.3399577464560029,51.343838096331545,0.0009073212238914774,-0.00299326725189919,-0.0279998779296875,0.0015724312002203256,-0.002586094806000916,0.07800006866455078
2024-06-28,-0.007747334822877783,0.0061489632075562685,1.386877948640089,1.3408434424092477,71.46969115895358,-0.004083652583445674,0.002467142477160733,0.05499982833862305,0.0009073212238914774,-0.00299326725189919,-0.0279998779296875
2024-07-01,0.01003708202561343,-0.007747334822877783,1.3880648465395842,1.341656586021091,58.59729458821877,0.0026755639309195,0.008465847700255713,0.1360001564025879,-0.004083652583445674,0.002467142477160733,0.05499982833862305
2024-07-02,-0.0065088834798390895,0.01003708202561343,1.389273251765304,1.3425623202435724,61.11305539389726,0.006195317856513505,-0.0177006027937342,-0.043000221252441406,0.0026755639309195,0.008465847700255713,0.1360001564025879
2024-07-03,0.002431818061739699,-0.0065088834798390895,1.3902266007735744,1.3434826635408736,55.48732474186933,0.005084444409779065,0.016331194270700955,-0.08099985122680664,0.006195317856513505,-0.0177006027937342,-0.043000221252441406
2024-07-04,-0.005006932640950801,0.002431818061739699,1.3912056546250549,1.3443923988430964,61.22667188080065,0.0,-0.002678412289932597,0.0,0.005084444409779065,0.016331194270700955,-0.08099985122680664
2024-07-05,0.0050870611578591185,-0.005006932640950801,1.3921188239860538,1.3452479601274094,59.72475897242444,0.005448765178485582,-0.006109435250580053,-0.08300018310546875,0.0,-0.002678412289932597,0.0
2024-07-08,0.0030120864757193777,0.0050870611578591185,1.3930569451529227,1.3462100425750985,59.42713283885122,0.0010166989647510949,0.01097834046873225,-0.0029997825622558594,0.005448765178485582,-0.006109435250580053,-0.08300018310546875
2024-07-09,0.0027422567315343316,0.0030120864757193777,1.3939837228943868,1.3472149644348186,57.814585130487494,0.0007410719362856977,0.008016172624948359,0.031000137329101562,0.0010166989647510949,0.01097834046873225,-0.0029997825622558594
2024-07-10,0.009432051634302208,0.0027422567315343316,1.3953620553033144,1.3482456746446119,58.26973759376516,0.010208065293514812,0.01777682657870905,-0.019999980926513672,0.0007410719362856977,0.008016172624948359,0.031000137329101562
2024-07-11,-0.005169442152290582,0.009432051634302208,1.3969139600641935,1.3493353250560545,66.99000944703492,-0.008763028841120457,0.002629168310166685,-0.08700037002563477,0.010208065293514812,0.01777682657870905,-0.019999980926513672
2024-07-12,0.010799157973573836,-0.005169442152290582,1.398106099967007,1.3503514467236508,62.363264436358776,0.0055170270744306915,0.009748149302948539,-0.0039997100830078125,-0.008763028841120457,0.002629168310166685,-0.08700037002563477
2024-07-15,-0.004881743051328058,0.010799157973573836,1.3993676673154907,1.3515174942428636,69.69831315620566,0.0028262026252154904,-0.011666693678332063,0.039999961853027344,0.0055170270744306915,0.009748149302948539,-0.0039997100830078125
2024-07-16,0.0015984829556272783,-0.004881743051328058,1.4003648212268935,1.3526064750882079,64.12802008885113,0.006389375498743188,0.0012189412889318518,-0.062000274658203125,0.0028262026252154904,-0.011666693678332063,0.039999961853027344
2024-07-17,-0.006677783815665661,0.0015984829556272783,1.401339220087566,1.3537575918788185,63.49260706034662,-0.013927543241993745,-0.01164823874920562,-0.020999908447265625,0.006389375498743188,0.0012189412889318518,-0.062000274658203125
2024-07-18,-0.01093028905014748,-0.006677783815665661,1.4020755376359546,1.3548322030227036,55.46382557251471,-0.007816403936922511,-0.013057663156829769,0.043000221252441406,-0.013927543241993745,-0.01164823874920562,-0.020999908447265625
2024-07-19,0.005155158085427225,-0.01093028905014748,1.4021518888872913,1.3558846688869972,53.3160049381833,-0.007140265531926926,0.011981213944347147,0.04999971389770508,-0.007816403936922511,-0.013057663156829769,0.043000221252441406
2024-07-22,0.003629499488461874,0.005155158085427225,1.4024916652725563,1.356898028617659,50.502286503192835,0.01079203564940956,0.006117947115862776,0.021000385284423828,-0.007140265531926926,0.011981213944347147,0.04999971389770508
2024-07-23,0.0017877032064487542,0.003629499488461874,1.402869268311738,1.3579640068722125,57.12023187564668,-0.001558102589770738,-0.005539726823211022,-0.021000385284423828,0.01079203564940956,0.006117947115862776,0.021000385284423828
2024-07-24,-0.018695409363053604,0.0017877032064487542,1.4034277505105044,1.3590798180356334,56.77121863216367,-0.02314909375473495,-0.010041907223419355,0.04699993133544922,-0.001558102589770738,-0.005539726823211022,-0.021000385284423828
2024-07-25,-0.00452709511181274,-0.018695409363053604,1.4033387942320337,1.3601256015558512,48.054428282270294,-0.005142620237842288,-0.00444886468872896,-0.029999732971191406,-0.02314909375473495,-0.010041907223419355,0.04699993133544922
2024-07-26,0.0030588197062588083,-0.00452709511181274,1.4031315973607963,1.3610823408844757,42.72695945042543,0.011090468702846357,-0.0021214622953931173,-0.0560002326965332,-0.005142620237842288,-0.00444886468872896,-0.029999732971191406
2024-07-29,0.002552569190552445,0.0030588197062588083,1.4031364860172522,1.3620561119947292,42.73127024828379,0.0008133101292933098,-0.005751596013906957,-0.021999835968017578,0.011090468702846357,-0.0021214622953931173,-0.0560002326965332
2024-07-30,-0.010822198490783152,0.002552569190552445,1.4032427072539608,1.3630669106108002,42.5883848738299,-0.004960171878030217,-0.003624803258544307,-0.034999847412109375,0.0008133101292933098,-0.005751596013906957,-0.021999835968017578
2024-07-31,0.007364870879972696,-0.010822198490783152,1.4030716769274791,1.3640367207812705,31.56126625840743,0.0157933986591674,0.015507146233591618,-0.03399991989135742,-0.004960171878030217,-0.003624803258544307,-0.034999847412109375
2024-08-01,-0.0023862482393051444,0.007364870879972696,1.4031336927323692,1.3651392138706584,38.67430838939886,-0.013693502993456064,-0.01353786520077771,-0.13300013542175293,0.0157933986591674,0.015507146233591618,-0.03399991989135742
2024-08-02,-0.0031747874593652916,-0.0023862482393051444,1.4034318534175187,1.3661984341153917,29.657819725562575,-0.018381860868696753,-0.00334051848608774,-0.18400001525878906,-0.013693502993456064,-0.01353786520077771,-0.13300013542175293
2024-08-05,-0.019321406082395944,-0.0031747874593652916,1.4038106868101647,1.367214837262943,30.323783030448297,-0.02996879838863975,-0.008918017273602086,-0.006999969482421875,-0.018381860868696753,-0.00334051848608774,-0.18400001525878906
2024-08-06,0.009385038072345753,-0.019321406082395944,1.403676221556173,1.3680440802353036,23.4186657231037,0.010354085880061037,0.012035357209652542,0.10299992561340332,-0.02996879838863975,-0.008918017273602086,-0.006999969482421875
2024-08-07,0.005385491861270697,0.009385038072345753,1.403830761981991,1.3688980442085912,31.767257159379056,-0.007734647858502863,0.005367777160277809,0.07999992370605469,0.010354085880061037,0.012035357209652542,0.10299992561340332
2024-08-08,0.00704695742454946,0.005385491861270697,1.4042057009547588,1.3697490868745212,39.12760276258253,0.023042611519136447,0.0037139143323858814,0.029000043869018555,-0.007734647858502863,0.005367777160277809,0.07999992370605469
2024-08-09,0.004638535862310944,0.00704695742454946,1.4048249821292493,1.3706028348995156,40.21036892619522,0.004671676849538509,0.0033093739789102905,-0.05500006675720215,0.023042611519136447,0.0037139143323858814,0.029000043869018555
2024-08-12,-0.003283640679034627,0.004638535862310944,1.4055125194499851,1.371479418637792,40.76921176356434,4.303397765514916e-05,-0.0002108798386946109,-0.03299999237060547,0.004671676849538509,0.0033093739789102905,-0.05500006675720215
2024-08-13,0.012144867266913818,-0.003283640679034627,1.4066925675842472,1.3722218552428729,38.385299977970064,0.016847579753558328,0.011950291383402867,-0.056999921798706055,4.303397765514916e-05,-0.0002108798386946109,-0.03299999237060547
2024-08-14,0.0017098943509276988,0.012144867266913818,1.4074095428553508,1.3730124331616946,54.03837072394488,0.0038237284285767004,0.0008337339103583474,-0.032000064849853516,0.016847579753558328,0.011950291383402867,-0.056999921798706055
2024-08-15,0.006418662964606181,0.0017098943509276988,1.4076845379192864,1.3737434223897447,57.577180201445394,0.016133247764330783,0.010163502156878224,0.10600018501281738,0.0038237284285767004,0.0008337339103583474,-0.032000064849853516
2024-08-16,0.000584784603955435,0.006418662964606181,1.4080536837435889,1.374466894173016,59.111456158647606,0.001989779357261412,-0.0033380795316956258,-0.03400015830993652,0.016133247764330783,0.010163502156878224,0.10600018501281738
2024-08-19,0.003078028545402811,0.000584784603955435,1.4088614676669096,1.3751998832339303,58.25189442186869,0.009722284736913167,0.000386408587139897,-0.02499985694885254,0.001989779357261412,-0.0033380795316956258,-0.03400015830993652
2024-08-20,0.0034439955473486326,0.003078028545402811,1.4096029714415872,1.3759520302207207,67.18356429729255,-0.0019845553982971165,-0.002100023406593654,-0.04900002479553223,0.009722284736913167,0.000386408587139897,-0.02499985694885254
2024-08-21,-0.0062684143868181556,0.0034439955473486326,1.4102616136704151,1.3767350785987729,65.66084287604129,0.004239676828782013,-0.002339797149571443,-0.039999961853027344,-0.0019845553982971165,-0.002100023406593654,-0.04900002479553223
2024-08-22,-0.009870382415766054,-0.0062684143868181556,1.410756771017927,1.3773950714611167,62.565111899830924,-0.008932805548120926,-0.010183495679389587,0.0839998722076416,0.004239676828782013,-0.002339797149571443,-0.039999961853027344
2024-08-23,0.000835905235908041,-0.009870382415766054,1.411098501030725,1.3779936492628666,57.91013665462774,0.01148337085011919,0.003277102621909167,-0.05500006675720215,-0.008932805548120926,-0.010183495679389587,0.0839998722076416
2024-08-26,0.0012650769398574236,0.000835905235908041,1.4115609903989688,1.3784838012516432,73.37086586138591,-0.0031537266931381813,-0.005975093904660778,0.01100015640258789,0.01148337085011919,0.003277102621909167,-0.05500006675720215
2024-08-27,-0.004442380807679757,0.0012650769398574236,1.4119026857691537,1.3789885964804802,70.21223168454459,0.0015951960865450143,-0.013108573372255239,0.014999866485595703,-0.0031537266931381813,-0.005975093904660778,0.01100015640258789
2024-08-28,-0.0024690755505644814,-0.004442380807679757,1.4119645212973313,1.3794663875116249,62.994809882464715,-0.00597597320797616,-0.0006562735350476023,0.00800013542175293,0.0015951960865450143,-0.013108573372255239,0.014999866485595703
2024-08-29,0.007712012734158058,-0.0024690755505644814,1.4118978545335152,1.3799260923178238,56.207235707901646,-3.937906806072977e-05,0.013331265488814692,0.026000022888183594,-0.00597597320797616,-0.0006562735350476023,0.00800013542175293
2024-08-30,0.004831610635751249,0.007712012734158058,1.4121437526758287,1.380417991660294,58.336171343653746,0.010093051774424433,-0.004242855590743999,0.04399991035461426,-3.937906806072977e-05,0.013331265488814692,0.026000022888183594
2024-09-02,0.004500508352852084,0.004831610635751249,1.4125322132460902,1.3809858616105999,64.34562481340598,0.0,-0.007939771395768513,0.0,0.010093051774424433,-0.004242855590743999,0.04399991035461426
2024-09-03,-0.012025518397235124,0.004500508352852084,1.4131321692129775,1.3815225797282147,59.72970317693799,-0.02115107439771169,-0.017220400935981095,-0.06699991226196289,0.0,-0.007939771395768513,0.0
2024-09-04,-0.0006111132350134941,-0.012025518397235124,1.4132844158438425,1.3819686051319482,48.05939994033024,-0.0016025435809103872,0.004302223414865525,-0.07600021362304688,-0.02115107439771169,-0.017220400935981095,-0.06699991226196289
2024-09-05,-0.0027560170280787498,-0.0006111132350134941,1.4133328892705597,1.382421966008208,42.229769496619625,-0.003018017615584734,-0.002893006338874571,-0.03699994087219238,-0.0016025435809103872,0.004302223414865525,-0.07600021362304688
2024-09-06,-0.009592756543015678,-0.0027560170280787498,1.4131302990247985,1.3828717531028047,39.89944246620381,-0.01726024985928465,-0.01118897594987922,-0.020999908447265625,-0.003018017615584734,-0.002893006338874571,-0.03699994087219238
2024-09-09,0.009042149221901042,-0.009592756543015678,1.4128773309804716,1.3832284831545354,31.895528921817913,0.0115800702824842,0.001029871393777304,-0.013000011444091797,-0.01726024985928465,-0.01118897594987922,-0.020999908447265625
2024-09-10,-0.0034912259715895845,0.009042149221901042,1.4125940858724346,1.3836601937237398,36.7403611510917,0.004472672652839682,-0.003186429216973208,-0.051000118255615234,0.0115800702824842,0.001029871393777304,-0.013000011444091797
2024-09-11,0.005084489078103993,-0.0034912259715895845,1.4123975751865019,1.3839992444985407,38.185778672401646,0.010665025888896507,0.004368035351973276,0.0070002079010009766,0.004472672652839682,-0.003186429216973208,-0.051000118255615234
2024-09-12,0.0073783591605071416,0.005084489078103993,1.4122749493416618,1.3844138910771375,48.279150629707,0.007495302358939249,0.015703814593416965,0.026999950408935547,0.010665025888896507,0.004368035351973276,0.0070002079010009766
2024-09-13,0.0012103748854850327,0.0073783591605071416,1.4125019015229616,1.3848970458797647,52.770059503833345,0.005407711405364557,0.000329253509502081,-0.029999971389770508,0.007495302358939249,0.015703814593416965,0.026999950408935547
2024-09-16,-0.0006797818087235452,0.0012103748854850327,1.4126199740176764,1.3853507509411345,52.738797036943055,0.0012566297656613212,0.0,-0.029000043869018555,0.005407711405364557,0.000329253509502081,-0.029999971389770508
2024-09-17,0.0003325711059183889,-0.0006797818087235452,1.4126334869122579,1.3858186350437447,55.52450757762395,0.00026455008109871336,0.0049345487046941194,0.020999908447265625,0.0012566297656613212,0.0,-0.029000043869018555
2024-09-18,-0.00043913793543840505,0.0003325711059183889,1.412578605141901,1.3862526344800876,57.71587725546572,-0.002896455862498093,0.005918088325054471,0.042999982833862305,0.00026455008109871336,0.0049345487046941194,0.020999908447265625
2024-09-19,0.008327235019460411,-0.00043913793543840505,1.4122427844383203,1.386687784565595,52.06746744329303,0.01697685316676334,0.0063737164982073935,0.05500006675720215,-0.002896455862498093,0.005918088325054471,0.042999982833862305
2024-09-20,-0.004038907353872401,0.008327235019460411,1.4122919457014707,1.3871921398603735,54.64868341075545,-0.0019410273951238066,-0.013748782204319854,-0.012000083923339844,0.01697685316676334,0.0063737164982073935,0.05500006675720215
2024-09-23,0.0019204537044557935,-0.004038907353872401,1.4119167938513264,1.3876447137615373,48.0473789778199,0.0028092730585327352,0.004440614656513242,0.01100015640258789,-0.0019410273951238066,-0.013748782204319854,-0.012000083923339844
2024-09-24,0.006583181690930607,0.0019204537044557935,1.411737447514681,1.38802786335973,60.55377840235245,0.0025111788443470395,0.023495962360320366,-0.003000020980834961,0.0028092730585327352,0.004440614656513242,0.01100015640258789
2024-09-25,-0.003912123923141586,0.006583181690930607,1.4117002331101112,1.3884791068890001,65.47764608656948,-0.0018612489301417234,-0.008629738127239106,0.04499983787536621,0.0025111788443470395,0.023495962360320366,-0.003000020980834961
2024-09-26,-0.0008154877422606455,-0.003912123923141586,1.411742805511035,1.3889208334979495,64.181564092987,0.00403867571712313,0.007512368106698197,0.009999990463256836,-0.0018612489301417234,-0.008629738127239106,0.04499983787536621
2024-09-27,-0.005057302477503789,-0.0008154877422606455,1.4120746686380266,1.3892826687016693,74.68592580028533,-0.0012532169669905446,-0.015158420992285815,-0.04199981689453125,0.00403867571712313,0.007512368106698197,0.009999990463256836
2024-09-30,0.0007105726891972308,-0.005057302477503789,1.4121159274721073,1.3895951014167718,62.40375655308142,0.004236552581176722,-0.005700672893001801,0.05299997329711914,-0.0012532169669905446,-0.015158420992285815,-0.04199981689453125
2024-10-01,-0.0060926006242559725,0.0007105726891972308,1.4120742090507603,1.3899825628587958,67.61595618031379,-0.009324107094664358,0.0,-0.05900001525878906,0.004236552581176722,-0.005700672893001801,0.05299997329711914
2024-10-02,-0.009542433782768634,-0.0060926006242559725,1.4118078364116355,1.390272934596762,55.52654695064537,0.00013839090212397487,-0.0052906803678286485,0.04200005531311035,-0.009324107094664358,0.0,-0.05900001525878906
2024-10-03,-0.010143557965220974,-0.009542433782768634,1.4118057037927796,1.3905033387664372,38.389967010777966,-0.001681413492255035,-0.010059856561865477,0.06499981880187988,0.00013839090212397487,-0.0052906803678286485,0.04200005531311035
2024-10-04,0.012520318063977387,-0.010143557965220974,1.4116460113480418,1.390646779485217,30.559846031424698,0.008970249395274354,0.018100442659366944,0.13100004196166992,-0.001681413492255035,-0.010059856561865477,0.06499981880187988
2024-10-07,-0.012669959440504952,0.012520318063977387,1.4117485795977782,1.3908852336456636,42.96462208688194,-0.009586022165882668,-0.010834468668137753,0.04500007629394531,0.008970249395274354,0.018100442659366944,0.13100004196166992
2024-10-08,0.0018809377082312563,-0.012669959440504952,1.4114233818644937,1.3910495034576866,36.195389130454195,0.009689347495581924,-0.005288838403426754,0.006999969482421875,-0.009586022165882668,-0.010834468668137753,0.04500007629394531
2024-10-09,0.002497414029582945,0.0018809377082312563,1.4114543653332268,1.3912365507652114,37.78468896485662,0.007113411987488272,0.002018752544947322,0.03399991989135742,0.009689347495581924,-0.005288838403426754,0.006999969482421875
2024-10-10,0.0019385393723903132,0.002497414029582945,1.4113501934880028,1.3914705313136213,33.09094412156051,-0.002070122839989974,0.010066649094400804,0.029000282287597656,0.007113411987488272,0.002018752544947322,0.03399991989135742
2024-10-11,0.0034889375666177004,0.0019385393723903132,1.4113668603303235,1.391775211763166,36.54991263175947,0.006051847587953629,8.343168927926747e-05,-0.023000240325927734,-0.002070122839989974,0.010066649094400804,0.029000282287597656
2024-10-14,-0.001234417469973359,0.0034889375666177004,1.411569642265522,1.392156170905152,37.78467428541179,0.0077076668832223305,-0.00754013426535427,0.02500009536743164,0.006051847587953629,8.343168927926747e-05,-0.023000240325927734
2024-10-15,0.00840011634797081,-0.001234417469973359,1.4122755749052323,1.3925144993568537,31.410921055018648,-0.007609466332438197,0.0072535986107729045,-0.059999942779541016,0.0077076668832223305,-0.00754013426535427,0.02500009536743164
2024-10-16,-0.0012863309092849828,0.00840011634797081,1.4129605545535895,1.3928869149305094,40.49975764617081,0.004679145956573816,0.0020207011680166698,-0.02200031280517578,-0.007609466332438197,0.0072535986107729045,-0.059999942779541016
2024-10-17,-0.00311429798343531,-0.0012863309092849828,1.4134608402334339,1.393286958490945,40.25864629233842,-0.00017116047891174713,-0.0003803269874299575,0.08000040054321289,0.004679145956573816,0.0020207011680166698,-0.02200031280517578
2024-10-18,0.008617968513185859,-0.00311429798343531,1.4136781113193067,1.3936168532933673,41.339937228223725,0.00397155273894878,0.010745756530729622,-0.023000240325927734,-0.00017116047891174713,-0.0003803269874299575,0.08000040054321289
2024-10-21,-0.0033625886178934583,0.008617968513185859,1.4140082578826552,1.3939824002969008,46.90135923358089,-0.0018227694906369774,-0.004009275861103667,0.10900020599365234,0.00397155273894878,0.010745756530729622,-0.023000240325927734
2024-10-22,-0.001380930316229012,-0.0033625886178934583,1.4143350818953553,1.3942844520470066,48.523529653839994,-0.0004748538883844189,-0.008447040122645522,0.021999835968017578,-0.0018227694906369774,-0.004009275861103667,0.10900020599365234
2024-10-23,-0.011975152022378876,-0.001380930316229012,1.4142836580042693,1.3945887205382732,54.04529869092966,-0.009191323428069387,-0.004326296760834514,0.03800010681152344,-0.0004748538883844189,-0.008447040122645522,0.021999835968017578
2024-10-24,-0.005880784735329303,-0.011975152022378876,1.413845962962351,1.394794325620633,52.66274592677354,0.002145772011323821,-0.006646646766631292,-0.04200029373168945,-0.009191323428069387,-0.004326296760834514,0.03800010681152344
2024-10-25,-0.005265193854208539,-0.005880784735329303,1.4130625323528279,1.3949847351327802,39.46901236221147,-0.00029944716993013376,-0.00021682300673853128,0.032000064849853516,0.002145772011323821,-0.006646646766631292,-0.04200029373168945
2024-10-28,0.007813972592611884,-0.005265193854208539,1.4121164970488023,1.395083195252255,44.37612845519385,0.0026514435020339455,0.0006174195438592989,0.046000003814697266,-0.00029944716993013376,-0.00021682300673853128,0.032000064849853516
2024-10-29,-0.010206081148752155,0.007813972592611884,1.4112981270175498,1.39521529049125,49.27097704720055,0.001614127248163344,-0.012544541176224056,-0.0039997100830078125,0.0026514435020339455,0.0006174195438592989,0.046000003814697266
2024-10-30,-0.006129251173482564,-0.010206081148752155,1.410097644286727,1.3953509376890012,40.81423149818746,-0.003300233889343751,-0.005649242627248641,-0.008000373840332031,0.001614127248163344,-0.012544541176224056,-0.0039997100830078125
2024-10-31,-0.014066162117071613,-0.006129251173482564,1.4089085141366668,1.3953718711849654,36.19805206372767,-0.018614700871699585,-0.004249198802908971,0.018000125885009766,-0.003300233889343751,-0.005649242627248641,-0.008000373840332031
2024-11-01,0.008489083326157198,-0.014066162117071613,1.4076164303723389,1.39533507923214,28.047192263748215,0.004092509543626166,-0.0007631139831056899,0.07700014114379883,-0.018614700871699585,-0.004249198802908971,0.018000125885009766
2024-11-04,0.004368047367772443,0.008489083326157198,1.4065295219989324,1.3952834190458052,34.58909565040054,-0.002812083478299976,0.0051389994484283275,-0.05200004577636719,0.004092509543626166,-0.0007631139831056899,0.07700014114379883
2024-11-05,-9.548812171088495e-05,0.004368047367772443,1.4055255744967292,1.3951914618600068,31.598955785102802,0.012265644545291332,-0.0010028458620613412,-0.019999980926513672,-0.002812083478299976,0.0051389994484283275,-0.05200004577636719
2024-11-06,0.0051265597003338995,-9.548812171088495e-05,1.4046447475341501,1.3950502750506584,32.02262530207119,0.025295927786425976,0.01772422633690174,0.13700008392333984,0.012265644545291332,-0.0010028458620613412,-0.019999980926513672
2024-11-07,0.01129645028811881,0.0051265597003338995,1.403973419759751,1.3949596776952,36.824427579919956,0.007431229727488331,0.011184799195983475,-0.08500003814697266,0.025295927786425976,0.01772422633690174,0.13700008392333984
2024-11-08,0.00021138446903228302,0.01129645028811881,1.4033952541978525,1.3949955667712728,38.446965446714835,0.0037568333092317108,-0.008906454745335024,-0.034999847412109375,0.007431229727488331,0.011184799195983475,-0.08500003814697266
2024-11-11,-0.00730296665605693,0.00021138446903228302,1.402686106773284,1.3949183378832382,40.029259638527144,0.0009690634297987444,-0.007633154123862229,0.0019998550415039062,0.0037568333092317108,-0.008906454745335024,-0.034999847412109375
2024-11-12,-0.004063907399080991,-0.00730296665605693,1.4016462106309577,1.3947657363835868,37.61072612416461,-0.00289265965137242,-0.006857006280590716,0.12400007247924805,0.0009690634297987444,-0.007633154123862229,0.0019998550415039062
2024-11-13,0.0023531623977162907,-0.004063907399080991,1.4008381482115806,1.3945991758643348,41.034426864494854,0.00023222772482434095,-0.006830423966839749,0.01900005340576172,-0.00289265965137242,-0.006857006280590716,0.12400007247924805
2024-11-14,-0.006273953411037758,0.0023531623977162907,1.4001119083484397,1.3944210699028254,45.455285612702696,-0.006049734794859041,-0.0038291505768472955,-0.03299999237060547,0.00023222772482434095,-0.006830423966839749,0.01900005340576172
2024-11-15,-0.005805823438862756,-0.006273953411037758,1.3992909237516487,1.3941980051634115,44.953483564748026,-0.013203489851361216,-0.0016598351044500026,0.009999752044677734,-0.006049734794859041,-0.0038291505768472955,-0.03299999237060547
2024-11-18,0.001984292865517834,-0.005805823438862756,1.398581305169488,1.3939536356610873,36.88170736916561,0.003917814394541086,0.0,-0.01399993896484375,-0.013203489851361216,-0.0016598351044500026,0.009999752044677734
2024-11-19,-0.0038342418099919897,0.001984292865517834,1.397673510595996,1.393687944281438,43.41073978143737,0.003963584828470035,-0.004894054766788614,-0.034999847412109375,0.003917814394541086,0.0,-0.01399993896484375
2024-11-20,-0.003530972819302991,-0.0038342418099919897,1.3967595472240384,1.393439806826802,44.76415651664215,2.195086225209586e-05,-0.001065650644236027,0.026999950408935547,0.003963584828470035,-0.004894054766788614,-0.034999847412109375
2024-11-21,-0.004166083657852493,-0.003530972819302991,1.3956072925130232,1.393244723910313,52.06543128876498,0.0053404615405816536,0.00011484647206816412,0.026000022888183594,2.195086225209586e-05,-0.001065650644236027,0.026999950408935547
2024-11-22,0.009304857838516223,-0.004166083657852493,1.3941345656385302,1.3930031475462417,41.8915006777971,0.003467959094991535,0.0050898004065176305,-0.02200031280517578,0.0053404615405816536,0.00011484647206816412,0.026000022888183594
2024-11-25,0.0007715559592109012,0.009304857838516223,1.392877885594293,1.3928357184601063,46.17647734779259,0.003020480305938378,-0.0044187935245972865,-0.14499998092651367,0.003467959094991535,0.0050898004065176305,-0.02200031280517578
2024-11-26,0.00827387406634147,0.0007715559592109012,1.3916614799623301,1.392732090147299,46.86841292821536,0.005722005647630368,-0.009666508416142583,0.037000179290771484,0.003020480305938378,-0.0044187935245972865,-0.14499998092651367
2024-11-27,-0.005038644838069217,0.00827387406634147,1.3906605319039453,1.3926711605609585,49.258321250915195,-0.003801238017440034,0.0013267557005007813,-0.059999942779541016,0.005722005647630368,-0.009666508416142583,0.037000179290771484
2024-11-28,-0.0012520937422397017,-0.005038644838069217,1.3895339642272424,1.3925834932968855,36.13947013377087,0.0,0.003082063399981294,0.0,-0.003801238017440034,0.0013267557005007813,-0.059999942779541016
2024-11-29,0.001867294800165753,-0.0012520937422397017,1.3881367965335616,1.3924828013627764,35.21798958581478,0.005607785488815242,-0.0025756034529621497,-0.06400012969970703,0.0,0.003082063399981294,0.0
2024-12-02,0.005265125858060238,0.001867294800165753,1.3869061265057896,1.3923670220691908,41.763706167318844,0.0024484564662998753,0.01207587556998746,0.018000125885009766,0.005607785488815242,-0.0025756034529621497,-0.06400012969970703
2024-12-03,0.0042463916470242835,0.005265125858060238,1.385764354832303,1.392368653634907,49.78749540097993,0.0004514491145146682,0.00820972959302435,0.026999950408935547,0.0024484564662998753,0.01207587556998746,0.018000125885009766
2024-12-04,0.0052300302276236275,0.0042463916470242835,1.3845509699520369,1.3924341018085034,51.34158903031315,0.006051417924264779,0.008297428608690982,-0.043000221252441406,0.0004514491145146682,0.00820972959302435,0.026999950408935547
2024-12-05,0.01353203538245471,0.0052300302276236275,1.383594160500771,1.3925254873275454,60.96550470195803,-0.0018697756269248078,0.009893483579852314,0.0,0.006051417924264779,0.008297428608690982,-0.043000221252441406
2024-12-06,-0.002536292362996395,0.01353203538245471,1.3830354131943239,1.3927428935576973,73.99535071171326,0.0024954538421815275,-0.00788377079690028,-0.028999805450439453,-0.0018697756269248078,0.009893483579852314,0.0
2024-12-09,0.002038356284474729,-0.002536292362996395,1.3825502428551102,1.3929283418713545,70.45209518293217,-0.006144213927296471,0.016395298301833172,0.04799985885620117,0.0024954538421815275,-0.00788377079690028,-0.028999805450439453
2024-12-10,-0.0036441887691430973,0.002038356284474729,1.3821018970090746,1.393111384636774,75.37892233567025,-0.002963883313944371,-0.015585128271376258,0.02200031280517578,-0.006144213927296471,0.016395298301833172,0.04799985885620117
2024-12-11,0.0017537647108206821,-0.0036441887691430973,1.3817249619548082,1.3932937528835163,75.11429019531417,0.008165786048233592,-0.0018115071532711635,0.04999971389770508,-0.002963883313944371,-0.015585128271376258,0.02200031280517578
2024-12-12,0.0022077310182760045,0.0017537647108206821,1.3816673331869145,1.393546481319321,80.55732158659941,-0.005414022527810203,0.0,0.05299997329711914,0.008165786048233592,-0.0018115071532711635,0.04999971389770508
2024-12-13,0.0009160876228864745,0.0022077310182760045,1.381956091756188,1.3938503063749408,78.24997014850642,-2.6466639124200775e-05,0.006542736182661102,0.07500028610229492,-0.005414022527810203,0.0,0.05299997329711914
2024-12-16,-0.005197683362224292,0.0009160876228864745,1.381922861258876,1.394127830810834,78.31476316909513,0.0037993543260221863,-0.014922976428595636,-0.0020003318786621094,-2.6466639124200775e-05,0.006542736182661102,0.07500028610229492
2024-12-17,-0.0014808057006688302,-0.005197683362224292,1.3820999093029847,1.3943771325068164,67.5494251086702,-0.003863994965801476,-0.006865167336101208,-0.01199960708618164,0.0037993543260221863,-0.014922976428595636,-0.0020003318786621094
2024-12-18,-0.015003722608959302,-0.0014808057006688302,1.382183367146059,1.3946054238302812,72.1562205806455,-0.02949284635160343,-0.01053257144695885,0.10899972915649414,-0.003863994965801476,-0.006865167336101208,-0.01199960708618164
2024-12-19,-0.004282302620866008,-0.015003722608959302,1.3817787959864793,1.3946781433940847,56.768752505711575,-0.0008651123249070469,-0.014288471606414666,0.07600021362304688,-0.02949284635160343,-0.01053257144695885,0.10899972915649414
2024-12-20,0.007985981208448035,-0.004282302620866008,1.381202498630247,1.3946901987840457,52.01947669622273,0.010869123768910471,0.006735270847886277,-0.046000003814697266,-0.0008651123249070469,-0.014288471606414666,0.07600021362304688
2024-12-23,-0.0024073122077549634,0.007985981208448035,1.3807472352582097,1.394697067626995,53.866403331002374,0.007287273468533639,-0.0027289907807346303,0.07499980926513672,0.010869123768910471,0.006735270847886277,-0.046000003814697266
2024-12-24,0.0009533950436716565,-0.0024073122077549634,1.3802601857425665,1.394689849712419,49.141667246047106,0.01104275925539211,-0.0027152095655507136,-0.007999897003173828,0.007287273468533639,-0.0027289907807346303,0.07499980926513672
2024-12-26,-0.00012555088365202584,0.0009533950436716565,1.379564160747983,1.3946809274177911,45.768081951250046,-0.00040565878647391695,0.004439822242358504,-0.012000083923339844,0.01104275925539211,-0.0027152095655507136,-0.007999897003173828
2024-12-27,-0.009498608107931138,-0.00012555088365202584,1.3789009984607596,1.394626718759175,31.194006585775227,-0.011055736101235558,-0.004945940055080311,0.039999961853027344,-0.00040565878647391695,0.004439822242358504,-0.012000083923339844
2024-12-30,-0.009463905841044873,-0.009498608107931138,1.3780641023437488,1.3943936718673853,27.47204180732311,-0.010701995701766776,-0.009187544399490655,-0.07399988174438477,-0.011055736101235558,-0.004945940055080311,0.039999961853027344
2024-12-31,0.003474130514882856,-0.009463905841044873,1.376726818663492,1.394131927146253,21.22154026572629,-0.004284800394927402,0.013832562178183183,0.0279998779296875,-0.010701995701766776,-0.009187544399490655,-0.07399988174438477
2025-01-02,0.0021337866465843567,0.003474130514882856,1.3755787355233502,1.3939082045685722,26.569436671594033,-0.0022238866412221947,0.0050881246559773,0.0019998550415039062,-0.004284800394927402,0.013832562178183183,0.0279998779296875
2025-01-03,-0.007849562497197204,0.0021337866465843567,1.3745275228288956,1.3936978920340082,26.930357967402045,0.01259602672149196,-0.016235460727254236,0.021000385284423828,-0.0022238866412221947,0.0050881246559773,0.0019998550415039062
2025-01-06,0.0007350116694287978,-0.007849562497197204,1.3736009831815208,1.3933813188952746,21.66504127161346,0.005538045085450305,0.010954872687444883,0.021999835968017578,0.01259602672149196,-0.016235460727254236,0.021000385284423828
2025-01-07,0.004458516928018019,0.0007350116694287978,1.372858220359834,1.3930539472444436,21.427433078536595,-0.01110391288210788,0.011959968591241044,0.06500005722045898,0.005538045085450305,0.010954872687444883,0.021999835968017578
2025-01-08,-0.009350677057585821,0.004458516928018019,1.3723816625028513,1.3927629648964595,27.98878255848625,0.001560360190925314,-0.009009359620049673,0.009999752044677734,-0.01110391288210788,0.011959968591241044,0.06500005722045898
2025-01-09,0.0033991894158785117,-0.009350677057585821,1.371436305229327,1.3924448788273802,25.20181893769238,0.0,0.0034995830044628473,0.0,0.001560360190925314,-0.009009359620049673,0.009999752044677734
2025-01-10,-0.010065056213230361,0.0033991894158785117,1.3708657837176745,1.3921811417983978,34.845128634769665,-0.01541164380306681,-0.004241525145249225,0.08300018310546875,0.0,0.0034995830044628473,0.0
2025-01-13,-0.0016716913847411364,-0.010065056213230361,1.3701927566293255,1.391921586357177,32.11083423150875,0.0015754440882007614,0.004703327740040564,0.026999950408935547,-0.01541164380306681,-0.004241525145249225,0.08300018310546875
2025-01-14,-0.002087511333743064,-0.0016716913847411364,1.3698596549676807,1.3917151268088377,22.978362728002352,0.0011462798112440442,0.0002815825566817587,-0.014999866485595703,0.0015754440882007614,0.004703327740040564,0.026999950408935547
2025-01-15,-0.0013447909477737109,-0.002087511333743064,1.3692422062535294,1.3914303304599769,23.11893290130739,0.018312792279639112,0.008001762373605725,-0.13500022888183594,0.0011462798112440442,0.0002815825566817587,-0.014999866485595703
2025-01-16,-0.009250073107866952,-0.0013447909477737109,1.3684703181663407,1.391179630306473,21.52177489449565,-0.0021126894641922966,-0.005865341353443743,-0.04699993133544922,0.018312792279639112,0.008001762373605725,-0.13500022888183594
2025-01-17,0.011544082929952482,-0.009250073107866952,1.3674556700380365,1.3908862992747297,18.946457336857648,0.009991058969353706,-0.00014530693783543214,0.0030002593994140625,-0.0021126894641922966,-0.005865341353443743,-0.04699993133544922
2025-01-20,0.003576487582902965,0.011544082929952482,1.3666044762878482,1.3907323482411362,33.26517625929431,0.0,0.005214758572399836,0.0,0.009991058969353706,-0.00014530693783543214,0.0030002593994140625
2025-01-21,0.0041482400412570005,0.003576487582902965,1.3655384400936668,1.3905410531497544,41.12219068290653,0.008768227105582893,0.004958861733124875,-0.03500032424926758,0.0,0.005214758572399836,0.0
2025-01-22,0.015388888632800312,0.0041482400412570005,1.3645772099680409,1.3904437995762284,41.6384977992671,0.006137941522227575,0.009798093992172241,0.02500009536743164,0.008768227105582893,0.004958861733124875,-0.03500032424926758
2025-01-23,-0.002691628456012818,0.015388888632800312,1.3642309072536536,1.3905188338789545,50.74395666827497,0.00531348622041139,0.002165726664362211,0.03900003433227539,0.006137941522227575,0.009798093992172241,0.02500009536743164
2025-01-24,0.006917338561117414,-0.002691628456012818,1.3639233405378972,1.3905571070395815,54.0777166496358,-0.002855132319398823,0.005923004008322241,-0.012000083923339844,0.00531348622041139,0.002165726664362211,0.03900003433227539
2025-01-27,0.012024494448604284,0.006917338561117414,1.363738870359419,1.3906583302786115,57.42979485695435,-0.014580715690809543,0.006428308531732041,-0.09800004959106445,-0.002855132319398823,0.005923004008322241,-0.012000083923339844
2025-01-28,0.0063982542314293235,0.012024494448604284,1.3640554050061313,1.3908386441056668,60.964222837343115,0.009217869449967608,-0.0029308523353295257,0.023000240325927734,-0.014580715690809543,0.006428308531732041,-0.09800004959106445
2025-01-29,-0.006094144878469021,0.0063982542314293235,1.364707481828283,1.3910577411294565,70.15748458439677,-0.004678895760321544,0.00038459188767303587,0.0039997100830078125,0.009217869449967608,-0.0029308523353295257,0.023000240325927734
2025-01-30,-0.0007687402808662757,-0.006094144878469021,1.3651360964425465,1.3911692361690704,64.33234484549789,0.005275414405311762,0.00959094669911531,-0.0429997444152832,-0.004678895760321544,0.00038459188767303587,0.0039997100830078125
2025-01-31,-0.008122159754357993,-0.0007687402808662757,1.365647835447961,1.3912578896580188,71.44484392760174,-0.005046825754019935,-0.016152059788377526,0.05699968338012695,0.005275414405311762,0.00959094669911531,-0.0429997444152832
2025-02-03,-0.003028431070011217,-0.008122159754357993,1.3660309087810416,1.3912797013151956,66.17755482696822,-0.007608597684666707,0.0,-0.02599954605102539,-0.005046825754019935,-0.016152059788377526,0.05699968338012695
2025-02-04,0.010508572354230505,-0.003028431070011217,1.3664435652752493,1.3912997141056989,65.4415876893729,0.007224881828679752,0.013283049725240303,-0.03000020980834961,-0.007608597684666707,0.0,-0.02599954605102539
2025-02-05,-0.0004070015167015106,0.010508572354230505,1.366892951175699,1.3913619389851477,69.95181856871164,0.003908672930614365,-0.006158414595368034,-0.09100008010864258,0.007224881828679752,0.013283049725240303,-0.03000020980834961
2025-02-06,0.013538966494521154,-0.0004070015167015106,1.3673101430843368,1.3913972082133281,76.54454987522467,0.003644298722618622,0.02141930495367772,0.018000125885009766,0.003908672930614365,-0.006158414595368034,-0.09100008010864258
2025-02-07,-0.006665332204547359,0.013538966494521154,1.3678761001552828,1.391619323126111,77.18988515574446,-0.009464770111542897,0.0027140296153891352,0.04699993133544922,0.003644298722618622,0.02141930495367772,0.018000125885009766
2025-02-10,0.005494585068913238,-0.006665332204547359,1.3683937021414843,1.3917711027178103,70.93078676418335,0.006712541085862833,0.0020896591344765625,0.006000041961669922,-0.009464770111542897,0.0027140296153891352,0.04699993133544922
2025-02-11,0.016415366896416383,0.005494585068913238,1.3690981233958077,1.391908241399462,71.38506824159649,0.00033958278885926063,0.009891141427875505,0.04400014877319336,0.006712541085862833,0.0020896591344765625,0.006000041961669922
2025-02-12,0.009231583965802115,0.016415366896416383,1.3702103228041773,1.3921002276191963,71.87035100121238,-0.0027238667143857365,0.011488480387499722,0.09999990463256836,0.00033958278885926063,0.009891141427875505,0.04400014877319336
2025-02-13,0.006998386695607739,0.009231583965802115,1.371441017253403,1.39232691020682,76.19323112772477,0.010426292122230674,0.0017458498135660694,-0.1119999885559082,-0.0027238667143857365,0.011488480387499722,0.09999990463256836
2025-02-14,-0.010130151644146556,0.006998386695607739,1.372755810113086,1.3925865583157,76.29795570794874,-7.194380749464546e-05,-0.0015171307757352315,-0.05299997329711914,0.010426292122230674,0.0017458498135660694,-0.1119999885559082
2025-02-17,-0.0015672762922929184,-0.010130151644146556,1.3736341744709757,1.3927616695296843,65.92139678744824,0.0,0.00395168923211453,0.0,-7.194380749464546e-05,-0.0015171307757352315,-0.05299997329711914
2025-02-18,0.0036930425120609957,-0.0015672762922929184,1.3740930633401727,1.3928387585149538,62.67727809086181,0.0024449877750611915,0.0034093214741564015,0.07200002670288086,0.0,0.00395168923211453,0.0
2025-02-19,0.001766928182863503,0.0036930425120609957,1.3747284708764897,1.3929715766190656,68.06194730499912,0.0023769693899173827,-0.006979613216506864,-0.009000301361083984,0.0024449877750611915,0.0034093214741564015,0.07200002670288086
2025-02-20,0.0009787780804079494,0.001766928182863503,1.3753574029236497,1.3931006943238058,69.18247275569249,-0.0043341850761716705,0.0038342207687691587,-0.034999847412109375,0.0023769693899173827,-0.006979613216506864,-0.009000301361083984
2025-02-21,-0.0026331598140171943,0.0009787780804079494,1.3761166271304615,1.3932692940018523,75.64420193724955,-0.01706412670256352,-0.010407712494333476,-0.07999992370605469,-0.0043341850761716705,0.0038342207687691587,-0.034999847412109375
2025-02-24,-0.0011562289480682609,-0.0026331598140171943,1.376751245148636,1.3933907690900906,75.86573558963056,-0.00496910650440241,-0.000638287664860071,-0.026999950408935547,-0.01706412670256352,-0.010407712494333476,-0.07999992370605469
2025-02-25,-0.005891184243683734,-0.0011562289480682609,1.377290947597635,1.393506162015665,71.71615189487973,-0.004679730915472358,-0.012180016800575011,-0.0950002670288086,-0.00496910650440241,-0.000638287664860071,-0.026999950408935547
2025-02-26,-0.0038417290254253,-0.005891184243683734,1.3776364645480825,1.3936110978554976,67.0801663813403,0.00013602428004699796,0.00464432212218302,-0.048999786376953125,-0.004679730915472358,-0.012180016800575011,-0.0950002670288086
2025-02-27,-0.008388223426383156,-0.0038417290254253,1.3780187358465557,1.3936961835669985,58.026905546294984,-0.015864553655509872,-0.01292953261802765,0.03599977493286133,0.00013602428004699796,0.00464432212218302,-0.048999786376953125
2025-02-28,0.007075966721345373,-0.008388223426383156,1.3782048153166704,1.393728556180859,56.69035351921201,0.01585414463498891,-0.00535813943265695,-0.053999900817871094,-0.015864553655509872,-0.01292953261802765,0.03599977493286133
2025-03-03,-0.00814796009394848,0.007075966721345373,1.3790081789459692,1.393817715288205,57.57067167568215,-0.0175967394669998,-0.004665785318483162,-0.051000118255615234,0.01585414463498891,-0.00535813943265695,-0.053999900817871094
2025-03-04,-0.007118991176313117,-0.00814796009394848,1.3796987727701246,1.3939249962870535,41.50466219991176,-0.012234826602200433,0.005820269833532787,0.03000020980834961,-0.0175967394669998,-0.004665785318483162,-0.051000118255615234
2025-03-05,0.010287797002533327,-0.007118991176313117,1.3799711596249786,1.3940246809897188,29.540543483800562,0.011159277893187936,0.0061979847414948,0.05499982833862305,-0.012234826602200433,0.005820269833532787,0.03000020980834961
2025-03-06,-0.0068804366449798145,0.010287797002533327,1.3805964765166203,1.394202114680148,32.48007404500095,-0.017819007085749905,0.00203059137787176,0.020999908447265625,0.011159277893187936,0.0061979847414948,0.05499982833862305
2025-03-07,0.005089786508519123,-0.0068804366449798145,1.3810019560474192,1.3943393583327457,34.115165756767794,0.00552061780274804,0.0004392424646508797,0.031000137329101562,-0.017819007085749905,0.00203059137787176,0.020999908447265625
2025-03-10,-0.019162616069744474,0.005089786508519123,1.3815531275591715,1.3945301668020311,39.40779923781076,-0.0269730913054258,-0.021059004823335892,-0.10400009155273438,0.00552061780274804,0.0004392424646508797,0.031000137329101562
2025-03-11,-0.01142465960749608,-0.019162616069744474,1.3818276279225588,1.3945987059287157,28.33554261454482,-0.007567865323653167,-0.004179630074759411,0.07500028610229492,-0.0269730913054258,-0.021059004823335892,-0.10400009155273438
2025-03-12,0.0017563999525284757,-0.01142465960749608,1.3820455135108591,1.3945732773767476,23.784611755427036,0.004886869929446425,0.010295574324923784,0.029999732971191406,-0.007567865323653167,-0.004179630074759411,0.07500028610229492
2025-03-13,-0.00832566030777514,0.0017563999525284757,1.3822173748304847,1.3947059399583592,24.327222187733597,-0.013890984206835322,-0.0031492590091393158,-0.043999671936035156,0.004886869929446425,0.010295574324923784,0.029999732971191406
2025-03-14,0.007504058663679747,-0.00832566030777514,1.3821042465713842,1.3945812425649748,23.067875304204136,0.021265869083087807,0.011703813616657177,0.03399991989135742,-0.013890984206835322,-0.0031492590091393158,-0.043999671936035156
2025-03-17,0.0016122067202047562,0.007504058663679747,1.3824073988002363,1.3943847207158486,28.356906386362482,0.006416130719105961,0.0,-0.0019998550415039062,0.021265869083087807,0.011703813616657177,0.03399991989135742
2025-03-18,0.0010662546499004444,0.0016122067202047562,1.3827346844667485,1.39417728023075,31.022958054708795,-0.010653512117636543,0.005507154820758808,-0.02500009536743164,0.006416130719105961,0.0,-0.0019998550415039062
2025-03-19,0.004137222544203822,0.0010662546499004444,1.3829708138482149,1.3940826102666943,32.88838843356737,0.010798495567894584,0.005446718238456549,-0.02500009536743164,-0.010653512117636543,0.005507154820758808,-0.02500009536743164
2025-03-20,0.0021276484819370165,0.004137222544203822,1.3835733743367598,1.3939776945063058,38.451924040990065,-0.0021848931523151816,0.0007551042418572074,-0.023000240325927734,0.010798495567894584,0.005446718238456549,-0.02500009536743164
2025-03-21,-0.0005198455697722371,0.0021276484819370165,1.3841430866561433,1.3938420320827398,35.16546476148807,0.0008246534476661349,-0.008067788490822125,0.01900005340576172,-0.0021848931523151816,0.0007551042418572074,-0.023000240325927734
2025-03-24,0.005995352601754022,-0.0005198455697722371,1.3849695825385533,1.393706906080618,38.31691587599368,0.017646000146633645,4.590578264540568e-05,0.07899999618530273,0.0008246534476661349,-0.008067788490822125,0.01900005340576172
2025-03-25,0.002704648580125768,0.005995352601754022,1.3860054505127557,1.393645009220875,45.81278436520625,0.0015743334544251475,0.01003176994116095,-0.023999691009521484,0.017646000146633645,4.590578264540568e-05,0.07899999618530273
2025-03-26,-0.000240775033491214,0.002704648580125768,1.3871716740198436,1.3936260981678186,40.51360285854313,-0.011156934922627149,-0.007450127697909759,0.03099966049194336,0.0015743334544251475,0.01003176994116095,-0.023999691009521484
2025-03-27,0.0127432759812369,-0.000240775033491214,1.388366941197497,1.3935663799074303,44.34176821605196,-0.003306980860763864,0.012703790136289639,0.031000137329101562,-0.011156934922627149,-0.007450127697909759,0.03099966049194336
2025-03-28,-0.00966242191769281,0.0127432759812369,1.3901608337129139,1.3935564431456078,49.70657744156678,-0.01973722070834405,-0.005698998144744949,-0.11399984359741211,-0.003306980860763864,0.012703790136289639,0.031000137329101562
2025-03-31,-0.0025160578264153076,-0.00966242191769281,1.3913800742967437,1.3934639562194646,56.60937329646205,0.005538521570653376,-0.012949043069933941,-0.009000301361083984,-0.01973722070834405,-0.005698998144744949,-0.11399984359741211
2025-04-01,0.012997747999231857,-0.0025160578264153076,1.3924342833780186,1.3933779325863416,64.8695919204445,0.0037812354559083605,0.016261370373683803,-0.08999967575073242,0.005538521570653376,-0.012949043069933941,-0.009000301361083984
2025-04-02,0.006686906059491027,0.012997747999231857,1.3937382909210279,1.3933834552271107,70.38812052099667,0.006728194715792668,0.008681092873251695,0.039999961853027344,0.0037812354559083605,0.016261370373683803,-0.08999967575073242
2025-04-03,-0.01180239834462774,0.006686906059491027,1.3948178948969445,1.3934567954986332,81.4346847449226,-0.04839563335990149,0.005359601853999196,-0.14100027084350586,0.006728194715792668,0.008681092873251695,0.039999961853027344
2025-04-04,-0.047220076749239795,-0.01180239834462774,1.3956369262943782,1.3934207077219245,66.5663431763693,-0.05974960534553109,-0.04874442256061595,-0.06999993324279785,-0.04839563335990149,0.005359601853999196,-0.14100027084350586
2025-04-07,-0.013125536831074525,-0.047220076749239795,1.3949486037751802,1.3930330679384,39.963759289379134,-0.0023314724921273955,-0.01932667415685463,0.17000031471252441,-0.05974960534553109,-0.04874442256061595,-0.06999993324279785
2025-04-08,-0.00661340235105643,-0.013125536831074525,1.3935823078921572,1.3925147339186839,35.69077192635946,-0.015700524562941354,-0.002808862202947515,0.10699987411499023,-0.0023314724921273955,-0.01932667415685463,0.17000031471252441
2025-04-09,0.06393501432080093,-0.00661340235105643,1.391865342554408,1.3920078651331627,32.086574627392,0.09515387644904849,0.043943399942566685,0.1380000114440918,-0.015700524562941354,-0.002808862202947515,0.10699987411499023
2025-04-10,-0.02547045402721767,0.06393501432080093,1.3919869354205818,1.3918476570828895,52.53508255897202,-0.03460757958472693,-0.01928224736307138,-0.006000041961669922,0.09515387644904849,0.043943399942566685,0.1380000114440918
2025-04-11,0.009380226059629394,-0.02547045402721767,1.3914223750010308,1.391556833214883,46.508754053532975,0.018092095201708958,-0.0003090736782815906,0.0989999771118164,-0.03460757958472693,-0.01928224736307138,-0.006000041961669922
2025-04-14,0.009576854158201743,0.009380226059629394,1.3913361259638102,1.3913123191498844,47.28596417633421,0.007944712390868913,0.01732955756486909,-0.12900018692016602,0.018092095201708958,-0.0003090736782815906,0.0989999771118164
2025-04-15,-0.00026049381462779354,0.009576854158201743,1.39159451769317,1.3911686375324779,48.84488923438637,-0.0017277808903947145,0.004803989446612311,-0.0409998893737793,0.007944712390868913,0.01732955756486909,-0.12900018692016602
2025-04-16,-0.004046293926559063,-0.00026049381462779354,1.3915585935098458,1.3909873510743787,48.8409566098259,-0.0224083715440897,0.0071335404772918665,-0.04400014877319336,-0.0017277808903947145,0.004803989446612311,-0.0409998893737793
2025-04-17,0.0037674575560449285,-0.004046293926559063,1.3914223315184635,1.3907568603693472,44.970354069073814,0.0013268380955802073,0.0,0.0540003776550293,-0.0224083715440897,0.0071335404772918665,-0.04400014877319336
2025-04-21,0.0012342530723545963,0.0037674575560449285,1.3910158684246414,1.3905327764064426,47.998268652371145,-0.023567493023827546,0.013960762863601595,0.07200002670288086,0.0013268380955802073,0.0,0.0540003776550293
2025-04-22,0.013969217667554722,0.0012342530723545963,1.3908298792485727,1.3902500825139048,48.87120095401553,0.025117204723895226,0.01895672506801227,-0.01600027084350586,-0.023567493023827546,0.013960762863601595,0.07200002670288086
2025-04-23,0.011649005585459737,0.013969217667554722,1.3908767732870249,1.390100909729466,49.08868479057047,0.01666113847096007,0.0180499684556803,-0.0019998550415039062,0.025117204723895226,0.01895672506801227,-0.01600027084350586
2025-04-24,0.008988491294884748,0.011649005585459737,1.3907910448478507,1.3899560720022859,50.25383065482166,0.020259113708281262,0.011035675770181497,-0.0820002555847168,0.01666113847096007,0.0180499684556803,-0.0019998550415039062
2025-04-25,0.0042537500745928655,0.008988491294884748,1.3906976425124542,1.3899101155282103,55.19467408174693,0.007373133469998461,0.005996968779929723,-0.03900003433227539,0.020259113708281262,0.011035675770181497,-0.0820002555847168
2025-04-28,0.0021689881992323244,0.0042537500745928655,1.3905251813601653,1.3898830486338496,71.64425758154215,0.0006407067039131409,0.004584048966860266,-0.04999971389770508,0.007373133469998461,0.005996968779929723,-0.03900003433227539
2025-04-29,-0.014800947751778926,0.0021689881992323244,1.390707307372251,1.3899196119637582,77.63842565130241,0.005802410694099036,-0.023985541012001677,-0.043000221252441406,0.0006407067039131409,0.004584048966860266,-0.04999971389770508
2025-04-30,-2.2873052992367082e-05,-0.014800947751778926,1.390508674355087,1.3899279548819026,73.50064720327659,0.00147999135976562,0.011613230223870952,0.004000186920166016,0.005802410694099036,-0.023985541012001677,-0.043000221252441406
2025-05-01,0.007815494758386565,-2.2873052992367082e-05,1.390204054897943,1.3898996740254126,59.00871913947342,0.006299102138585644,0.0,0.053999900817871094,0.00147999135976562,0.011613230223870952,0.004000186920166016
2025-05-02,-0.011254021643334588,0.007815494758386565,1.3900702182320084,1.3899009318038733,78.78882202147034,0.01472657412963474,-0.007950563157079094,0.09100008010864258,0.006299102138585644,0.0,0.053999900817871094
2025-05-05,-0.0019177281676112101,-0.011254021643334588,1.3895870579042415,1.3898091208502865,67.14590926098337,-0.006381597588933863,0.00043001514081630887,0.020999908447265625,0.01472657412963474,-0.007950563157079094,0.09100008010864258
2025-05-06,0.013989524793347785,-0.0019177281676112101,1.3891253624093525,1.3898374111344205,62.11069809837375,-0.007693239651855532,0.027112260216917372,-0.034999847412109375,-0.006381597588933863,0.00043001514081630887,0.020999908447265625
2025-05-07,0.004254561698496251,0.013989524793347785,1.3890908600342484,1.3899959776840283,67.57186833354173,0.00434635623313584,0.01054166193283601,-0.03299999237060547,-0.007693239651855532,0.027112260216917372,-0.034999847412109375
2025-05-08,-0.009302875773186526,0.004254561698496251,1.3893463671846318,1.3901635681473423,71.63449904731188,0.005799775094835535,-0.018766980284334545,0.09800004959106445,0.00434635623313584,0.01054166193283601,-0.03299999237060547
2025-05-09,0.0018073260038853124,-0.009302875773186526,1.3894442351534604,1.3902465655418736,64.25756510376816,-0.0007114809122162891,-0.00554949889376144,0.0019998550415039062,0.005799775094835535,-0.018766980284334545,0.09800004959106445
2025-05-12,0.017198924250559522,0.0018073260038853124,1.3898310293104432,1.3904183942766,64.46368406787028,0.032558782749008364,0.003791228382586498,0.0819997787475586,-0.0007114809122162891,-0.00554949889376144,0.0019998550415039062
2025-05-13,0.0031471999526393344,0.017198924250559522,1.3905087644877117,1.390661483227041,65.65292770979215,0.0072482009835321826,0.010428167157858992,0.04200029373168945,0.032558782749008364,0.003791228382586498,0.0819997787475586
2025-05-14,0.0003542235167909302,0.0031471999526393344,1.3915080853717234,1.3909440542756046,62.847776750985936,0.001024415597859818,0.005010716088025058,0.028999805450439453,0.0072482009835321826,0.010428167157858992,0.04200029373168945
2025-05-15,0.0038080536030906443,0.0003542235167909302,1.3927173975477871,1.3912513586741244,59.4003226906062,0.004132332074135769,0.00546062388252988,-0.07299995422363281,0.001024415597859818,0.005010716088025058,0.028999805450439453
2025-05-16,0.005593219483831591,0.0038080536030906443,1.3937508402322447,1.391720769349166,59.23226970712015,0.007005272294898557,0.00047311953182993527,-0.01399993896484375,0.004132332074135769,0.00546062388252988,-0.07299995422363281
2025-05-19,0.005405578243921771,0.005593219483831591,1.3951410551707346,1.3921669316299314,60.744254379266465,0.0008761131291423752,0.00873038391863279,0.03399991989135742,0.007005272294898557,0.00047311953182993527,-0.01399993896484375
2025-05-20,-0.0065563487115849585,0.005405578243921771,1.3965476098422043,1.3926156440238924,73.81028734007192,-0.0038802294486252054,-0.003115603071607742,0.006000041961669922,0.0008761131291423752,0.00873038391863279,0.03399991989135742
2025-05-21,-0.003917916914065822,-0.0065563487115849585,1.3982990185274213,1.3929672150282588,68.43720539362684,-0.01613513066101424,0.0044050458297064665,0.11500024795532227,-0.0038802294486252054,-0.003115603071607742,0.006000041961669922
2025-05-22,-0.006229092031927575,-0.003917916914065822,1.4002503690680568,1.3932577397812655,62.595404962267935,-0.00044487103794299543,-0.011494182344497839,-0.043000221252441406,-0.01613513066101424,0.0044050458297064665,0.11500024795532227
2025-05-23,0.0021352759751557594,-0.006229092031927575,1.4019720849860937,1.393525819308821,66.23035178610809,-0.006708297825321674,0.008904955200952358,-0.04400014877319336,-0.00044487103794299543,-0.011494182344497839,-0.043000221252441406
2025-05-26,0.002077620209531883,0.0021352759751557594,1.4039828741689804,1.3937245753933822,68.5863736942405,0.0,0.0008352808171976367,0.0,-0.006708297825321674,0.008904955200952358,-0.04400014877319336
2025-05-27,0.010055796400935091,0.002077620209531883,1.4058510286238042,1.393926343391978,63.53576641559026,0.0204590558452733,0.002303624759405709,-0.07499980926513672,0.0,0.0008352808171976367,0.0
2025-05-28,-0.0012712143012289733,0.010055796400935091,1.4079681245594562,1.3941558904347167,66.31669039075439,-0.005571225417268844,0.0024239967680041996,0.043000221252441406,0.0204590558452733,0.002303624759405709,-0.07499980926513672
2025-05-29,0.002494765419864875,-0.0012712143012289733,1.410018711670308,1.394371921267544,73.85954170552856,0.004011194261904327,-0.0020677184269085602,-0.053000450134277344,-0.005571225417268844,0.0024239967680041996,0.043000221252441406
2025-05-30,-0.004898203717805294,0.002494765419864875,1.4120295243618994,1.394584332736384,74.14074101291331,-8.118516130162234e-05,-0.013183084977570259,-0.007999897003173828,0.004011194261904327,-0.0020677184269085602,-0.053000450134277344
2025-06-02,0.00016939713984864824,-0.004898203717805294,1.4138376689964607,1.3947360459142513,60.35141564377918,0.0041020419271569075,-0.0023548920197254963,0.046000003814697266,-8.118516130162234e-05,-0.013183084977570259,-0.007999897003173828
2025-06-03,-0.0023356956606598867,0.00016939713984864824,1.4156650758660518,1.3949339822926496,58.22627670595637,0.005800290454605506,-0.0011508466043527177,-0.0019998550415039062,0.0041020419271569075,-0.0023548920197254963,0.046000003814697266
2025-06-04,-0.0026654652741880504,-0.0023356956606598867,1.4172592084059272,1.3951851860646756,55.57514373587725,7.36874595066439e-05,-0.002681354512001577,-0.0950002670288086,0.005800290454605506,-0.0011508466043527177,-0.0019998550415039062
2025-06-05,5.0096642399288796e-05,-0.0026654652741880504,1.418700591722833,1.3954109984987846,49.91239576687585,-0.005277383403094138,0.005096480798465031,0.029000282287597656,7.36874595066439e-05,-0.002681354512001577,-0.0950002670288086
2025-06-06,0.0021937213052217073,5.0096642399288796e-05,1.4201501124969607,1.395628236589382,44.408516213710506,0.010280683010067904,0.004914057073888811,0.11600017547607422,-0.005277383403094138,0.005096480798465031,0.029000282287597656
2025-06-09,-0.00240552925088553,0.0021937213052217073,1.4213103669839517,1.395892904567263,40.5901121512856,0.0009199480792858594,-0.004271877815790526,-0.028000354766845703,0.010280683010067904,0.004914057073888811,0.11600017547607422
2025-06-10,0.004066318254961554,-0.00240552925088553,1.4226715636520404,1.3961573834990961,44.57311421307547,0.00548298940767844,0.004931952048026211,-0.007999897003173828,0.0009199480792858594,-0.004271877815790526,-0.028000354766845703
2025-06-11,-0.004727615410450359,0.004066318254961554,1.4242213063278586,1.3963973209993492,53.8675277254584,-0.002743888954607865,-0.005700379991715354,-0.06199979782104492,0.00548298940767844,0.004931952048026211,-0.007999897003173828
2025-06-12,0.00027140117570002565,-0.004727615410450359,1.4252721410166616,1.3965684371697535,55.790959355661386,0.0038224199557175265,0.0010803711765057233,-0.05500030517578125,-0.002743888954607865,-0.005700379991715354,-0.06199979782104492
2025-06-13,-0.004611518110679169,0.00027140117570002565,1.4261430257028866,1.3967095096211108,53.73278064101735,-0.011296379879250695,-0.00676413174909396,0.06699991226196289,0.0038224199557175265,0.0010803711765057233,-0.05500030517578125
2025-06-16,-0.0008481698320337072,-0.004611518110679169,1.4272132635208254,1.3969029196411702,45.617468318928104,0.009392659896159117,-0.0068197858663405775,0.028000354766845703,-0.011296379879250695,-0.00676413174909396,0.06699991226196289
2025-06-17,-0.007489288616255574,-0.0008481698320337072,1.4295785844726185,1.3970944917389145,27.969170242363447,-0.008352184790166306,-0.006486444735597674,-0.05900001525878906,0.009392659896159117,-0.0068197858663405775,0.028000354766845703
2025-06-18,-0.0007464482560099461,-0.007489288616255574,1.4320762732293004,1.3972512274698097,23.581945798699522,-0.0003092402101070313,0.0009307155854747506,0.0039997100830078125,-0.008352184790166306,-0.006486444735597674,-0.05900001525878906
2025-06-19,-0.0006459215269207563,-0.0007464482560099461,1.434726272672372,1.3974701005561376,17.999053798755185,0.0,-0.011659001691825988,0.0,-0.0003092402101070313,0.0009307155854747506,0.0039997100830078125
2025-06-20,0.005061356090529623,-0.0006459215269207563,1.4356886902475083,1.3976213081766582,20.335527682144843,-0.002178658486505891,0.0035052202435805757,-0.021999835968017578,0.0,-0.011659001691825988,0.0
2025-06-23,0.001045962715547455,0.005061356090529623,1.4375039625514914,1.3978334300561304,30.428266532206848,0.009606504133156335,-0.003281504046061312,-0.05499982833862305,-0.002178658486505891,0.0035052202435805757,-0.021999835968017578
2025-06-24,0.00470590565128598,0.001045962715547455,1.4390955553634217,1.3980174706553243,34.33757979753348,0.01112172017970181,0.011826354552416873,-0.026999950408935547,0.009606504133156335,-0.003281504046061312,-0.05499982833862305
2025-06-25,0.0005858381371900201,0.00470590565128598,1.44056156252091,1.3981835527819648,44.62460422226778,-3.2861029504172024e-06,0.003346830709582971,0.0,0.01112172017970181,0.011826354552416873,-0.026999950408935547
2025-06-26,0.004871352880065361,0.0005858381371900201,1.442051771959431,1.3983453005598172,45.37744849892149,0.008020121275230219,0.009502365608484276,-0.04000043869018555,-3.2861029504172024e-06,0.003346830709582971,0.0
2025-06-27,0.00320093829754895,0.004871352880065361,1.443795142249864,1.3985472742037484,48.84631706000022,0.005218970885222163,-0.0014385532963062664,0.03000020980834961,0.008020121275230219,0.009502365608484276,-0.04000043869018555
2025-06-30,-0.0018978299257755627,0.00320093829754895,1.4455285345669169,1.3987702587626967,55.44671203926188,0.005164427424532603,0.0010344245293787413,-0.05299997329711914,0.005218970885222163,-0.0014385532963062664,0.03000020980834961
2025-07-01,0.0035767088101963497,-0.0018978299257755627,1.4471722963214928,1.3989824604846979,48.368155435998446,-0.001118531087121899,0.006317421302505455,0.020999908447265625,0.005164427424532603,0.0010344245293787413,-0.05299997329711914
2025-07-02,0.003374932886229587,0.0035767088101963497,1.4485350976038571,1.3991616977050632,58.9038495882794,0.004745096791088033,0.0092174921951107,0.04200029373168945,-0.001118531087121899,0.006317421302505455,0.020999908447265625
2025-07-03,0.00040603987518951224,0.003374932886229587,1.4496709385353648,1.3993946081732955,61.92615847481817,0.008338955206607324,-0.007810730037839497,0.05499982833862305,0.004745096791088033,0.0092174921951107,0.04200029373168945
2025-07-04,-0.0007507777280589933,0.00040603987518951224,1.4505642526312017,1.3996168168073404,69.78814638697573,0.0,0.001498910971746259,0.0,0.008338955206607324,-0.007810730037839497,0.05499982833862305
2025-07-07,-0.011100394796860601,-0.0007507777280589933,1.4513139333112424,1.3997864736841328,69.94435885491139,-0.007862297279128794,-0.009561653724047048,0.04699993133544922,0.0,0.001498910971746259,0.0
2025-07-08,-0.010736512351687877,-0.011100394796860601,1.4516746176094677,1.3999025649883663,63.6793064367895,-0.0007158868810946961,-0.004180841460668772,0.019999980926513672,-0.007862297279128794,-0.009561653724047048,0.04699993133544922
2025-07-09,-0.003482139690512742,-0.010736512351687877,1.452148283633366,1.3999463586307375,51.44505181711586,0.0060621034026635545,-0.008670032577517639,-0.07299995422363281,-0.0007158868810946961,-0.004180841460668772,0.019999980926513672
2025-07-10,-0.0014294788000056347,-0.003482139690512742,1.4525223169574701,1.4000012713967533,48.81253507692335,0.0027462050044453346,0.0009236487571329111,0.004000186920166016,0.0060621034026635545,-0.008670032577517639,-0.07299995422363281
2025-07-11,0.0005986469872870881,-0.0014294788000056347,1.4526339587887003,1.4000408692383581,42.4818496929038,-0.0032975229626984737,-0.0025775513179865372,0.07699966430664062,0.0027462050044453346,0.0009236487571329111,0.004000186920166016
2025-07-14,-0.006987288631851873,0.0005986469872870881,1.4530840090474908,1.4001281640092502,41.97428879601524,0.001407413809457303,-0.004081315993526791,0.004000186920166016,-0.0032975229626984737,-0.0025775513179865372,0.07699966430664062
2025-07-15,0.000293665685548028,-0.006987288631851873,1.453387829616911,1.4002329425904534,31.41132651140927,-0.003956298214731202,0.0021332963333722255,0.06199979782104492,0.001407413809457303,-0.004081315993526791,0.004000186920166016
2025-07-16,-0.0008754045638769914,0.000293665685548028,1.4533059239722994,1.4004109558400928,31.02454685082698,0.003193657417327689,0.00035637162097912345,-0.03399991989135742,-0.003956298214731202,0.0021332963333722255,0.06199979782104492
2025-07-17,0.005194986519871126,-0.0008754045638769914,1.4530775560647848,1.4004958122640938,23.593244650057088,0.00537376740890938,0.003749936570059953,0.007999897003173828,0.003193657417327689,0.00035637162097912345,-0.03399991989135742
2025-07-18,-0.00043983556104173485,0.005194986519871126,1.4532638851750121,1.4007066913695032,26.413118317253037,-9.048620868445933e-05,-0.0077840653157030815,-0.03099966049194336,0.00537376740890938,0.003749936570059953,0.007999897003173828
2025-07-21,-0.003944839677469625,-0.00043983556104173485,1.453386270289033,1.4009013705155513,27.208051268450845,0.001399134882868358,-0.007679437523371302,-0.059999942779541016,-9.048620868445933e-05,-0.0077840653157030815,-0.03099966049194336
2025-07-22,-0.0013335670450423942,-0.003944839677469625,1.4529062023922998,1.401050485453115,19.777921552970597,0.0006375316336257875,-0.005793063252004682,-0.03600025177001953,0.001399134882868358,-0.007679437523371302,-0.059999942779541016
2025-07-23,0.02118020554099336,-0.0013335670450423942,1.452297011673753,1.4011765921114623,13.46048272022341,0.007811886951519131,0.01731137932303395,0.05200004577636719,0.0006375316336257875,-0.005793063252004682,-0.03600025177001953
2025-07-24,0.0014116715642395583,0.02118020554099336,1.4522799368079007,1.401428932309719,39.43571382991032,0.0006982236416543941,0.009862090363118137,0.019999980926513672,0.007811886951519131,0.01731137932303395,0.05200004577636719
2025-07-25,0.015509837629766965,0.0014116715642395583,1.4521931955340677,1.4017001745063749,41.12523035119406,0.00397432777929585,0.005036164860535264,-0.021999835968017578,0.0006982236416543941,0.009862090363118137,0.019999980926513672
2025-07-28,-0.002533276807272511,0.015509837629766965,1.4523943975307367,1.4020253923742183,60.078067904046904,0.00017685810881817865,-0.004179499389562635,0.03399991989135742,0.00397432777929585,0.005036164860535264,-0.021999835968017578
2025-07-29,0.0009669423351334694,-0.002533276807272511,1.452362201372648,1.4023409843086958,67.70483476689476,-0.002959442388724254,0.012914798488591783,-0.09000015258789062,0.00017685810881817865,-0.004179499389562635,0.03399991989135742
2025-07-30,-0.008034696931191021,0.0009669423351334694,1.4525518648540452,1.4026856534119438,71.98586378309722,-0.0012494327466496813,-0.007349082428733222,0.046000003814697266,-0.002959442388724254,0.012914798488591783,-0.09000015258789062
2025-07-31,0.0003721011105173755,-0.008034696931191021,1.452619380849568,1.402910520522994,64.92270126863284,-0.0036948193411530106,3.6206885052347815e-05,-0.015999794006347656,-0.0012494327466496813,-0.007349082428733222,0.046000003814697266
2025-08-01,-0.015239972005465108,0.0003721011105173755,1.4528795822462153,1.403161944396536,64.8122016032016,-0.015992133140148468,-0.008673821124047021,-0.1400003433227539,-0.0036948193411530106,3.6206885052347815e-05,-0.015999794006347656
2025-08-04,-0.003950691328724521,-0.015239972005465108,1.4526318686630009,1.403311628058065,57.69291036051979,0.01473710033091602,-0.004390303779556515,-0.019999980926513672,-0.015992133140148468,-0.008673821124047021,-0.1400003433227539
2025-08-05,0.003218720193207425,-0.003950691328724521,1.4522099159852673,1.4035173316477074,54.736756582557376,-0.004857865996303334,0.007436803683125159,-0.0039997100830078125,0.01473710033091602,-0.004390303779556515,-0.019999980926513672
2025-08-06,0.00874612185579805,0.003218720193207425,1.4515874671530724,1.403787124134778,57.03917457219618,0.007281907295092482,0.0014483598886512183,0.023999691009521484,-0.004857865996303334,0.007436803683125159,-0.0039997100830078125
2025-08-07,0.014234915936615388,0.00874612185579805,1.4512542751303994,1.4041563657879437,58.81741761701594,-0.0007974800154801898,0.01936270288446562,0.024000167846679688,0.007281907295092482,0.0014483598886512183,0.023999691009521484
2025-08-08,-0.0009367225523305933,0.014234915936615388,1.4512612855275466,1.4045751223638832,64.91522661081126,0.007799715348974834,-0.0032733291160416123,0.0409998893737793,-0.0007974800154801898,0.01936270288446562,0.024000167846679688
2025-08-11,-0.001468924187288434,-0.0009367225523305933,1.4513849747196883,1.4050578785224916,66.87028638598255,-0.0025041278217863283,0.004696029130704105,-0.012000083923339844,0.007799715348974834,-0.0032733291160416123,0.0409998893737793
2025-08-12,0.001420605231715566,-0.001468924187288434,1.4514604618656444,1.405571969224894,66.7462473199943,0.01134543584661274,0.005693377143134448,0.020000457763671875,-0.0025041278217863283,0.004696029130704105,-0.012000083923339844
2025-08-13,0.0035018153184763756,0.001420605231715566,1.451646174733915,1.4061926221550698,58.5454902344631,0.0032300788824048965,-0.003365464312510391,-0.05500030517578125,0.01134543584661274,0.005693377143134448,0.020000457763671875
2025-08-14,-0.0014522994649312948,0.0035018153184763756,1.4520129136202704,1.4067818464041193,59.64717497557074,0.00030309080129242716,-0.0053063213740204285,0.05500030517578125,0.0032300788824048965,-0.003365464312510391,-0.05500030517578125
2025-08-15,0.004042008662628649,-0.0014522994649312948,1.452335296136132,1.4073306669992325,48.87442867589496,-0.0028971350972291088,0.002633971625876086,0.034999847412109375,0.00030309080129242716,-0.0053063213740204285,0.05500030517578125
2025-08-18,-0.0011041294755711362,0.004042008662628649,1.4527128975672068,1.4079099420755272,53.820358108818,-0.00010076318078544588,-1.3395808705962686e-05,0.013000011444091797,-0.0028971350972291088,0.002633971625876086,0.034999847412109375
2025-08-19,0.004424944467653536,-0.0011041294755711362,1.4531281281039419,1.4084460605851437,52.26395833759264,-0.005858103118756786,0.002453542210725246,-0.03900003433227539,-0.00010076318078544588,-1.3395808705962686e-05,0.013000011444091797
2025-08-20,-0.0029005546800653257,0.004424944467653536,1.4535556551206148,1.4089374212300396,62.228409705978066,-0.0024316693228262354,-0.004127759150218013,-0.006000041961669922,-0.005858103118756786,0.002453542210725246,-0.03900003433227539
2025-08-21,0.002495276147313219,-0.0029005546800653257,1.4540354438226266,1.4094057714320891,59.26004462857845,-0.004004181529308926,0.007600289197444932,0.03399991989135742,-0.0024316693228262354,-0.004127759150218013,-0.006000041961669922
2025-08-22,0.003958751998833632,0.002495276147313219,1.4545812435072063,1.4099432678401727,77.97564424347946,0.015186444876893468,0.009571662652810176,-0.06999969482421875,-0.004004181529308926,0.007600289197444932,0.03399991989135742
2025-08-25,-0.00834730412647936,0.003958751998833632,1.4553790481090467,1.410538144615537,85.24812501069249,-0.004266385548063467,-0.012382365777293236,0.014999866485595703,0.015186444876893468,0.009571662652810176,-0.06999969482421875
2025-08-26,-0.007493655280322975,-0.00834730412647936,1.4559525833384088,1.4110546604864067,72.22083428114156,0.004133995191134998,-0.0061500662649254245,-0.017000198364257812,-0.004266385548063467,-0.012382365777293236,0.014999866485595703
2025-08-27,0.008257453878172316,-0.007493655280322975,1.4565216940881003,1.4115589200539223,58.716129350034635,0.0023909843081744153,0.008861170493486892,-0.019999980926513672,0.004133995191134998,-0.0061500662649254245,-0.017000198364257812
2025-08-28,0.0003659150645938136,0.008257453878172316,1.4573546027352449,1.412163424947577,54.10241660834136,0.0031567194195349924,0.008596444662614555,-0.031000137329101562,0.0023909843081744153,0.008861170493486892,-0.019999980926513672
2025-08-29,-0.006688024846894791,0.0003659150645938136,1.4582169112794068,1.412757158347511,55.415954542726105,-0.00639818429357164,-0.007486183229951093,0.020000457763671875,0.0031567194195349924,0.008596444662614555,-0.031000137329101562
2025-09-01,0.0037236812835192757,-0.006688024846894791,1.4587358202223357,1.413327498305705,50.28104553147245,0.0,0.0026601074635508315,0.0,-0.00639818429357164,-0.007486183229951093,0.020000457763671875
2025-09-02,0.000949608827056736,0.0037236812835192757,1.4593339983086144,1.413949147104222,52.219069527269944,-0.006922279936861564,0.014997828719406359,0.04999971389770508,0.0,0.0026601074635508315,0.0
2025-09-03,0.0012584881221630929,0.000949608827056736,1.4598241429597263,1.4146059471122638,50.062101222648515,0.0051000736279842585,-0.001611916531817248,-0.06599998474121094,-0.006922279936861564,0.014997828719406359,0.04999971389770508
2025-09-04,0.010033713786813803,0.0012584881221630929,1.4603344435222942,1.4152094400418174,52.47884477497532,0.008346486409699372,0.0036218791914137682,-0.034999847412109375,0.0051000736279842585,-0.001611916531817248,-0.06599998474121094
2025-09-05,-0.0009720342503720004,0.010033713786813803,1.4609999078934812,1.4158818811865361,57.07851825198126,-0.003165152978388819,0.010224903108166261,-0.09000015258789062,0.008346486409699372,0.0036218791914137682,-0.034999847412109375
2025-09-08,-2.5542266497513565e-05,-0.0009720342503720004,1.4615428474713579,1.4164908376545498,57.192616476592256,0.0021059789159529885,0.0028108576351633108,-0.039999961853027344,-0.003165152978388819,0.010224903108166261,-0.09000015258789062
2025-09-09,-0.0020919386438089105,-2.5542266497513565e-05,1.4621406311950533,1.4171341272266509,53.871951484041794,0.0026881536531127015,0.0004908433340273799,0.0279998779296875,0.0021059789159529885,0.0028108576351633108,-0.039999961853027344
2025-09-10,-0.008707459597976952,-0.0020919386438089105,1.462571388279041,1.417770345641433,54.63500478492929,0.002983469943562689,-0.0031368047812663225,-0.04199981689453125,0.0026881536531127015,0.0004908433340273799,0.0279998779296875
2025-09-11,0.00926931952354475,-0.008707459597976952,1.4626437886145405,1.4183290237004835,45.22580189398484,0.008485890387959882,0.01759631256436367,-0.020999908447265625,0.002983469943562689,-0.0031368047812663225,-0.04199981689453125
2025-09-12,0.005935669102125285,0.00926931952354475,1.462977866223458,1.4189201946551293,49.46159636639983,-0.00048276131466740146,0.003986174138434828,0.04999971389770508,0.008485890387959882,0.01759631256436367,-0.020999908447265625
2025-09-15,0.008710615651337027,0.005935669102125285,1.4635109094788703,1.4195264585658414,60.379663319585255,0.004706619226962694,0.004906030639051373,-0.026999950408935547,-0.00048276131466740146,0.003986174138434828,0.04999971389770508
2025-09-16,0.0013415859638124638,0.008710615651337027,1.4646317899070542,1.4201619723399372,72.32639090140103,-0.0012879303382402618,0.0,-0.007999897003173828,0.004706619226962694,0.004906030639051373,-0.026999950408935547
2025-09-17,0.00032046023144582936,0.0013415859638124638,1.4661057808495355,1.4207139505445403,69.19640816254483,-0.0009701681605103207,-0.008146233412766102,0.05000019073486328,-0.0012879303382402618,0.0,-0.007999897003173828
2025-09-18,-0.0034900682622071135,0.00032046023144582936,1.4676897535140958,1.4212861490614999,69.17696187043786,0.004789119185128365,-0.004420420664185576,0.0279998779296875,-0.0009701681605103207,-0.008146233412766102,0.05000019073486328
2025-09-19,0.007493664894671281,-0.0034900682622071135,1.469209062652955,1.4218176606493285,72.95278796675404,0.004885418870829605,-0.0020168252220486016,0.034999847412109375,0.004789119185128365,-0.004420420664185576,0.0279998779296875
2025-09-22,0.00010525392139323352,0.007493664894671281,1.4709373492134654,1.422431260823915,74.6987764526607,0.004410046474333074,0.013134580123696171,0.004000186920166016,0.004885418870829605,-0.0020168252220486016,0.034999847412109375
2025-09-23,-0.00013502008106800468,0.00010525392139323352,1.4728691921001227,1.4230334073187556,74.34639031699481,-0.005502159197012135,0.005871901635551957,-0.023000240325927734,0.004410046474333074,0.013134580123696171,0.004000186920166016
2025-09-24,-0.0021564801658594092,-0.00013502008106800468,1.4747885677310464,1.4236190748338071,73.62672399712308,-0.002846617843333288,-0.007411505401673013,0.026999950408935547,-0.005502159197012135,0.005871901635551957,-0.023000240325927734
2025-09-25,0.0002226726114610722,-0.0021564801658594092,1.476667316148973,1.424181925986618,65.29137348457566,-0.0050090613431266195,0.0006314392113087042,0.02500009536743164,-0.002846617843333288,-0.007411505401673013,0.026999950408935547
2025-09-26,0.005145714303654425,0.0002226726114610722,1.4784049834188766,1.4247829598984765,66.71561138983432,0.005901836747171263,0.005844394571044242,0.014999866485595703,-0.0050090613431266195,0.0006314392113087042,0.02500009536743164
2025-09-29,0.0009025783558569312,0.005145714303654425,1.480311368614669,1.4254333708827038,69.89391425244709,0.00263554421636214,0.004863826524502901,-0.046000003814697266,0.005901836747171263,0.005844394571044242,0.014999866485595703
2025-09-30,0.002775142509236794,0.0009025783558569312,1.4823580753805958,1.426195305301644,73.10640785809836,0.0040908483833717035,0.004878591726290349,0.006999969482421875,0.00263554421636214,0.004863826524502901,-0.046000003814697266
2025-10-01,-0.00743232700075599,0.002775142509236794,1.4845274778298778,1.42700783691137,87.83644021871869,0.003399920834961989,-0.015669436955006555,-0.04199981689453125,0.0040908483833717035,0.004878591726290349,0.006999969482421875
2025-10-02,0.0019332130428205252,-0.00743232700075599,1.4858669602094077,1.4277088635475186,71.13115568506038,0.0006183547238911569,0.004692251952944648,-0.018000125885009766,0.003399920834961989,-0.015669436955006555,-0.04199981689453125
2025-10-03,-0.003915571852951061,0.0019332130428205252,1.4872241799329304,1.428441173053966,68.46191892482027,6.551280273581206e-05,-0.003791027585383855,0.031000137329101562,0.0006183547238911569,0.004692251952944648,-0.018000125885009766
2025-10-06,-0.002761813956992809,-0.003915571852951061,1.4880110902887147,1.4291371247594014,54.02450819571557,0.0036465919796933033,-0.02549411665505208,0.043000221252441406,6.551280273581206e-05,-0.003791027585383855,0.031000137329101562
2025-10-07,-0.007986580994834147,-0.002761813956992809,1.4887890771634305,1.4298130039843635,48.60412093586123,-0.0038114057910215715,-0.003119674344825407,-0.03500032424926758,0.0036465919796933033,-0.02549411665505208,0.043000221252441406
2025-10-08,0.0007492188271662093,-0.007986580994834147,1.4892970650330764,1.4304938940842755,39.92864232444397,0.0058276636405680815,0.01117329924064725,0.0020003318786621094,-0.0038114057910215715,-0.003119674344825407,-0.03500032424926758
2025-10-09,-0.0010667690887866787,0.0007492188271662093,1.4900644723618444,1.4312449339475821,44.12510882691581,-0.002755570407195318,-0.0011373236877233461,0.018999576568603516,0.0058276636405680815,0.01117329924064725,0.0020003318786621094
2025-10-10,-0.01660356606987178,-0.0010667690887866787,1.4907889694992889,1.4319645028905206,31.728258169112536,-0.02711167321141361,-0.004116766731473986,-0.0969996452331543,-0.002755570407195318,-0.0011373236877233461,0.018999576568603516
2025-10-13,0.005190015363189193,-0.01660356606987178,1.4914615330799794,1.432545130620836,21.889677760984696,0.015598671787557583,0.007861458980812586,0.0,-0.02711167321141361,-0.004116766731473986,-0.0969996452331543
2025-10-14,-0.0009258669979569034,0.005190015363189193,1.4924010050073204,1.4332173371041568,28.668518182410168,-0.0015643266604626893,-0.004250444231700401,-0.029000282287597656,0.015598671787557583,0.007861458980812586,0.0
2025-10-15,0.004850060677390977,-0.0009258669979569034,1.4932206398783958,1.4338777290144182,29.296947677082002,0.004026001159503689,0.01401512320547127,0.024000167846679688,-0.0015643266604626893,-0.004250444231700401,-0.029000282287597656
2025-10-16,0.012816839106444744,0.004850060677390977,1.4939320565880416,1.434543964309241,34.45687717476528,-0.006294387099829435,0.014715375484577464,-0.06999993324279785,0.004026001159503689,0.01401512320547127,0.024000167846679688
2025-10-17,0.0003295915031187757,0.012816839106444744,1.494611398419259,1.4353688956613664,41.48529859041251,0.0052707155502571545,-0.012801061143471015,0.03099989891052246,-0.006294387099829435,0.014715375484577464,-0.06999993324279785
2025-10-20,0.007056574503196455,0.0003295915031187757,1.4953282722925618,1.4361735006662135,40.991152653964576,0.010672270853256949,-0.00115914749705881,-0.020999908447265625,0.0052707155502571545,-0.012801061143471015,0.03099989891052246
2025-10-21,-0.0014259865055976984,0.007056574503196455,1.4963011477446426,1.437099067003723,44.40800205380348,3.2696450934288634e-05,-0.014570067294894185,-0.023000001907348633,0.010672270853256949,-0.00115914749705881,-0.020999908447265625
2025-10-22,0.0045606404948573265,-0.0014259865055976984,1.4971889712586925,1.4380249512278223,48.44345965081398,-0.005337539220865439,0.008793561265368899,-0.009999990463256836,3.2696450934288634e-05,-0.014570067294894185,-0.023000001907348633
2025-10-23,-0.0003037657293945339,0.0045606404948573265,1.498112008125252,1.4389992968720497,50.39007529303287,0.0058273934429324825,0.003323372772261912,0.037999868392944336,-0.005337539220865439,0.008793561265368899,-0.009999990463256836
2025-10-24,-0.0032371181709479613,-0.0003037657293945339,1.4990686876754347,1.4399802593765059,53.164678981943176,0.00790242258787388,-0.005957556899990002,0.006000041961669922,0.0058273934429324825,0.003323372772261912,0.037999868392944336
2025-10-27,0.007202096198070607,-0.0032371181709479613,1.4998075864278042,1.440997921172969,52.77294933534769,0.012290050865671143,0.011690355578028777,0.0,0.00790242258787388,-0.005957556899990002,0.006000041961669922
2025-10-28,0.011118030833154657,0.007202096198070607,1.500797773223489,1.441994384819054,64.37295264602083,0.0022879438603986557,0.015113691465971302,-0.01399993896484375,0.012290050865671143,0.011690355578028777,0.0
2025-10-29,-0.004653710630749286,0.011118030833154657,1.5019969477733874,1.4430520481499698,69.27652546670124,-4.3578255173426506e-05,0.008879865679504828,0.07500004768371582,0.0022879438603986557,0.015113691465971302,-0.01399993896484375
2025-10-30,-0.007836442486098938,-0.004653710630749286,1.5031384545904656,1.4440460825876955,66.07272802410361,-0.00990481243951924,-0.007308150715887529,0.034999847412109375,-4.3578255173426506e-05,0.008879865679504828,0.07500004768371582
2025-10-31,0.007835496150706334,-0.007836442486098938,1.5039649459924964,1.4448767775248834,73.92480691941682,0.0026179217059763005,-0.0019189053481645235,0.007999897003173828,-0.00990481243951924,-0.007308150715887529,0.034999847412109375
2025-11-03,-0.002924036689820453,0.007835496150706334,1.5049130458175524,1.4457855709354508,74.92408607548872,0.0017207127269924793,-0.0018367145002368135,0.005000114440917969,0.0026179217059763005,-0.0019189053481645235,0.007999897003173828
2025-11-04,0.001209800638351155,-0.002924036689820453,1.5060200724286839,1.446624961003723,72.89638325842395,-0.011736830084583816,-0.004200220507056485,-0.01699972152709961,0.0017207127269924793,-0.0018367145002368135,0.005000114440917969
2025-11-05,0.0037908989128282,0.001209800638351155,1.5073857727046478,1.4473915119785514,71.58582856103536,0.0036535556982648654,0.0158321795974925,0.06799983978271484,-0.011736830084583816,-0.004200220507056485,-0.01699972152709961
2025-11-06,-0.007314948858421844,0.0037908989128282,1.508625577568903,1.4481429488827322,67.70077064666263,-0.011178189042419073,-0.004502955611618953,-0.06400012969970703,0.0036535556982648654,0.0158321795974925,0.06799983978271484
2025-11-07,0.007094605333146575,-0.007314948858421844,1.509629054430506,1.4488803978445006,60.46336087034495,0.0012618418007710464,0.0044855573411795024,0.0,-0.011178189042419073,-0.004502955611618953,-0.06400012969970703
2025-11-10,-0.0038020928253435617,0.007094605333146575,1.5110475957439726,1.4496774383797078,60.542948935971395,0.01540101862170995,-0.004451473959814156,0.017000198364257812,0.0012618418007710464,0.0044855573411795024,0.0
2025-11-11,0.019159467231989868,-0.0038020928253435617,1.512239481775029,1.4505012903527188,58.538966648487474,0.002075350517340535,0.019451256610067302,0.009999752044677734,0.01540101862170995,-0.004451473959814156,0.017000198364257812
2025-11-12,-0.013812434277707208,0.019159467231989868,1.5139915770435608,1.4514929500543416,65.49497536096699,0.0006295171887717999,-0.017577535133237676,-0.05499982833862305,0.002075350517340535,0.019451256610067302,0.009999752044677734
2025-11-13,-0.012749523584625477,-0.013812434277707208,1.5152743060160747,1.4523047787519117,56.57330014293925,-0.01655685496159698,-0.010463868368601026,0.04699993133544922,0.0006295171887717999,-0.017577535133237676,-0.05499982833862305
2025-11-14,-0.0009517669792756922,-0.012749523584625477,1.5158668615699395,1.453021060807937,51.66673021995116,-0.0005017255648851471,-0.0032114871888161423,0.03599977493286133,-0.01655685496159698,-0.010463868368601026,0.04699993133544922
2025-11-17,-0.005047192124463295,-0.0009517669792756922,1.5164594585722744,1.4536366772587976,47.9088026164212,-0.00916226617680782,0.0,-0.014999866485595703,-0.0005017255648851471,-0.0032114871888161423,0.03599977493286133
2025-11-18,-0.004886240254985097,-0.005047192124463295,1.516899203869795,1.4542605026587285,39.62002612537504,-0.008256436690967983,-0.005522016022808551,-0.009999752044677734,-0.00916226617680782,0.0,-0.014999866485595703
2025-11-19,-0.006017089512513718,-0.004886240254985097,1.5172534124438943,1.4548091679034543,39.566116169826415,0.0037538357962292324,0.0015508552138738807,0.009999752044677734,-0.008256436690967983,-0.005522016022808551,-0.009999752044677734
2025-11-20,-0.006445436230789925,-0.006017089512513718,1.5176856082389492,1.455197845059176,40.36293119574128,-0.015567283563270418,-0.006578333048505303,-0.026999950408935547,0.0037538357962292324,0.0015508552138738807,0.009999752044677734
2025-11-21,0.007478571289567882,-0.006445436230789925,1.5176511119084752,1.4554727183188974,32.81481381806421,0.009823035415319481,0.0033252933019536357,-0.0429997444152832,-0.015567283563270418,-0.006578333048505303,-0.026999950408935547
2025-11-24,0.0038048109671015573,0.007478571289567882,1.5176623269304212,1.4557530877701748,38.67615940988665,0.015467217001293498,0.010429352307216533,-0.02500009536743164,0.009823035415319481,0.0033252933019536357,-0.0429997444152832
2025-11-25,0.005660731817480525,0.0038048109671015573,1.5175265531550481,1.456135067010955,40.18332619076088,0.009061696817220577,0.011067183946207537,-0.03600025177001953,0.015467217001293498,0.010429352307216533,-0.02500009536743164
2025-11-26,0.0011513983496961755,0.005660731817480525,1.5175205871440207,1.4565708314955024,41.19624851764651,0.006906711511012631,0.0004453458882933692,-0.003999948501586914,0.009061696817220577,0.011067183946207537,-0.03600025177001953
2025-11-27,-0.005999523125257355,0.0011513983496961755,1.5175397688725158,1.4569889735605062,44.98232481013847,0.0,-0.00866472136672869,0.0,0.006906711511012631,0.0004453458882933692,-0.003999948501586914
2025-11-28,0.014950578858902386,-0.005999523125257355,1.517482843598387,1.4573490208180127,38.18336426227537,0.005354773163420257,0.014387984037982582,0.01900029182434082,0.0,-0.00866472136672869,0.0
2025-12-01,-0.0030852287325080275,0.014950578858902386,1.5176500912379176,1.4578146268507788,47.99601458028372,-0.005323329342915684,-0.0007178404763998891,0.07899999618530273,0.005354773163420257,0.014387984037982582,0.01900029182434082
2025-12-02,0.011108760736107347,-0.0030852287325080275,1.5177198236293656,1.458275551938938,35.44893921024479,0.002457235261999813,0.004240372647786206,-0.010000228881835938,-0.005323329342915684,-0.0007178404763998891,0.07899999618530273
2025-12-03,-0.008044533136665866,0.011108760736107347,1.5181322078091404,1.4588293898866838,49.19080373465295,0.0029797912994984355,-0.0034968009697102787,-0.028999805450439453,0.002457235261999813,0.004240372647786206,-0.010000228881835938
2025-12-04,-0.004155289056270295,-0.008044533136665866,1.5183622672403863,1.4593633766596938,51.98773399534516,0.0010803218396737702,0.0018462687515987675,0.05099964141845703,0.0029797912994984355,-0.0034968009697102787,-0.028999805450439453
2025-12-05,-0.002315268799585013,-0.004155289056270295,1.5184585598892428,1.459892915909148,50.07038872456718,0.001936641757662061,-0.005282262207770949,0.031000137329101562,0.0010803218396737702,0.0018462687515987675,0.05099964141845703
2025-12-08,-0.0019766274967614184,-0.002315268799585013,1.518328241152468,1.460464227341653,51.687305891718175,-0.003477255626794018,0.002361994829534586,0.03299999237060547,0.001936641757662061,-0.005282262207770949,0.031000137329101562
2025-12-09,0.004109756293828671,-0.0019766274967614184,1.5181103667804212,1.4609708522602571,53.51520020907641,-0.0008763589340257116,0.0026237200525751625,0.01399993896484375,-0.003477255626794018,0.002361994829534586,0.03299999237060547
2025-12-10,-0.0010944564018923297,0.004109756293828671,1.5179323382744943,1.4615662282874622,59.891578223712614,0.00674955693920154,-0.004478886641704594,-0.021999835968017578,-0.0008763589340257116,0.0026237200525751625,0.01399993896484375
2025-12-11,0.0022338507005982056,-0.0010944564018923297,1.5179485154350123,1.462203202500027,64.10625753081217,0.002079350841514227,0.02054382957573697,-0.023000240325927734,0.00674955693920154,-0.004478886641704594,-0.021999835968017578
2025-12-12,0.000809982972096146,0.0022338507005982056,1.5179738632605182,1.4627855197399402,61.48222339236297,-0.010663649289958,0.0,0.05299997329711914,0.002079350841514227,0.02054382957573697,-0.023000240325927734
2025-12-15,-0.0048832010038831865,0.000809982972096146,1.5181430897086141,1.4634224081746998,59.78264418365478,-0.0015965630269072495,-0.005963495749500947,-0.01199960708618164,-0.010663649289958,0.0,0.05299997329711914
2025-12-16,-0.0071416770355016475,-0.0048832010038831865,1.518247162159946,1.4639865126345573,51.923889172230886,-0.0023839179519623555,-0.017027117114398194,-0.03299999237060547,-0.0015965630269072495,-0.005963495749500947,-0.01199960708618164
2025-12-17,-0.00194341242931384,-0.0071416770355016475,1.51837604094641,1.4646309973402385,46.01124195769073,-0.011592143912241393,-0.011115021631727395,0.0019998550415039062,-0.0023839179519623555,-0.017027117114398194,-0.03299999237060547
2025-12-18,0.010273383056676466,-0.00194341242931384,1.5184238953838898,1.4653395294158398,48.759741578484125,0.007934262269941872,0.020459002686481487,-0.034999847412109375,-0.011592143912241393,-0.011115021631727395,0.0019998550415039062
2025-12-19,0.004750083770748925,0.010273383056676466,1.5188126796019994,1.4661133290833994,44.98957290114734,0.008818059450332205,0.0025022231848643717,0.034999847412109375,0.007934262269941872,0.020459002686481487,-0.034999847412109375
2025-12-22,-0.0008183033869145984,0.004750083770748925,1.5198436760729066,1.4669799879962167,51.16727032088637,0.006436496360377575,0.01268153057726873,0.018000125885009766,0.008818059450332205,0.0025022231848643717,0.034999847412109375
2025-12-23,0.007966309741794719,-0.0008183033869145984,1.5206966396137829,1.4677896473075436,40.42657770461676,0.004550388765703239,0.012615769174781244,0.0,0.006436496360377575,0.01268153057726873,0.018000125885009766
2025-12-24,0.00462161607551328,0.007966309741794719,1.5218199952623517,1.4686490567133188,55.24242595233602,0.0032214822012188726,0.0003205016738501154,-0.03299999237060547,0.004550388765703239,0.012615769174781244,0.0
2025-12-26,0.001213210540840326,0.00462161607551328,1.5229417769531326,1.4695367050854704,63.2595483220908,-0.00030436354912266594,0.00030373014190065994,0.0,0.0032214822012188726,0.0003205016738501154,-0.03299999237060547
2025-12-29,-0.0021296608269594673,0.001213210540840326,1.523719596686934,1.4704054512489098,66.82755265293717,-0.00349205148036813,-0.004407332349852799,-0.019999980926513672,-0.00030436354912266594,0.00030373014190065994,0.0
2025-12-30,-0.010639223520343476,-0.0021296608269594673,1.5244216347787516,1.4712431376968658,66.59057701271294,-0.0013756671519022934,-0.015002643337390986,0.01399993896484375,-0.00349205148036813,-0.004407332349852799,-0.019999980926513672
2025-12-31,-0.0014909391532446302,-0.010639223520343476,1.5245826529478783,1.4720023346060542,52.48600037179324,-0.007357666300846111,-0.0009074592445931229,0.03299999237060547,-0.0013756671519022934,-0.015002643337390986,0.01399993896484375
2026-01-02,-0.008218299769865689,-0.0014909391532446302,1.5247414588242716,1.4727089533057016,52.141097231873694,0.0018947067188299638,-0.0025957724880187882,0.023999691009521484,-0.007357666300846111,-0.0009074592445931229,0.03299999237060547
2026-01-05,0.00048129963486327477,-0.008218299769865689,1.5245114927136378,1.4733342515454981,44.14396924415451,0.006354126864826393,0.013610745504253563,-0.021999835968017578,0.0018947067188299638,-0.0025957724880187882,0.023999691009521484
2026-01-06,-0.000430091075935668,0.00048129963486327477,1.5243053282403554,1.4739648561372207,43.86518563608291,0.006196712678341321,0.00012100689997684988,0.01399993896484375,0.006354126864826393,0.013610745504253563,-0.021999835968017578
2026-01-07,0.0019170252108826392,-0.000430091075935668,1.5241847257532586,1.4745038941830555,47.013218545759045,-0.003439923431013958,-0.0023151934857863488,-0.0409998893737793,0.006196712678341321,0.00012100689997684988,0.01399993896484375
2026-01-08,0.009713529539549015,0.0019170252108826392,1.5239034838428962,1.4751252372055919,54.65594550564448,7.65482590914246e-05,0.010009179778234234,0.04500007629394531,-0.003439923431013958,-0.0023151934857863488,-0.0409998893737793
2026-01-09,0.00777694744439601,0.009713529539549015,1.523576574773851,1.4758376209989281,63.05019876241454,0.006475487031883276,0.00826613409260002,-0.012000083923339844,7.65482590914246e-05,0.010009179778234234,0.04500007629394531
2026-01-12,0.003704288933408517,0.00777694744439601,1.5236313508152137,1.4765193475612417,61.6677655549475,0.001577633215136931,0.010338557819493,0.015999794006347656,0.006475487031883276,0.00826613409260002,-0.012000083923339844
2026-01-13,-0.009457202090982542,0.003704288933408517,1.5240413898216942,1.477182651256071,61.04997865250931,-0.0019391230550597216,-0.006115570804165693,-0.015999794006347656,0.001577633215136931,0.010338557819493,0.015999794006347656
2026-01-14,0.003520203503954833,-0.009457202090982542,1.5239196961507506,1.4778562633995438,53.405242558109514,-0.005333360445499591,0.016064179461300565,-0.031000137329101562,-0.0019391230550597216,-0.006115570804165693,-0.015999794006347656
2026-01-15,-0.0024388329466049517,0.003520203503954833,1.5239958240620157,1.4788867660754317,50.26106063125054,0.0025799262171273263,-0.011183419154865204,0.019999980926513672,-0.005333360445499591,0.016064179461300565,-0.031000137329101562
2026-01-16,-0.0015853384240940072,-0.0024388329466049517,1.5239598483188794,1.4799858970852322,44.660470023155995,-0.0006423023039563436,0.007379346270144582,0.0710000991821289,0.0025799262171273263,-0.011183419154865204,0.019999980926513672
2026-01-19,0.00488833310610901,-0.0015853384240940072,1.5237588196846539,1.4811163181652935,42.47883011978363,0.0,0.0048660342455058014,0.0,-0.0006423023039563436,0.007379346270144582,0.0710000991821289
2026-01-20,-0.00888398437077933,0.00488833310610901,1.5239330047654787,1.481866915180725,48.09961085743357,-0.02062675805627745,0.0031950417102784012,0.06400012969970703,0.0,0.0048660342455058014,0.0
2026-01-21,-0.0032366059047519657,-0.00888398437077933,1.5236166659561514,1.482726011118488,49.435269788052814,0.011587741323274559,0.005211766689871444,-0.04200029373168945,-0.02062675805627745,0.0031950417102784012,0.06400012969970703
2026-01-22,0.014933023299109938,-0.0032366059047519657,1.5233187788008207,1.4834969535619715,48.138171883766205,0.005487502192628835,0.004583501987971639,-0.0039997100830078125,0.011587741323274559,0.005211766689871444,-0.04200029373168945
2026-01-23,0.007159742448802753,0.014933023299109938,1.5228866833934895,1.4843159914794217,64.09256464837524,0.0003268698377891788,-0.002236029984885479,-0.010000228881835938,0.005487502192628835,0.004583501987971639,-0.0039997100830078125
2026-01-26,0.0007291672058270082,0.007159742448802753,1.5231077166614704,1.4851920595398176,67.13222507661533,0.005006083031276365,0.007491483253654341,-0.026000022888183594,0.0003268698377891788,-0.002236029984885479,-0.010000228881835938
2026-01-27,0.005232637013788488,0.0007291672058270082,1.5237448358391494,1.4861016868881083,67.7932823457271,0.004081896177137168,0.002497733777920619,0.010000228881835938,0.005006083031276365,0.007491483253654341,-0.026000022888183594
2026-01-28,-0.0018368610881847158,0.005232637013788488,1.524573693753238,1.4870261335909467,69.11551160961977,-8.172305219089626e-05,0.015710264284332087,0.0279998779296875,0.004081896177137168,0.002497733777920619,0.010000228881835938
2026-01-29,-0.01617213615770672,-0.0018368610881847158,1.5254987372929767,1.4879277171698293,63.47762288544152,-0.001292631274007694,-0.006679512599045534,-0.023999691009521484,-8.172305219089626e-05,0.015710264284332087,0.0279998779296875
2026-01-30,-0.0006947502269789796,-0.01617213615770672,1.526067062364775,1.488606740172892,47.70923035410657,-0.004301899620894223,-0.02724723500120463,0.01399993896484375,-0.001292631274007694,-0.006679512599045534,-0.023999691009521484
2026-02-02,0.005610092720412097,-0.0006947502269789796,1.5267953756988444,1.4891989277719246,44.90263115917755,0.00539126612916796,0.0,0.03399991989135742,-0.004301899620894223,-0.02724723500120463,0.01399993896484375
2026-02-03,0.00988102334590547,0.005610092720412097,1.5278888697531008,1.489770525129059,54.449889083515494,-0.008403983020698336,0.03159974047305192,-0.0009999275207519531,0.00539126612916796,0.0,0.03399991989135742
2026-02-04,0.001277123665783786,0.00988102334590547,1.5290646645964554,1.4903879585792474,57.94642951090561,-0.005072391906223106,-0.01440272603182935,0.0009999275207519531,-0.008403983020698336,0.03159974047305192,-0.0009999275207519531
2026-02-05,-0.003993465301360721,0.001277123665783786,1.5301661756191265,1.490999784072674,60.32450703183511,-0.012251015567674717,0.0018564305791353153,-0.06500005722045898,-0.005072391906223106,-0.01440272603182935,0.0009999275207519531
2026-02-06,0.012980543446287175,-0.003993465301360721,1.530972733061034,1.491686846171989,58.566928303748696,0.0196957966973359,0.028337754400455717,-0.004000186920166016,-0.012251015567674717,0.0018564305791353153,-0.06500005722045898
2026-02-09,-0.00048523914796622103,0.012980543446287175,1.5321477877714436,1.4924749067788812,62.24050213288438,0.004691086716887227,0.009884014398212626,-0.007999897003173828,0.0196957966973359,0.028337754400455717,-0.004000186920166016
2026-02-10,-0.0003531246004782274,-0.00048523914796622103,1.5334893629589446,1.4932038069997466,68.41408765900705,-0.003303712975458173,-0.0033267017800312493,-0.051000118255615234,0.004691086716887227,0.009884014398212626,-0.007999897003173828
2026-02-11,0.000135085958797454,-0.0003531246004782274,1.534369522511171,1.4940102430025113,70.79754120179237,-4.895607156218951e-05,0.004627218078739226,0.02500009536743164,-0.003303712975458173,-0.0033267017800312493,-0.051000118255615234
2026-02-12,-0.008017679034247039,0.000135085958797454,1.5353482457756311,1.4948312727805075,64.4373638566299,-0.01566101212770199,-0.009962277030166944,-0.06799983978271484,-4.895607156218951e-05,0.004627218078739226,0.02500009536743164
2026-02-13,0.004952834245247983,-0.008017679034247039,1.5357362318201977,1.4954907328331712,52.93773845980524,0.0004990891480125548,0.008333894480832438,-0.04799985885620117,-0.01566101212770199,-0.009962277030166944,-0.06799983978271484
2026-02-16,-0.0012628056452988034,0.004952834245247983,1.5365266425503084,1.496158445501113,55.7230761893213,0.0,-0.0017560929331331687,0.0,0.0004990891480125548,0.008333894480832438,-0.04799985885620117
2026-02-17,0.0105379295962579,-0.0012628056452988034,1.5374044676085123,1.4968829740229108,51.25191907168264,0.0010313220779065713,-0.002769340630211392,-0.004000186920166016,0.0,-0.0017560929331331687,0.0
2026-02-18,-0.006617268840395207,0.0105379295962579,1.538682785103344,1.4976771662898785,59.255887505226035,0.005566070147410729,-0.003801084066540672,0.026999950408935547,0.0010313220779065713,-0.002769340630211392,-0.004000186920166016
2026-02-19,0.002551844083485377,-0.006617268840395207,1.5398117129418554,1.498296589373793,67.65771062694661,-0.0028221256867719813,-0.0005581205884336304,-0.004000186920166016,0.005566070147410729,-0.003801084066540672,0.026999950408935547
2026-02-20,0.005280145977217843,0.002551844083485377,1.5408963032296297,1.4989132827519387,69.54336314107412,0.006939724763506794,0.008340534286461532,0.01100015640258789,-0.0028221256867719813,-0.0005581205884336304,-0.004000186920166016
2026-02-23,-0.006952885672259823,0.005280145977217843,1.5421806206831707,1.4995690082838729,69.46202085258939,-0.010385652247284827,-0.01123757337969733,-0.057000160217285156,0.006939724763506794,0.008340534286461532,0.01100015640258789
2026-02-24,0.005545158442587994,-0.006952885672259823,1.5431767314462355,1.5001419925434378,57.4623165150363,0.0076516140863223114,0.004262081159608133,0.004000186920166016,-0.010385652247284827,-0.01123757337969733,-0.057000160217285156
2026-02-25,-0.0005740782874321115,0.005545158442587994,1.5443226367962821,1.5007178035810869,60.083395125022356,0.008136355657339944,0.0029538560762814026,0.014999866485595703,0.0076516140863223114,0.004262081159608133,0.004000186920166016
2026-02-26,0.004341690217126437,-0.0005740782874321115,1.5455992806991221,1.5012494303487867,63.15859566185477,-0.005365580569328343,0.0034542447095622375,-0.03099966049194336,0.008136355657339944,0.0029538560762814026,0.014999866485595703
2026-02-27,-0.005222721190740498,0.004341690217126437,1.5472299153257134,1.5018637215398112,57.752831366813794,-0.00433935281103115,0.00021952448108342182,-0.05500030517578125,-0.005365580569328343,0.0034542447095622375,-0.03099966049194336
2026-03-02,-0.005037988602205401,-0.005222721190740498,1.5487532378604916,1.5024652466139485,53.32434197427653,0.0003983547353176853,-0.011497997962568451,0.08599996566772461,-0.00433935281103115,0.00021952448108342182,-0.05500030517578125
2026-03-03,-0.008808498996806025,-0.005037988602205401,1.5498084966566834,1.503072432001047,49.58616582995882,-0.009444031095625416,-0.03043847555598056,0.008000373840332031,0.0003983547353176853,-0.011497997962568451,0.08599996566772461
2026-03-04,0.013138978051128136,-0.008808498996806025,1.5504425862895637,1.5035949160263626,43.738735776375265,0.007756049264286302,0.02910406707153701,0.023999691009521484,-0.009444031095625416,-0.03043847555598056,0.008000373840332031
2026-03-05,-0.009213387788785022,0.013138978051128136,1.551511006507396,1.5042046417784416,57.13982279038881,-0.005646704863891072,-0.02908798298972759,0.06599998474121094,0.007756049264286302,0.02910406707153701,0.023999691009521484
2026-03-06,-0.009474670162080034,-0.009213387788785022,1.5520456592754117,1.504668440392308,48.46119687931474,-0.013276795812569242,-0.015588342892815632,-0.013000011444091797,-0.005646704863891072,-0.02908798298972759,0.06599998474121094
2026-03-09,1.5603543516462536e-05,-0.009474670162080034,1.552141931865899,1.5050675101343682,44.22197493168068,0.008304161513105202,-0.006287394987632533,0.0030002593994140625,-0.013276795812569242,-0.015588342892815632,-0.013000011444091797
2026-03-10,-0.0033264861272310543,1.5603543516462536e-05,1.5522012218313528,1.505448375616273,37.166422729047,-0.0021351198877325173,0.0075895049670313686,0.0,0.008304161513105202,-0.006287394987632533,0.0030002593994140625
2026-03-11,0.0035429332801937053,-0.0033264861272310543,1.5522233097422125,1.5058395478833038,38.74852359215513,-0.0008376012017449197,0.002401316064011505,0.07200002670288086,-0.0021351198877325173,0.0075895049670313686,0.0
2026-03-12,-0.01325927689211237,0.0035429332801937053,1.5526830423609892,1.5062568262297884,39.455193311894455,-0.015227676506708532,-0.021817251665538828,0.06499958038330078,-0.0008376012017449197,0.002401316064011505,0.07200002670288086
2026-03-13,-0.005205897305258611,-0.01325927689211237,1.5527774501272602,1.5065885137360349,29.97395239632226,-0.006059115470564369,-0.006611195859928309,0.012000083923339844,-0.015227676506708532,-0.021817251665538828,0.06499958038330078
2026-03-16,0.005748126773422668,-0.005205897305258611,1.5529631830631345,1.5068998993805738,30.649804583942583,0.010130883162251969,0.0,-0.06500005722045898,-0.006059115470564369,-0.006611195859928309,0.012000083923339844
2026-03-17,0.0041987379998974835,0.005748126773422668,1.553309194805632,1.5072546267143887,30.658882534267875,0.0024942548757938,0.008347673347566253,-0.017999649047851562,0.010130883162251969,0.0,-0.06500005722045898
2026-03-18,-0.01506775573931557,0.0041987379998974835,1.5537966518203903,1.5076254653921652,34.01230205495368,-0.013607567880073446,-0.006309890258775708,0.05699968338012695,0.0024942548757938,0.008347673347566253,-0.017999649047851562
2026-03-19,-0.0013250207358689648,-0.01506775573931557,1.5537633039435845,1.5078981722784777,26.132260940155334,-0.002748797741878972,-0.008814760454032955,0.02200031280517578,-0.013607567880073446,-0.006309890258775708,0.05699968338012695
2026-03-20,-0.011520928039332268,-0.0013250207358689648,1.5533956586123647,1.5081312090700545,27.219983798194576,-0.015138182356779217,-0.016326837754805812,0.1099996566772461,-0.002748797741878972,-0.008814760454032955,0.02200031280517578
2026-03-23,-0.002114808224407849,-0.011520928039332268,1.5524420666989256,1.508311828981808,25.61805954024129,0.011453200463990454,0.0036805356678006884,-0.05699968338012695,-0.015138182356779217,-0.016326837754805812,0.1099996566772461
2026-03-24,0.003474462583998672,-0.002114808224407849,1.5513111434100526,1.5084746806828624,27.444909778412935,-0.0037425745042546366,0.021814054682931294,0.05800008773803711,0.011453200463990454,0.0036805356678006884,-0.05699968338012695
2026-03-25,0.016450989888866775,0.003474462583998672,1.550576328763469,1.5086970297102047,19.200092157771564,0.005419124381509377,0.036677396879377655,-0.06400012969970703,-0.0037425745042546366,0.021814054682931294,0.05800008773803711
2026-03-26,-0.009273596920888517,0.016450989888866775,1.5502256535286159,1.509048533339431,34.875615685799545,-0.017406172392416708,-0.016517046892574494,0.08799982070922852,0.005419124381509377,0.036677396879377655,-0.06400012969970703
2026-03-27,-0.0051285934254663105,-0.009273596920888517,1.5496680608141975,1.5093838439814562,35.05014312331953,-0.01672184352107431,-0.0056006324433366395,0.024000167846679688,-0.017406172392416708,-0.016517046892574494,0.08799982070922852
2026-03-30,0.006784654996719863,-0.0051285934254663105,1.5490046381352993,1.5096859095310253,33.254124476540426,-0.003945748828622642,0.0060265163909507535,-0.09800004959106445,-0.01672184352107431,-0.0056006324433366395,0.024000167846679688
2026-03-31,0.013573054059831058,0.006784654996719863,1.5483947919693453,1.5100434406111838,38.680383185203304,0.02913114047102594,0.02270281248245931,-0.031000137329101562,-0.003945748828622642,0.0060265163909507535,-0.09800004959106445
2026-04-01,0.003423755759102276,0.013573054059831058,1.5484678097802032,1.510466972925666,44.04132744017572,0.007168516684867399,0.01590574632334696,0.007999897003173828,0.02913114047102594,0.02270281248245931,-0.031000137329101562
2026-04-02,0.001008830583252618,0.003423755759102276,1.5487442369130664,1.5109091239493824,51.703446570641425,0.0011208758485563575,0.0,-0.005999565124511719,0.007168516684867399,0.01590574632334696,0.007999897003173828
2026-04-06,-0.0001558268669756835,0.001008830583252618,1.548597591457381,1.5113249987135395,54.94725265350799,0.0044267825126402816,-0.010263556059336931,0.021999835968017578,0.0011208758485563575,0.0,-0.005999565124511719
2026-04-07,-0.003991417198830638,-0.0001558268669756835,1.5482252246814132,1.511735422720313,52.068823080083426,0.0007592481161695641,-0.006630473815749438,0.007999897003173828,0.0044267825126402816,-0.010263556059336931,0.021999835968017578
2026-04-08,0.015365788104668755,-0.003991417198830638,1.5477076332223243,1.5120798096312236,47.62570063573371,0.025081414644149813,0.024698064466115,-0.05200004577636719,0.0007592481161695641,-0.006630473815749438,0.007999897003173828
2026-04-09,0.0026270997099060666,0.015365788104668755,1.5474972462106444,1.5125183115018785,64.11829251134722,0.006170023529293189,0.001316254254796645,0.0020003318786621094,0.025081414644149813,0.024698064466115,-0.05200004577636719
2026-04-10,-0.0007569539480580701,0.0026270997099060666,1.5474258694876803,1.5129911104613765,66.0335741211725,-0.0011385210916523558,-0.0041356785214932135,0.023999691009521484,0.006170023529293189,0.001316254254796645,0.0020003318786621094
2026-04-13,-1.2448537679565774e-05,-0.0007569539480580701,1.5478356077422097,1.5134318677074798,74.45114087514536,0.010173274948748201,-0.006115925102705644,-0.019999980926513672,-0.0011385210916523558,-0.0041356785214932135,0.023999691009521484
2026-04-14,-0.0013956929971397302,-1.2448537679565774e-05,1.5482662891102859,1.5138477654156552,76.3333244613136,0.011782866364792755,-0.009392494109625393,-0.0409998893737793,0.010173274948748201,-0.006115925102705644,-0.019999980926513672
2026-04-15,0.006808548241167089,-0.0013956929971397302,1.5484814252550638,1.5142498182850244,73.9539239031622,0.007975783355387733,0.010055632569615502,0.026000022888183594,0.011782866364792755,-0.009392494109625393,-0.0409998893737793
2026-04-16,-0.0031296420098703703,0.006808548241167089,1.548603230882353,1.5147102829720251,70.54425494095686,0.0026099558353673835,-0.007750265531860867,0.026999950408935547,0.007975783355387733,0.010055632569615502,0.026000022888183594
2026-04-17,0.005496440015424453,-0.0031296420098703703,1.5485873496159916,1.5152279670743054,77.17242993763429,0.012040463669150903,0.010578389385179854,-0.06300020217895508,0.0026099558353673835,-0.007750265531860867,0.026999950408935547
2026-04-20,-0.000246945956692457,0.005496440015424453,1.5488674444688089,1.51586663638085,85.1870789693617,-0.002374372617670484,0.003691881150897469,0.004000186920166016,0.012040463669150903,0.010578389385179854,-0.06300020217895508
2026-04-21,-0.01310958433159214,-0.000246945956692457,1.5487364506150414,1.516528440193274,83.12467409515872,-0.006348217959672997,-0.018186171740787294,0.04199981689453125,-0.002374372617670484,0.003691881150897469,0.004000186920166016
2026-04-22,0.007154647139049453,-0.01310958433159214,1.548209804097464,1.5170977683269375,60.07072018837176,0.010460084168953943,0.00040328925990285036,0.0020003318786621094,-0.006348217959672997,-0.018186171740787294,0.04199981689453125
2026-04-23,0.00015021880647682063,0.007154647139049453,1.5479155931601485,1.5177181390306758,62.52456094541383,-0.004132868267081369,-0.002989175276803424,0.028999805450439453,0.010460084168953943,0.00040328925990285036,0.0020003318786621094
2026-04-24,0.013289275739027995,0.00015021880647682063,1.5476218139563276,1.5183897688653616,61.99856819311497,0.007973689797975636,0.008733733813496736,-0.013000011444091797,-0.004132868267081369,-0.002989175276803424,0.028999805450439453
2026-04-27,-0.00978158151673445,0.013289275739027995,1.547994326931858,1.5191628335730605,69.02738360681643,0.0012323767534654362,-0.01788520965722329,0.026000022888183594,0.007973689797975636,0.008733733813496736,-0.013000011444091797
2026-04-28,0.003186002112716213,-0.00978158151673445,1.5479034506390257,1.5198649191446734,63.81574442040056,-0.004894172187521972,-0.010634581872825288,0.018000125885009766,0.0012323767534654362,-0.01788520965722329,0.026000022888183594
2026-04-29,4.9707056325587474e-05,0.003186002112716213,1.5479517847114084,1.52055494890701,57.42555671701695,-0.0003991720531409948,-0.0025602554285951706,0.06400012969970703,-0.004894172187521972,-0.010634581872825288,0.018000125885009766
2026-04-30,0.01442522701630904,4.9707056325587474e-05,1.5476716605227292,1.5212485138483027,55.73644039401514,0.010238239941821936,0.011342243932064733,-0.028000354766845703,-0.0003991720531409948,-0.0025602554285951706,0.06400012969970703
2026-05-01,0.005966897771203938,0.01442522701630904,1.5480534297133122,1.522083396204046,64.46199370764933,0.002928328889657106,0.0,-0.012000083923339844,0.010238239941821936,0.011342243932064733,-0.028000354766845703
2026-05-04,-0.007007767951860489,0.005966897771203938,1.548544838298136,1.5229752394080345,67.03177644200832,-0.004062189384334225,-0.008466082021350574,0.06800031661987305,0.002928328889657106,0.0,-0.012000083923339844
2026-05-05,0.012605379594853517,-0.007007767951860489,1.5486455137275947,1.5236604025137965,62.72625440631892,0.008120017337603702,0.019424773936721484,-0.03000020980834961,-0.004062189384334225,-0.008466082021350574,0.06800031661987305
2026-05-06,0.01196453013482257,0.012605379594853517,1.549367148904065,1.5244354808859373,65.07193014713019,0.014588330317794274,0.018437756738837408,-0.059999942779541016,0.008120017337603702,0.019424773936721484,-0.03000020980834961
2026-05-07,0.0012308407287318968,0.01196453013482257,1.5502993974792216,1.525194053568208,71.09166107065228,-0.003803095327784889,0.0023509559782626255,0.03600025177001953,0.014588330317794274,0.018437756738837408,-0.059999942779541016
2026-05-08,0.0008013329225509458,0.0012308407287318968,1.5512898984592698,1.5259813546204422,69.89099426918054,0.008425703533400997,-0.0023404210213903154,-0.028000354766845703,-0.003803095327784889,0.0023509559782626255,0.03600025177001953
2026-05-11,-0.00045375424725855316,0.0008013329225509458,1.5521692458203504,1.5267680667813874,70.30862999577079,0.0018799566475542484,0.005593236223753628,0.046000003814697266,0.008425703533400997,-0.0023404210213903154,-0.028000354766845703
2026-05-12,-0.0028410308714322263,-0.00045375424725855316,1.5531996452933685,1.5276103127248988,80.31395695628743,-0.0016026088601545085,-0.002984365501473296,0.05299997329711914,0.0018799566475542484,0.005593236223753628,0.046000003814697266
2026-05-13,0.00026581840877997197,-0.0028410308714322263,1.5542965231648664,1.5284266672307094,75.86915661921654,0.005849246488426552,0.0021531135704382365,0.018000125885009766,-0.0016026088601545085,-0.002984365501473296,0.05299997329711914
2026-05-14,-0.004666082750979528,0.00026581840877997197,1.5556789221447516,1.5293566793968003,75.90515696824492,0.007655604577358366,-0.013971180301322605,-0.019999980926513672,0.005849246488426552,0.0021531135704382365,0.018000125885009766
2026-05-15,0.003872050023289997,-0.004666082750979528,1.5565001408519492,1.530277197995112,66.9332868058064,-0.012363320128051747,-0.01777788665026736,0.13399982452392578,0.007655604577358366,-0.013971180301322605,-0.019999980926513672
2026-05-18,0.0003506856022807758,0.003872050023289997,1.5577375824707718,1.531205969221733,78.14755820622187,-0.0007356678561787344,0.006306637220215849,0.028000354766845703,-0.012363320128051747,-0.01777788665026736,0.13399982452392578
2026-05-19,-0.0009637266873189887,0.0003506856022807758,1.559282738924244,1.5320746260828293,77.24041213621565,-0.006678320788135905,0.00219909715383948,0.043999671936035156,-0.0007356678561787344,0.006306637220215849,0.028000354766845703
2026-05-20,0.008103236975747986,-0.0009637266873189887,1.5607960686146112,1.5328320713880392,76.10038135902712,0.010792026370445518,0.004934632810191353,-0.09499979019165039,-0.006678320788135905,0.00219909715383948,0.043999671936035156
2026-05-21,-0.0024430245399555293,0.008103236975747986,1.5626757362258266,1.5336622382598382,73.79999822406309,0.0017153304306989359,-0.007395766794130898,0.01399993896484375,0.010792026370445518,0.004934632810191353,-0.09499979019165039
2026-05-22,0.001982225534548443,-0.0024430245399555293,1.5643659929453164,1.5344832089997065,67.9369876732319,0.0037269732409066503,-0.0007448701069916464,-0.0279998779296875,0.0017153304306989359,-0.007395766794130898,0.01399993896484375
2026-05-25,-0.0007781608302364518,0.001982225534548443,1.5665318548164284,1.535309933756663,78.1458900230206,0.0,-0.0010580009521322653,0.0,0.0037269732409066503,-0.0007448701069916464,-0.0279998779296875
2026-05-26,-0.0011104167186698154,-0.0007781608302364518,1.568831404690203,1.536104522148057,70.01019982396588,0.006108260424063872,0.0137178781403684,-0.06500005722045898,0.0,-0.0010580009521322653,0.0
2026-05-27,0.014386194647047369,-0.0011104167186698154,1.5709197999817404,1.5369007526757905,55.51553868608609,0.00016487914469087706,0.011904771313208773,-0.012000083923339844,0.006108260424063872,0.0137178781403684,-0.06500005722045898
2026-05-28,-0.0065405504550808844,0.014386194647047369,1.5733498696879826,1.5377847084223588,69.15756224228389,0.005753716619668614,-0.01649597282436055,-0.026000022888183594,0.00016487914469087706,0.011904771313208773,-0.012000083923339844
2026-05-29,0.0008492469954531235,-0.0065405504550808844,1.5760259845232423,1.5386226363833029,59.23872464478043,0.002172260678511728,-0.004044636321930084,-0.0019998550415039062,0.005753716619668614,-0.01649597282436055,-0.026000022888183594
2026-06-01,-0.014272606955238765,0.0008492469954531235,1.57877015494261,1.5394348340255533,60.494735909706186,0.0026252961308912415,-0.0065713044798570985,0.021999835968017578,0.002172260678511728,-0.004044636321930084,-0.0019998550415039062
2026-06-02,0.0016482836937695255,-0.014272606955238765,1.5813920166159912,1.540150972180149,48.97598049542667,0.0012920889411551784,0.011055616324639805,-0.019999980926513672,0.0026252961308912415,-0.0065713044798570985,0.021999835968017578
2026-06-03,-0.00743622667228071,0.0016482836937695255,1.5841305921408895,1.5408620178412833,50.10535985013276,-0.007372041104846239,-0.008774930080215793,0.03600025177001953,0.0012920889411551784,0.011055616324639805,-0.019999980926513672
2026-06-04,-0.006707860733353155,-0.00743622667228071,1.5865236225543904,1.5414831733215406,47.97316248600378,0.004054961568363158,-0.013086652666840948,-0.01399993896484375,-0.007372041104846239,-0.008774930080215793,0.03600025177001953
2026-06-05,-0.006153061050118003,-0.006707860733353155,1.5882079800086466,1.5421123825069905,40.31824507550224,-0.026445361894386843,-0.01856008439405532,0.05899953842163086,0.004054961568363158,-0.013086652666840948,-0.01399993896484375
2026-06-08,-0.0035832503084174626,-0.006153061050118003,1.5899768359240314,1.5427476294404392,36.712539544847075,0.0029781310549599205,-0.006702025738660966,0.01600027084350586,-0.026445361894386843,-0.01856008439405532,0.05899953842163086
2026-06-09,-0.008369855340627752,-0.0035832503084174626,1.5917858954376707,1.5432937327066318,35.4846729717934,-0.0025763939780845124,-0.0043931420678180455,-0.024000167846679688,0.0029781310549599205,-0.006702025738660966,0.01600027084350586
2026-06-10,0.001027046488202732,-0.008369855340627752,1.593125738382632,1.5437706473869903,24.837748061106367,-0.016199450298948426,-0.008987551797340121,0.01399993896484375,-0.0025763939780845124,-0.0043931420678180455,-0.024000167846679688
2026-06-11,0.008634239742313466,0.001027046488202732,1.594088490582276,1.5443051405156507,26.653525077039106,0.017518885564244746,0.033251835626767035,-0.07899999618530273,-0.016199450298948426,-0.008987551797340121,0.01399993896484375
2026-06-12,-0.00026993073104040197,0.008634239742313466,1.595218869948119,1.544880341859259,32.41615578112935,0.0050255138730570525,0.014594552098188496,0.024000167846679688,0.017518885564244746,0.033251835626767035,-0.07899999618530273
2026-06-15,0.0022345145334353943,-0.00026993073104040197,1.5963097112188338,1.5454463907783165,32.62475655527068,0.016528391294663436,0.0037238816111229145,-0.018000125885009766,0.0050255138730570525,0.014594552098188496,0.024000167846679688
2026-06-16,0.0018614683802440912,0.0022345145334353943,1.5974764007214668,1.5460209120201063,34.87072947654711,-0.005684179609759754,0.0040367339005125125,-0.0409998893737793,0.016528391294663436,0.0037238816111229145,-0.018000125885009766
2026-06-17,-0.009769807639856954,0.0018614683802440912,1.598824984280847,1.5465360787280653,22.972964742391866,-0.012148282108228825,-0.0026022677181450904,0.034999847412109375,-0.005684179609759754,0.0040367339005125125,-0.0409998893737793
2026-06-18,-0.005090939261106953,-0.009769807639856954,1.5993916440815104,1.546980510654417,22.04016589446141,0.010846212235623431,-0.000580006530935262,-0.01199960708618164,-0.012148282108228825,-0.0026022677181450904,0.034999847412109375
2026-06-19,0.0028501637181578164,-0.005090939261106953,1.5997157430721471,1.54738488843065,19.727413262434297,0.0,-0.008199535496605903,0.0,0.010846212235623431,-0.000580006530935262,-0.01199960708618164
2026-06-22,-0.018144436663809372,0.0028501637181578164,1.6001530755043687,1.5478272895138117,27.588633112257156,-0.003705051979052687,-0.008568144581410753,0.057999610900878906,0.0,-0.008199535496605903,0.0
2026-06-23,0.010092282388941753,-0.018144436663809372,1.6000183501286336,1.5481914057941781,20.066308321278328,-0.014362785193208105,-0.004124169448604276,-0.015999794006347656,-0.003705051979052687,-0.008568144581410753,0.057999610900878906
2026-06-24,-0.007325144794432503,0.010092282388941753,1.600239674661097,1.5485652703944341,31.179394809284105,-0.0009829319733113406,-0.008532947323223516,-0.09100008010864258,-0.014362785193208105,-0.004124169448604276,-0.015999794006347656
2026-06-25,-0.013600970860789841,-0.007325144794432503,1.6000202695034857,1.5488376229781786,31.034558180475003,-9.92061187945481e-05,0.017173282285731784,-0.009999752044677734,-0.0009829319733113406,-0.008532947323223516,-0.09100008010864258
2026-06-26,0.018203674919557423,-0.013600970860789841,1.5994763080965846,1.5489390966216876,28.645400329803422,-0.00047165741757115853,-0.002821441798825264,-0.019999980926513672,-9.92061187945481e-05,0.017173282285731784,-0.009999752044677734
2026-06-29,0.003052741523241376,0.018203674919557423,1.5993186795435403,1.549169861054351,41.4382497289563,0.011750057250389023,0.006167046817004529,0.0019998550415039062,-0.00047165741757115853,-0.002821441798825264,-0.019999980926513672
2026-06-30,0.0002005767997424579,0.003052741523241376,1.5992640256448727,1.5494220082259682,46.63124504550741,0.007920198981480553,-0.009963160066140064,0.04400014877319336,0.011750057250389023,0.006167046817004529,0.0019998550415039062
2026-07-01,0.003261796532626371,0.0002005767997424579,1.5996265742448068,1.5497021462249005,46.19211980670196,-0.0021508346187620875,0.004197749930439976,0.05699968338012695,0.007920198981480553,-0.009963160066140064,0.04400014877319336
2026-07-02,0.012561653501178415,0.003261796532626371,1.599869881787441,1.5499512721741695,43.13857988043735,1.3702513856905796e-06,-0.002627293625011129,0.010000228881835938,-0.0021508346187620875,0.004197749930439976,0.05699968338012695
2026-07-03,-0.0006351644645536502,0.012561653501178415,1.6005029349063171,1.5502982045669105,49.872644718084814,0.0,-0.000158297478585534,0.0,1.3702513856905796e-06,-0.002627293625011129,0.010000228881835938
2026-07-06,-0.004062098919065294,-0.0006351644645536502,1.6007016925064506,1.550641114766912,48.50237467349136,0.00724150765029874,0.006053769317184932,-0.006000041961669922,0.0,-0.000158297478585534,0.0
2026-07-07,0.005832802315491781,-0.004062098919065294,1.6010802334889807,1.5509681484796751,45.76603088937062,-0.0044551096782159405,-0.011735576484936283,0.04999971389770508,0.00724150765029874,0.006053769317184932,-0.006000041961669922
2026-07-08,-0.006191885896605231,0.005832802315491781,1.601543736795155,1.5513396372510795,53.17785520753468,-0.002817238676629863,-0.0009758198679643559,0.039999961853027344,-0.0044551096782159405,-0.011735576484936283,0.04999971389770508
2026-07-09,-0.004882389468045112,-0.006191885896605231,1.6018085998995255,1.5516228216695165,52.59837632136621,0.008142795337428232,-0.007541841845810193,-0.029999732971191406,-0.002817238676629863,-0.0009758198679643559,0.039999961853027344
2026-07-10,-0.0018161373388319469,-0.004882389468045112,1.6014665480579129,1.5518605143733755,48.93521006954213,0.004208843399813977,0.005881656379568723,0.029999732971191406,0.008142795337428232,-0.007541841845810193,-0.029999732971191406
2026-07-13,0.00483133229284014,-0.0018161373388319469,1.6008774654218385,1.5520627363060244,57.743890516800526,-0.007927023147980106,-0.007865475196442984,0.04000043869018555,0.004208843399813977,0.005881656379568723,0.029999732971191406
2026-07-14,-0.004356624030326139,0.00483133229284014,1.600664498371903,1.5523597870544201,55.22849749243908,0.0037589783811964317,0.00820363041079486,-0.024000167846679688,-0.007927023147980106,-0.007865475196442984,0.04000043869018555
2026-07-15,0.00749167899588552,-0.004356624030326139,1.5999133216197352,1.5526077663076385,57.1678541967877,0.003819144358387927,-0.001722726434518873,-0.039999961853027344,0.0037589783811964317,0.00820363041079486,-0.024000167846679688
2026-07-16,0.008484249497150886,0.00749167899588552,1.5990125555549968,1.5529444198847786,71.2973951463945,-0.005101405539945647,-0.0006568882135805643,0.023999691009521484,0.003819144358387927,-0.001722726434518873,-0.039999961853027344
2026-07-17,-0.007510746596274265,0.008484249497150886,1.598340396220338,1.5533691843846689,67.41011172240766,-0.010098540030789804,0.0041915187706480506,-0.0279998779296875,-0.005101405539945647,-0.0006568882135805643,0.023999691009521484
2026-07-20,0.004286288719830611,-0.007510746596274265,1.5974022213099994,1.5537943558506182,58.95183985149538,-0.0019322546744660052,-0.007675414556215898,0.057000160217285156,-0.010098540030789804,0.0041915187706480506,-0.0279998779296875
2026-07-21,-0.004037620756352977,0.004286288719830611,1.5966147258178038,1.5542478760888883,61.16067154698412,0.008856366018608064,0.008938626957709861,0.029999732971191406,-0.0019322546744660052,-0.007675414556215898,0.057000160217285156
2026-07-22,-0.0012188359463174315,-0.004037620756352977,1.5957913745692764,1.5546772684982064,56.30345018623469,-0.0013636917526039793,0.008843743742219967,0.029000282287597656,0.008856366018608064,0.008938626957709861,0.029999732971191406
2026-07-23,-0.022697534668440676,-0.0012188359463174315,1.5949207317955152,1.5552214790756844,46.96681649420648,-0.012089697334330851,-0.015419929912047659,0.046000003814697266,-0.0013636917526039793,0.008843743742219967,0.029000282287597656
2026-07-24,0.007906004777678222,-0.022697534668440676,1.5934831405376744,1.555547731877701,35.15435104996719,0.0004967638835191579,0.0017693837892236441,-0.024000167846679688,-0.012089697334330851,-0.015419929912047659,0.046000003814697266
2026-07-27,0.013347519932606222,0.007906004777678222,1.5921648286080523,1.5559420164041469,42.20667340738156,0.0001619264104413265,0.011669334453093594,-0.03800010681152344,0.0004967638835191579,0.0017693837892236441,-0.024000167846679688
2026-07-28,0.005700124559287733,0.013347519932606222,1.5912514698830484,1.556404479406581,46.4932042176794,0.002104307328987254,0.0022280744123108764,-0.03699970245361328,0.0001619264104413265,0.011669334453093594,-0.03800010681152344
2026-07-29,-0.006127938114115783,0.005700124559287733,1.5905496341224412,1.5568166303138347,52.54318015974402,-0.015161289750108109,-0.01229651906796747,0.018000125885009766,0.002104307328987254,0.0022280744123108764,-0.03699970245361328
2026-07-30,0.024672501520402502,-0.006127938114115783,1.5893897030293156,1.5571775959440266,51.86949719704949,0.016604359135647728,0.012191774157269908,0.0409998893737793,-0.015161289750108109,-0.01229651906796747,0.018000125885009766
2026-07-31,0.012218501345446765,0.024672501520402502,1.5890893243131707,1.5576802531418386,62.32842425687451,0.00700361981598796,-0.005251956567447702,0.0819997787475586,0.016604359135647728,0.012191774157269908,0.0409998893737793
2026-08-03,0.0006566595133099207,0.012218501345446765,1.5891197461623645,1.5582926274825815,64.56028038398998,0.01479091100582064,-0.0035820766614125255,-0.05900001525878906,0.00700361981598796,-0.005251956567447702,0.0819997787475586
2026-08-04,0.002017884187622776,0.0006566595133099207,1.5891971637358022,1.5588758110506944,66.97184120446904,0.01789619360979544,0.0020381284639399144,-0.05900001525878906,0.01479091100582064,-0.0035820766614125255,-0.05900001525878906
2026-08-05,-0.006426505426861751,0.002017884187622776,1.589377077811408,1.559477850209784,65.5113422737299,-0.0016764921193257454,-0.0046081403270551435,-0.009999752044677734,0.01789619360979544,0.0020381284639399144,-0.05900001525878906
2026-08-06,0.002059566955236225,-0.006426505426861751,1.5888757180882627,1.5600517413374735,59.38663400739944,-0.0017595333873230423,-0.0019395851406357467,0.05299997329711914,-0.0016764921193257454,-0.0046081403270551435,-0.009999752044677734
2026-08-07,0.003959326219720738,0.002059566955236225,1.5886584035068998,1.5605877939541557,64.10362933786513,0.006184231308959065,0.008170537000510736,-0.010000228881835938,-0.0017595333873230423,-0.0019395851406357467,0.05299997329711914
2026-08-10,-0.0039198240555671894,0.003959326219720738,1.5885426474993931,1.5610712589570548,64.04023473011611,-0.0005839757139619595,-0.007470460937523682,0.03900003433227539,0.006184231308959065,0.008170537000510736,-0.010000228881835938
2026-08-11,-0.00789610833917077,-0.0039198240555671894,1.5887685655061827,1.5615584999090784,64.03659016933533,-0.003212861472107087,-0.013152303031771173,-0.014999866485595703,-0.0005839757139619595,-0.007470460937523682,0.03900003433227539
2026-08-12,-0.00796478418483083,-0.00789610833917077,1.5886826131735317,1.5620414346365419,60.346893487528504,0.0026267182752088836,0.0029163676322394583,-0.0019998550415039062,-0.003212861472107087,-0.013152303031771173,-0.014999866485595703
2026-08-13,-0.003364155479758346,-0.00796478418483083,1.5885801448941606,1.5623999480906925,68.63241134125418,0.0065161301380911585,-0.014136787012205665,-0.0410003662109375,0.0026267182752088836,0.0029163676322394583,-0.0019998550415039062
2026-08-14,-0.0007334516689556203,-0.003364155479758346,1.5885860244291152,1.5627538705070985,63.934184093602845,-0.0016964335577297485,-0.006616771381446895,0.05500030517578125,0.0065161301380911585,-0.014136787012205665,-0.0410003662109375
2026-08-17,-0.010360435140782488,-0.0007334516689556203,1.588765781079777,1.5630926315342213,58.08218193465332,-0.005227454770816764,-0.002212335297878787,0.0279998779296875,-0.0016964335577297485,-0.006616771381446895,0.05500030517578125
2026-08-18,0.004240166225925657,-0.010360435140782488,1.5887275757314712,1.5633192322472735,49.05789986980821,-0.006881843725615733,-0.005000220374454245,-0.018000125885009766,-0.005227454770816764,-0.002212335297878787,0.0279998779296875
2026-08-19,0.006793040732648881,0.004240166225925657,1.5890898550821526,1.5636358475499024,54.688055757281695,0.002108778138942835,0.0010255987267080435,-0.05299997329711914,-0.006881843725615733,-0.005000220374454245,-0.018000125885009766
2026-08-20,-0.005429217695166122,0.006793040732648881,1.58963625974115,1.563952306514945,43.840177628985195,-0.008668915122777232,0.00547723603501038,0.043000221252441406,0.002108778138942835,0.0010255987267080435,-0.05299997329711914
2026-08-21,0.005293193989781586,-0.005429217695166122,1.5897361572584874,1.5642545107301231,29.828438968565706,0.004346193543703691,0.02143563600047571,0.04199981689453125,-0.008668915122777232,0.00547723603501038,0.043000221252441406
2026-08-24,0.009047685280236495,0.005293193989781586,1.5900135511571878,1.5644518843067232,34.368898252123856,-0.0028028689752760405,0.0006339935352628334,-0.03399991989135742,0.004346193543703691,0.02143563600047571,0.04199981689453125
2026-08-25,0.005511452390036031,0.009047685280236495,1.5905101289295192,1.5648298677484673,40.24684280871846,0.003190953749482306,0.00793997245882938,-0.06500005722045898,-0.0028028689752760405,0.0006339935352628334,-0.03399991989135742
2026-08-26,-0.0012671355036343313,0.005511452390036031,1.5911257806165113,1.565350808489708,48.00596371831436,-0.00020574863596922732,-0.0015380331159706717,0.02500009536743164,0.003190953749482306,0.00793997245882938,-0.06500005722045898
2026-08-27,-0.006869234500417765,-0.0012671355036343313,1.592012164916433,1.5658686872404564,45.76469051515474,0.0072032567265023495,-0.0054559111625405166,0.007999897003173828,-0.00020574863596922732,-0.0015380331159706717,0.02500009536743164
2026-08-28,0.008885899520465024,-0.006869234500417765,1.5928362295665996,1.5663691448548511,38.96762406042475,-0.0024874522107780628,-0.005250742413250409,0.04799985885620117,0.0072032567265023495,-0.0054559111625405166,0.007999897003173828
