Date,AAPL,AC.MX,ALSEA.MX,AMZN,BIMBOA.MX,FEMSAUBD.MX,KO,MSFT,PG,WALMEX.MX
2024-09-04,-0.008618736083091272,-0.006569933762022084,-0.012318384459773069,-0.016567365497562103,0.029735905226563997,0.025576883092979674,-0.0061635170181885135,-0.0013189091213317017,0.007907548192201741,-0.01777346430537463
2024-09-05,0.006927690949894316,0.0161097403110122,-0.014892077188562558,0.026308183871355473,-0.015636006012383574,-0.009712074234209611,-0.019156535104085215,-0.0012471887837161022,-0.0024446318490274344,-0.013818062081872418
2024-09-06,-0.0070148792018372985,-0.003504594414359352,-0.018140614815174372,-0.03653943460735232,-0.009874009284240981,0.0009365079178631497,-0.0004215016919634218,-0.016381415717335646,0.0006838541583491509,-0.0056713392906747595
2024-09-09,0.0004074108216591821,-5.602823382111488e-05,0.02405700257082155,0.023396899008788496,-0.0013008771808545871,0.0016247401069646727,0.009980351895173767,0.010007481746121538,0.0026768658932010414,0.019627521819351346
2024-09-10,-0.003621324505027168,-0.006922630226555926,-0.03514370629053154,0.023660258265018275,-0.01201146125773167,-0.016565920103544185,-0.004175237473585169,0.020901086837260996,0.009826170037508408,-0.010858859075046134
2024-09-11,0.01158515618615863,0.002361212842785454,0.0027268042230921274,0.02768031821904482,-0.0041014811444543,0.0029491955810996284,-0.006568943206618494,0.021342468080711496,-0.021767342952774715,0.014637469758170596
2024-09-12,0.0004940159732522709,0.003364977930539581,0.021950362166822224,0.013440254011034547,0.0198559325413874,0.000548108064171382,0.002110403995192245,0.009360719200334211,-0.00258728462714386,0.005245777071503754
2024-09-13,-0.0012119482473855747,0.006092949694515681,0.007983237195328563,-0.0027272433520638684,-0.00951833136467084,-0.0011953403773276028,0.009399900715971743,0.00840751533485129,0.003516530608986157,-0.008643110180401203
2024-09-16,-0.027775307496946566,0.0,0.0,-0.008579580976924128,0.0,0.0,0.009662317534387288,0.0017418097182673176,0.018152441094650973,0.0
2024-09-17,0.0021725367147253927,0.007389275586632715,-0.009617234211699133,0.010763186217390919,-0.011793684027803009,-0.011669705148279919,-0.004160794935856749,0.008832898709928427,-0.007673159932233942,0.0190820953241293
2024-09-18,0.017989827309836892,0.00303317262034275,0.00761616946971766,-0.0024080275860086653,0.00854554701308885,-0.003632963090259844,-0.0006963260146125583,-0.009973535412814871,-0.011144066811109354,-0.01372081054827834
2024-09-19,0.03706562209879061,0.01341625911069766,0.006235868815400947,0.01845197970580159,0.019576507036579427,-0.0006584404006683142,-0.015749118451089505,0.018291175346370814,-0.0136844309098888,0.0003274038345595365
2024-09-20,-0.0029274354992747664,0.025446334082680044,-0.018967126425946,0.009111555436973395,-0.04814446738616862,-0.021942832631192677,0.014443358010895357,-0.007796023656948092,0.015623048996532996,-0.005235611534573303
2024-09-23,-0.007581155167713738,-0.013068741034631626,0.0015313830899876812,0.011899784481557152,0.028601480218744646,0.008290019515475588,0.0012564996766952774,-0.004043409642535689,-0.0025827372577874597,-0.005098691354459173
2024-09-24,0.003974030239263238,0.01828107526999334,0.015290490490730946,0.0004126358007008335,0.022245038358182256,0.002774826398381558,-0.00557649081348166,-0.010011336962057471,-0.0030500350323076075,0.021491131412133324
2024-09-25,-0.00439809589083362,-0.0073181005941500565,0.004894637446039463,-0.007372694808574054,-0.017179667401222565,0.009121782518635158,0.0016822387875108369,0.00685037875395178,-0.00565699215311144,-0.019744319204583305
2024-09-26,0.005080234840044273,0.007372049997617758,-0.009741519740950166,-0.007115748848874004,0.007865968068343054,0.001269570930845676,-0.0006998492097147757,-0.0018513997556385275,0.005515003023949472,-0.01584932524039162
2024-09-27,0.0011867137294554464,-0.019374520383885208,0.02780929448942082,-0.016687603998192135,-0.01503098738577624,-0.007303404499470534,0.0054620852455069535,-0.007627911442916524,0.0019629452248837165,-0.020969666476265303
2024-09-30,0.02287200966294134,-0.012294533864536161,-0.0023927414392582724,-0.008724793206352333,-0.0064565495225827885,-0.008174567278420475,0.0009753721601684084,0.0053268407037869725,-0.0020166328597017724,0.017991687224331976
2024-10-01,-0.029141635926272724,0.0,0.0,-0.006440170323887107,0.0,0.0,-0.00208756827146217,-0.022333158871664094,-0.0009240656620342902,0.0
2024-10-02,0.0025197397753966566,-0.004131184446076741,-0.011254653233843115,-0.0019986515757441925,-0.010781144952549893,-0.014783894472839898,-0.009761470163611619,-0.008462291039292968,-0.006472394924795122,-0.030297823388241607
2024-10-03,-0.004894714416756707,-0.02521690839242896,-0.022205621647976237,-0.015154729791167831,-0.018513036566690788,0.00020917828006683514,-0.0069004548011627476,-0.0014144668906022062,-0.010469908427644947,0.0031243612393010434
2024-10-04,0.005007357765492104,0.037068152176226166,0.022137440972870737,0.02500542770436165,0.024338218767373743,0.004286456999359034,-0.004963209225050447,-0.0011523474129487843,-0.00728884846418254,0.02076485927767102
2024-10-07,-0.02253087954560362,-0.0017278283862216526,0.008215066222737155,-0.03061493551686767,-0.016780368032472293,-0.002498371282394496,-0.01653119352865129,-0.01567075236956761,-0.010421687057200368,-0.018138655618305077
2024-10-08,0.01840423904585098,-0.015955303046819802,0.009259286873066985,0.010619458719785868,-0.002718675720680075,-0.006053074961725247,0.0024632705855556214,0.012623994104357106,0.006223116326347311,-0.01605658217615502
2024-10-09,0.016698198955532817,0.021820180178290016,-0.02385320942227931,0.013408477078997505,-0.02089958179284901,0.006299793897728279,0.005637480848632803,0.006630941548401159,0.0066008446522183295,-0.007369749512743051
2024-10-10,-0.002178124813777882,-0.038728348612396934,0.008646538711774232,0.007992632403596822,-0.0023201393673343285,0.0017217175146944097,-0.004599496578822526,-0.0038806388874635944,-0.0018906595216380273,0.05462259391571722
2024-10-11,-0.006505442788829585,0.005819456003770984,-0.005963506435498145,0.011626110360002828,0.022480518297791185,-0.009166119829328245,0.004620749701265137,0.0011543618477483086,0.012666401417020356,-0.0018438082967542346
2024-10-14,0.016479879240008266,-0.012795547846462973,-0.005624166914522721,-0.006779016992029097,-0.02244118484603408,0.006780514305406049,0.011068118637707958,0.006773581453754174,0.008299990982363337,-0.014105793761652663
2024-10-15,0.011024681153949167,0.01200332898851375,0.0399697439477158,0.0007998782160802964,-0.004808358506776078,0.014200661921321078,0.0,-0.0009543820328263841,0.006144624405865606,0.0056209303004641775
2024-10-16,-0.00885201759968246,0.007907396957703927,-0.014140638896907864,-0.004262363692000948,0.01839136659549867,-0.0037578915283909,0.003269766449651268,-0.006256863120042366,-0.006856150642507219,0.0016937223937907309
2024-10-17,0.0015965300928661996,-0.021049767730713098,-0.00018389890674053166,0.0034244710350397334,0.0009183521978683995,-0.013641193077906011,-0.009494012899838422,0.0014420372827390615,-0.0005801716392483947,0.006425455734311525
2024-10-18,0.01227640380226136,0.015350916086283029,0.01342643922486153,0.007785456851548744,0.0015290013421751514,0.020220992188860087,0.007725400577388575,0.003455474473297082,4.0850593488128695e-05,0.004368205923555468
2024-10-21,0.006297961886821968,-0.016452737577797638,-0.003448208016814558,0.0004233124965837831,-0.012824377524240482,0.009755987970036184,-0.014054789370573806,0.001482744167213168,-0.010158763038472074,0.005352970793299994
2024-10-22,-0.002621705422825915,-0.012658824575176086,-0.021671812894528686,0.003332044214411578,-0.0009279488863329632,-0.007373449262875864,0.0,0.02084627052465593,0.0009436904007997793,0.006322819749821518
2024-10-23,-0.021623069495771197,0.006181533093662317,-0.05398363357265812,-0.026304640562205495,-0.003095933933338957,-0.007889241355299004,-0.02073401771566208,-0.0068068592129750805,-0.0007071241031576525,0.015211659494010599
2024-10-24,-0.0008233301410509597,-0.016951966728953938,0.010625723389414032,0.009041189476714617,-0.003571488198240491,-0.010585639499091526,-0.010439813908557083,0.00030620015896998254,0.00023593776907659958,-0.03664495281823221
2024-10-25,0.0036431081939671817,0.006886063010627996,-0.02141751001839065,0.007779788122410869,-0.016674467349307553,0.008820083882756125,-0.005646657890431173,0.008051971237089672,-0.008253703061323225,-0.03584112080849389
2024-10-28,0.00859940714928853,0.010804618569022706,0.007361796434945722,0.002981406341556969,0.028526207743124976,0.020124067916329258,-0.0037355214836527484,-0.003643357049425311,0.006420107752735715,0.0007013954763999131
2024-10-29,0.0011568171522204906,0.006538641616077312,-0.024688877367336937,0.012951868195294036,-0.04468417156785509,-0.015467299285083946,-0.016649251270277388,0.012564749462943281,-0.012581272611451477,-0.021202055851166968
2024-10-30,-0.015277851306757073,-0.027340086165714927,-0.011340625474034138,0.009956473710913016,-0.0011290650309961903,-0.003348064055182509,0.005491189490228976,0.0013427565032726463,-0.006041613791452183,-0.01360542179679225
2024-10-31,-0.018209416616208896,-0.008711335083836924,-0.010446577279818792,-0.03284388507953562,0.0006460095934435195,0.0018605551486197136,-0.009253632416163948,-0.06052763999712463,-0.005898054454312129,0.0027223627768040437
2024-11-01,-0.013279692759053718,0.0025191840176450597,0.01759471302456439,0.06185621865256041,-0.009843484155937055,0.010368793203853865,-0.004593374432528385,0.00989303876571368,-0.000484154387771496,0.010859738802736718
2024-11-04,-0.004037566333320419,-0.0005259349382906731,0.026240836740878848,-0.01086239567545566,0.02395696021466298,0.002297508586973196,0.001538108051843956,-0.0046545192597580165,-0.00012131541989779393,0.009847803680626432
2024-11-05,0.006486197952366046,0.004560629591605858,-0.021605607026519036,0.0190009257528736,-0.0007958661767066832,-0.012887791486443367,0.003993395110112541,0.007344794289674272,0.004119211565526415,-0.011170230512109747
2024-11-06,-0.0032669227514342536,0.01548216972545946,0.018638646613813092,0.038045094425516846,0.009875782506238773,0.00113534352597644,-0.025547018992017057,0.021192720767678974,-0.028414546521586592,0.004124141111934376
2024-11-07,0.021372093619307808,0.00962926163904343,-0.0027844468764205432,0.01429333510169939,0.04905364350477215,-0.009226720896826524,-0.0006278706717354199,0.012494743381086693,0.014653839416673753,0.0041070566548304654
2024-11-08,-0.0011882075591023167,-0.019756037737223675,-0.012764251666104731,-0.008902691496347037,0.006314785239057263,0.017116732427010728,0.004084101358177605,-0.006793139866528741,0.02631416252833385,-0.0023119668638891255
2024-11-11,-0.012028533840612421,-0.009150304252618868,-0.017373758021140384,-0.006436720074140534,-0.024353699969560272,-0.001074237790581245,-0.008760876520517158,-0.010720906122759777,-0.010017300274998142,0.026886711355740944
2024-11-12,0.0,0.007656724112612867,-0.01665285765737834,0.010007771034946433,-0.03797865660372424,-0.018331719866046647,-0.002525276018725542,0.01200918991956601,-0.001144257108960045,0.006320038532396266
2024-11-13,0.003969083290910502,-0.02360788076488962,0.002926992550877028,0.024843245179395845,-0.000318334246680152,-0.003807876639005392,-0.003164570615557083,0.005129824429756624,0.004462076883962496,0.013098817309367128
2024-11-14,0.013770579147410755,-0.0020197533914732,-0.00792162484690051,-0.012237320417028852,-0.002547799647033111,-0.024871748403390348,-0.007142760758282574,0.003974620230457582,0.0030015185882896755,-0.026744585008590893
2024-11-15,-0.014109357419746948,0.014703209155314756,0.010716494735596216,-0.041942478231440816,0.008141827582192063,-0.011491110047026298,-0.012949707901060425,-0.02785271091082897,0.014723501573312037,0.0020018207328618143
2024-11-18,0.013422307162177294,0.0,0.0,-0.004491405455644082,0.0,0.0,0.0019436689332845702,0.0018312957964008447,0.007137124929575078,0.0
2024-11-19,0.0011402106585700622,0.020943279089673306,-0.011018687148561468,0.014427385751800914,-0.032304106547584976,-0.02466181158588654,0.011800735367091475,0.004882655950099846,5.841617162172241e-05,-0.02361069490820633
2024-11-20,0.003154091583314589,-0.001608903063354039,-0.0052554701130642645,-0.00845508881471324,0.004581969878989733,-0.018212216598293973,0.0063908892429096475,-0.005505206072191515,0.000761241080802888,-0.011160667202249064
2024-11-21,-0.0020960940072423107,-0.009381295645277787,0.00021141908774868767,-0.022180598835253806,-0.006352853893825783,0.00022685734014848968,0.01222417666393194,-0.0043167792878157085,0.010884240804669654,-0.020880331141113095
2024-11-22,0.0059075002554076494,0.030269646090999247,-0.00676107613885113,-0.006351495788949668,-0.0031146963185669785,0.01191015744712165,0.0025093077841245037,0.010003229628053223,0.02043426130174586,0.028242074189307687
2024-11-25,0.013050889455906711,-0.007443891309723116,-0.03063182222281635,0.021966324768223133,-0.00805798844692951,0.005716956867151568,0.00719660232241548,0.004292629436773776,0.006296767776069023,-0.004671106464907204
2024-11-26,0.009404336783352285,-0.0064199571217645746,0.010752798464284785,0.03181932866326265,-0.009946882809604762,0.008693621840542676,0.0026406077701821573,0.021968014878834596,0.010823423737774895,0.003003514412390773
2024-11-27,-0.0005530962240312132,-0.002001400688828814,-0.022362227527828016,-0.010199148999145757,0.004521153843735304,-0.024309303819786243,-0.0018591188359420308,-0.01168252081930532,0.00027903031385334565,0.017780368354788134
2024-11-28,0.0,-0.006875611991685737,-0.00022199633937192154,0.0,0.003833904381960851,0.010418938118377019,0.0,0.0,0.0,-0.01967640487380573
2024-11-29,0.010215993725795514,-0.006173226229747253,-0.0006663986414471301,0.010450052683389277,-0.009465249536606657,0.00039240937351792127,0.002111158162659388,0.001111078604185023,-0.0005576371609332664,0.011254875319163693
2024-12-02,0.009522588332815163,0.0012771000516340614,-0.014003092377577353,0.01356490130596999,0.02045253195111707,0.003697195960064459,-0.006710221871942257,0.01775855048964048,0.0024545437819265548,0.0046373872369005475
2024-12-03,0.012771733064145918,-0.0026669375767002235,0.03403960781608739,0.012956175029913197,-0.01938554534761261,0.014957886434237233,-0.0020425350243766793,0.0005103886340256381,-0.02381756365457155,0.015140351502537674
2024-12-04,0.0014836197560410547,0.026566711559682155,-0.01700452679943365,0.02211394849472459,-0.01239738682974001,0.011493018621938633,-0.020623476648321204,0.014424935127253402,-0.0017669819883749938,0.028010125966526855
2024-12-05,0.00012352034110585386,0.0555524705701711,0.014637313406442143,0.010955259211262725,0.0013570641869633526,0.012286584798676392,0.011412959026593006,0.011887779665501474,0.005253641822499766,0.011854178717406016
2024-12-06,-0.0008229245675456243,-0.02440995117762612,0.009180287164829215,0.029381072944344444,-0.0038962553051690163,-0.020461786576969287,-0.006198319271602082,0.0021463221787068054,-0.012554395848520694,0.0022731882075239795
2024-12-09,0.016101099606894875,0.006378992400580374,0.00909694629680291,-0.004140432746599476,-0.0034013822670042604,0.005044046617411313,0.0011194673909058483,0.0055233455525667274,-0.017432062549209704,0.0020934737178757157
2024-12-10,0.004133669687626629,-0.016392598131237723,0.010946427263153646,-0.004644181824783544,-0.012798649373980231,-0.020457283290833406,0.004952024934001598,-0.006031062454874392,0.00872437777663837,-0.004874567229994575
2024-12-11,-0.005165976215666834,0.01649898778459047,-0.02717612119335988,0.02319588240507109,0.010371649108402492,0.0016152172503229867,-0.004291845765070579,0.012767076380751696,-0.009577509867879641,-0.0006998465074261606
2024-12-12,0.005963678818455387,0.0,0.0,-0.0056023335225716675,0.0,0.0,0.019157124636465683,0.0012694400448489684,0.00128924999148472,0.0
2024-12-13,0.0006856656761848878,-0.0028418271640372472,-0.027280701987496436,-0.006594726378065796,-0.0073566677257346225,-0.010564524190323832,-0.01127821658115713,-0.005093963500820031,0.0012293016867335194,0.07825628199214352
2024-12-16,0.011727552696808141,-0.01923702413424422,-0.006730917185289398,0.024048121869595374,-0.018269624220404568,-0.016521315521144997,-0.009030348637169117,0.009658645233137975,0.0004676056280024099,-0.028088965656257847
2024-12-17,0.009719644546690276,-0.014082198133633428,0.019426269929390116,-0.00764177579215608,-0.018960629711426646,0.01777035965333207,0.01358907656581465,0.006355393424940958,-0.004733089330337004,-0.03625124593706197
2024-12-18,-0.021421712416383354,-0.003570741480461659,-0.021050404395692057,-0.045987410359975445,-0.0030422811074251044,-0.007803792650109553,-0.008675034953301353,-0.037561104854187066,-0.007338639785987255,0.006413580445082001
2024-12-19,0.007014586453605531,-0.009727025047232218,-0.021050250752328137,0.012561168873593154,0.0019744668169732194,-0.026198066324713554,-0.006364350115749096,-0.0008230446853282336,0.0006505344846245986,-0.0008611969251829388
2024-12-20,0.018815868013208892,0.007582430460521872,0.04739885191005633,0.00729994595290151,-0.0014330882275876977,0.015049367909533151,0.0016012786267507462,-0.000983922400739523,-0.006678926363935522,-0.008791604226295768
2024-12-23,0.0030649059004013157,-0.0043329734637618245,-0.011258234274629464,0.0006224408269079884,0.002691011959068179,0.010304030842607004,-0.002717828038268477,-0.003092073072866297,0.000297708700467636,-0.019652140362624082
2024-12-24,0.011478042148992618,-0.0013740835556979025,-0.028577787771203678,0.017728630305015702,-0.006262270615217114,-0.004079441211761181,0.00737413461547054,0.00937379674237171,0.004937255493186132,-0.0010643078615946155
2024-12-26,0.0031758125846752527,0.009059110386322677,-0.0006895257979965264,-0.00873171784917226,-0.009902765177323136,0.008704381877405076,-0.004296626372798151,-0.002776742012843947,0.007221419199977541,-0.003019053778959724
2024-12-27,-0.013242166064433514,-0.006875413685946463,-0.013109487837796308,-0.014534256804240364,-0.002909652964381948,0.00033837636381561786,-0.0019178237458152836,-0.017301714904232934,-0.0037023888683509476,-0.021731426980258206
2024-12-30,-0.013263406885430706,-0.013044930813650435,0.004660932237708915,-0.010949707031249978,-0.008024841242079361,-0.008006267636005204,-0.006725472196209004,-0.013239567019693976,-0.014392764179469886,-0.01165332593153845
2024-12-31,-0.007057913847549724,0.000173972742934847,0.011134322739100089,-0.008630834323407832,0.017650359646245617,0.01119690312712085,0.003707935815427721,-0.007838318317548554,0.0033513940921714447,0.01105382022681467
2025-01-02,-0.026235840484950756,0.023532109982381755,0.05299388288130391,0.003783225458606987,-0.003252096272676419,-0.012590584988769193,-0.006745868872040095,-0.006927704343570262,-0.009961198445645802,0.006742044116964774
2025-01-03,-0.0020094144543211234,-0.027634522651101445,0.002832106771666121,0.018027432561515733,-0.014500585233766738,-0.045369210483419686,-0.001455282857613538,0.011395846517239017,-0.005121094743243071,-0.01466069745924703
2025-01-06,0.006738880764636246,0.005532566011590134,-0.01194872282366144,0.015254909370185477,0.0012874393813659957,0.012224402248688149,-0.015222725367649126,0.010629324002295437,-0.027432863472497182,0.010286591551630586
2025-01-07,-0.011387749975879213,0.025193901312610345,0.029243652017433952,-0.02416414035082548,-0.0022042322828214056,0.017496309282155398,0.000493332614299069,-0.01280823128254116,0.004358633565735293,0.01836356639661818
2025-01-08,0.0020230203355393606,0.003389687145484377,-0.06195259304061773,9.006470850470016e-05,-0.04823259860345652,-0.010768903982735112,0.014299853015151909,0.0051852228400606215,0.004959791523588386,-0.0024995103120299955
2025-01-09,0.0,0.012837074407620719,0.0020496442753934474,0.0,-0.005802744754695333,0.0046821692758982625,0.0,0.0,0.0,0.02022548801271906
2025-01-10,-0.02410374371057522,0.0034464532546081283,0.0009091293765017827,-0.014360970473526025,-0.01692613193680359,-0.004718564662970937,-0.010371216213497125,-0.013213755428094442,-0.021838425970052144,0.000526341078656456
2025-01-13,-0.010344139066364999,0.0072020111489665695,-0.05040879905744766,-0.0021923619356289947,0.005937105359564709,0.012525542886290708,0.00949737573884435,-0.004201092697638353,0.0017658439255696656,0.013501672039227364
2025-01-14,-0.004778124815995266,0.008525322852248829,-0.021759905985965333,-0.003204303696411115,0.0001966732589926412,-0.0061277749227114375,0.00632600510018233,-0.0036433546597749444,0.005666080164758114,-0.0020760884869074347
2025-01-15,0.01967592630720172,-0.01712482692077666,-0.02859923122307728,0.025670516796895804,-0.007474446834019877,-0.015354973478583278,-0.004352095034298342,0.025597336051465858,-0.000563285360864918,-0.010922377980305265
2025-01-16,-0.04040031960231405,-0.015148057043445795,0.024660245437132522,-0.012043887924316987,-0.022790241786945997,0.0001182630060645451,0.007770841641985049,-0.004058241693725373,0.005324041040314587,-0.03593335233910233
2025-01-17,0.007535348860102653,0.003943847107211962,0.015717081156769064,0.023928209424767255,0.05617520861183789,0.009981584927030607,0.007389470412230148,0.010480998844917266,0.003925224322046228,-0.023636380239586363
2025-01-20,0.0,0.009484281735345546,-0.011363736728038143,0.0,0.002304116685442059,0.005731064390024132,0.0,0.0,0.0,0.029608971653077187
2025-01-21,-0.03191585056317492,0.0026683552621469264,-0.0063584079888162615,0.021111818274402117,0.015325693419038222,0.020060489329433162,-0.00462443622469122,-0.0012354038534619916,0.0036617650697301496,0.022788888887311787
2025-01-22,0.005344954452325856,0.015191944992417161,0.027565842523961548,0.018638063663626525,0.03226414905770891,-0.014649772329766941,-0.010253121976274815,0.041307044028626505,0.018674070135278775,0.01980541517502954
2025-01-23,-0.0007595152094276303,-0.013216953953400168,0.011975989314618518,0.0017446222360446573,-0.01352586372391007,-0.005611486800247034,-0.004046578979730264,0.0011429350369287494,0.008558842895288743,-0.013178336873855834
2025-01-24,-0.003934531852830769,0.02335621469199234,0.03195261981360864,-0.002421170970448472,0.006485052672101421,0.005817765478881132,0.0063383427337477816,-0.00593226636662747,-0.006194434693151285,0.013705819578170297
2025-01-27,0.03178023749009995,0.031855047605183096,0.024311965038121386,0.0024270472668348475,-0.01104558105078779,0.008502471591468552,0.03149229872673498,-0.021393549726562044,0.03375567643124988,-0.011440462852979505
2025-01-28,0.036544038569704895,0.0197075711377952,-0.002463070434315706,0.011596277923593856,0.01284429822253852,0.018295513284551257,-0.023641755540765752,0.02908699786334834,-0.02045268210361706,-0.01753467028586353
2025-01-29,0.004616726666029747,-0.02333596429336482,-0.006060598045309673,-0.004534900692607424,-0.0034920131441972257,-0.002534536937138676,0.007536877551219678,-0.010890054819008732,0.00024072769857519383,-0.022487913261346137
2025-01-30,-0.007394720758962636,0.004263184860766822,0.01196934928300375,-0.010250170242948609,0.013463724348661499,0.015189242860333074,0.019417420995763823,-0.06180902772289221,0.007098704949688672,0.0003652287081801209
2025-01-31,-0.006692104642651686,-0.010690835917642527,-0.01361299436613006,0.012955989149507907,-0.011828939192277566,-0.019355913907222022,-0.008899290642826907,0.00016870791061918133,-0.008482318585330884,-0.014783784122505361
2025-02-03,-0.03385599474831269,0.0,0.0,-0.0010938846972727845,0.0,0.0,-0.002047817131886176,-0.009974523663163204,0.01668774693174524,0.0
2025-02-04,0.0210079349094221,0.02245995820422131,0.035294007870898536,0.019543422733693472,0.00018417780190116417,-0.0013613951253577117,-0.010734151615603982,0.0035286426659035808,-0.0037330149376232358,0.018895922539162058
2025-02-05,-0.0014175874460061744,0.011035078027366918,0.003933561218825377,-0.024332807771026643,0.0014729327410449855,-0.005225199423448901,0.007180490798535555,0.002231145269471657,0.0052340480509442955,-0.0041818524000224455
2025-02-06,0.0032262310741231204,0.006610377093154041,0.03852852157807707,0.011263088803542765,0.0018386578633384776,0.048701083158884995,0.003802288560946776,0.006121447726317175,-0.0007691696395213388,0.016067197497244834
2025-02-07,-0.02396873058174387,0.021126091695650384,0.02347525022121677,-0.04053095448794508,-0.008074913281244989,-0.019980363684290348,0.0075757718512432515,-0.014597550113860769,-0.005388332018045006,-0.006289304628493642
2025-02-10,0.0011873348340274426,-0.015354723644502744,0.02129831631392687,0.017412199866636335,0.006845440455140794,-0.008332717807835177,0.01112168118146517,0.006028007125154611,-0.002619563907506395,0.017359837371261122
2025-02-11,0.02183170752005026,0.029922475660769443,-0.003208398624330644,-0.0016299428832775575,0.01708938756956635,0.01198796739959529,0.0472500268812166,-0.0018921988525973932,0.011341108874227235,0.031461120049992575
2025-02-12,0.01827018699047267,0.04611146896897789,-0.0024138663978008346,-0.01645472556041927,0.026739005937073568,0.009798030649462053,0.016420112804308662,-0.005833158946381478,0.0008853251301594867,-0.0012063530401198452
2025-02-13,0.01967331608659073,-0.008505543614405697,-0.0026215277351487876,0.006290143220533118,0.014253000780008795,0.004988435568482608,0.011497854650500683,0.003667238114225979,0.008491547115234921,0.012249852112486304
2025-02-14,0.012710535485749963,-0.014029158772160266,0.04104325418456689,-0.007336035409240549,-0.01283830649347939,0.01009106539501059,-0.009064841947916569,-0.005139835477035226,-0.04753820444705148,-0.06920061643990905
2025-02-17,0.0,-0.0006249661891868374,-0.012818030635908695,0.0,-0.0017575499480008139,-0.003401946548877599,0.0,0.0,0.0,0.0029298873368972522
2025-02-18,-0.000531442476859656,-0.012361682693121878,0.0037379534805150882,-0.008877028355405714,0.011091662838447647,0.00444314353719788,0.0026134655248613026,0.002962730108111211,0.015593351481760553,0.018258211538490388
2025-02-19,0.001636183378388889,-0.004529326638770925,0.002548051091592507,-8.819331220011328e-05,-0.01845738345928416,0.0023197029736887753,0.014771918139587559,0.012523121735654952,0.006407532125678905,0.0005378790693066904
2025-02-20,0.003920576046052782,0.022504971523163553,-0.019354888252712255,-0.016546793977871843,0.007273433615770708,-0.009741590425483615,-0.00042802340088443636,0.005290676147367446,0.004324621197783873,0.012544795936284325
2025-02-21,-0.001139191801466266,0.015550223414606545,-0.00937002063241632,-0.028266344731418536,-0.00915817142055142,-0.007609320425145616,0.018703358797311997,-0.019032636089064914,0.01806102403888743,-0.004070829954980426
2025-02-24,0.006312434397224731,0.008244956036926654,-0.004628656533923192,-0.017868663239768212,0.005865633617782029,0.0029027986230889535,-0.01065174754902043,-0.01031319744518977,0.001821035918905256,0.006753246608349528
2025-02-25,-0.00024274696365922388,-0.004719631790760737,-0.047108779680787416,0.000423094048469963,-0.0017670381891760067,-0.0024573505759415415,0.01274983407727004,-0.01509911980967038,0.01237257257092872,-0.013062714995611402
2025-02-26,-0.027040200379813806,0.009390168576387525,-0.026097962703075628,0.007283848822975836,0.014692791819379103,-0.0018067323847786865,-0.009651780367079144,0.004599249342540412,-0.007819320008395025,-0.0019674486001070024
2025-02-27,-0.012730889246679977,-0.016186845134812722,-0.02004373399264925,-0.02617215045770671,-0.04902301402964815,0.05643322121264016,0.0009888734869256677,-0.01801214764844583,0.0039113017138734385,-0.0030465772258631008
2025-02-28,0.01913186340897366,0.00501167019760973,0.0017786435799289624,0.016958863624485065,0.01504316471584799,0.0026995356303793905,0.004797408197834585,0.01136206498105663,0.010873868163289835,-0.016897345888768345
2025-03-03,-0.01575423380035612,-0.01608884394846921,-0.008211359499140092,-0.034200087377916355,-0.012651373901269802,-0.0008283493987988333,0.015587693082900422,-0.021411022093496213,0.010066770968556682,0.002011265757204894
2025-03-04,-0.008822400114137041,0.012526946087058066,-0.0342357152550381,-0.005950644792114046,0.005308385712545993,0.002487108391137083,-0.029452441663687656,0.0003088456951749752,-0.013725176905009073,0.00036495717964646346
2025-03-05,-0.0008052767851814968,0.01416627930311698,-0.019694173827765282,0.022374865016246748,0.03204669036875463,0.002119189563763557,-0.0015670762263116922,0.03193428750377092,0.008257413105434042,0.014046047421112151
2025-03-06,-0.0017391715486774206,-0.028030029564403036,0.004726936052911412,-0.03676331176651382,-0.004587199151394272,0.020167042885029796,0.005422445804504461,-0.0102986929704324,0.0002863536274086975,-0.01798888684820421
2025-03-07,0.015892557475525537,-0.005892188818334643,-0.011526633001274766,-0.007224698407026442,0.03367600735372411,0.0015673951510768447,0.013766434228743574,-0.009020185474349907,0.007385662855998065,0.012273276778448805
2025-03-10,-0.04847959271285418,-0.00048188808795324167,-0.03141363116292639,-0.02363867861413893,-0.031035674511185274,-0.0072690322245762,0.0002802503198084949,-0.0334339918936718,0.001761835478030438,-0.017915247575933213
2025-03-11,-0.029189390856835806,0.0015427377379952922,-0.01572480486464589,0.010537694677220655,-0.03556888844617945,-0.006101910483959472,-0.005738341817395964,0.0007627179626374936,-0.017814523862168086,-0.016952342391520436
2025-03-12,-0.017478751772568413,0.008375878268921833,0.017473743350350013,0.011699491808345508,0.004587112711228469,0.013046090105504282,-0.015484266661169088,0.007412227476897515,-0.027437639117863455,0.015370224785336006
2025-03-13,-0.03364364333837988,0.00945200028840687,0.0063787835028756845,-0.025139524437347016,0.009497734605213859,-0.011716522976461419,-0.004575434523453881,-0.01174106419984422,0.0013065759977528568,-0.02307550112042589
2025-03-14,0.01817056502603709,-0.006857185806463328,0.009263878581859064,0.02093969555611075,-0.011217616219005522,0.008431573955572924,0.0007235854441909328,0.025846778384392977,-0.0036773124790568934,0.013416578581165073
2025-03-17,0.002388939998845041,0.0,0.0,-0.01116439246854839,0.0,0.0,0.013880875809003657,0.0003603610476008434,0.01065646176781998,0.0
2025-03-18,-0.006121471394333389,0.004571291670955935,0.012318791422576636,-0.014917738259935254,0.02342175041946737,0.0038513336719128155,-0.010553436512273917,-0.013326410962595014,-0.012075829470963306,0.02349419557320087
2025-03-19,0.011989121705324957,-0.007820971996654325,0.016941030484538988,0.014106347155876442,-0.0076882025058729875,0.004593591110234163,-0.0014413112652664761,0.01121196956728121,0.005127977886016488,-0.005647596794014498
2025-03-20,-0.00529624846689325,0.026514408962537317,0.020178344169760942,-0.003017266841301769,-0.020360391159733093,-5.021530131232854e-05,0.006206606869773257,-0.0025270217208746004,-0.0060509426365502605,0.005679673298727428
2025-03-21,0.019476915930412675,-0.0234560531421526,-0.013339398023766158,0.006463245885351521,0.005517784301411366,-0.011457277593431847,-0.014918860053285576,0.011425907871364549,-0.005132779639233309,0.020222376804449826
2025-03-24,0.011270373180236826,0.017395044900973433,0.005361256977851614,0.03593082692897376,0.0001829313086427753,-0.014284277697082626,0.004077420477241356,0.004651654992811283,-0.0062391906790000284,0.0016070797834253359
2025-03-25,0.013681886692452627,-0.006979659781469638,-0.002086711690995058,0.012053587883713357,0.011521552523708456,0.007683956981921591,-0.002030374019463266,0.00529157383221035,-0.016902988279249853,0.004813713532592523
2025-03-26,-0.009921820574241624,-0.0035378754229187237,-0.0032527430246311884,-0.022264360904062586,0.009944016087781282,-0.0021494881863969306,0.017584607118837692,-0.013133868224699419,0.02290439237903308,0.0014193520898249101
2025-03-27,0.010472687848272377,0.0027930556815822793,0.01794865150950664,0.0011435177345771042,-0.0005370320350329694,0.035542299382385956,0.01028279172407065,0.001564099579818956,0.012786875003761411,0.035435942881745675
2025-03-28,-0.026580336150487605,0.016097902537855813,-0.003205907727997892,-0.04290822091507418,0.009851255159382122,0.011787174866393357,-0.005230415039934044,-0.03016025660028343,-0.004030770931513383,-0.022245053661304803
2025-03-31,0.01941253140545296,-0.005807552501306601,0.0018378907785039367,-0.012764667384211892,-0.015785686536439525,-0.025062240594743046,0.017763151246492637,-0.009002080694970216,0.014223653255277746,-0.009975497140509049
2025-04-01,0.004772015712181776,0.027103992825535883,0.0009171694976608524,0.010038913682617334,0.03243819834359751,0.02008331778365502,0.0034906919294752647,0.018114492819780725,0.0008214472337109147,0.012197239184122521
2025-04-02,0.0031363578613554655,-0.01163808068572214,0.023825815589562316,0.01998228846583383,0.029673643328001376,0.006841534272737482,-0.007513495168718021,-0.00013071270252795752,-0.006214810768295553,0.008906758078756294
2025-04-03,-0.09245624301677313,-0.00858505494548778,0.025285403097597525,-0.08979129298487254,0.010849285290448929,-0.011243654742067566,0.025935870638003733,-0.0236302580160066,0.017050257080450493,0.028561550885896514
2025-04-04,-0.07288731707958396,-0.06681493957101192,-0.039502441390385945,-0.041533565999713695,-0.0560120876883754,-0.01957861266879035,-0.04441108890887768,-0.03556599893580137,-0.050118882744975224,-0.045775764439411115
2025-04-07,-0.03673436156424825,0.023325305923399986,-0.040672510047773835,0.024912248577988017,-0.0165215921486237,-0.035552316838972975,-0.02230811062376903,-0.005502460310561896,-0.021496387563547104,-0.000705524272353264
2025-04-08,-0.049818168558080855,0.009662600183757641,0.0,-0.026246667744515673,0.011380030807826014,0.018039142238782002,0.0007313015677103962,-0.00922133560880034,-0.011483482159262093,-0.009177529277595409
2025-04-09,0.15328860628500296,0.05776400630729617,0.058739902786907994,0.11977031526306248,0.05500986673570418,0.020082283929923284,0.022361960012670545,0.10133682335144667,0.024812459529286457,0.026184537258987062
2025-04-10,-0.04239375215021912,-0.035215421751726095,-0.06979862021017491,-0.05170070417193329,-0.021669250967967013,-0.005437860535022265,0.011579646028694768,-0.02340653319216801,0.00763890876877471,-0.02430139044898283
2025-04-11,0.04059436218931811,-0.023756876050575082,-0.006012476500405595,0.020141230945248445,0.008652071668073358,0.012909548011545535,0.009468542911216238,0.018618202368455794,0.020481966159781484,-0.007294053967343395
2025-04-14,0.022054113206822157,0.025960593659944742,0.002661427191757104,-0.014875318183769082,0.017841790139908165,0.0036484953519739793,0.014279764765614544,-0.0016476380331037488,0.013300464571899706,0.012544795936284325
2025-04-15,-0.0018764003164226661,0.003697048670998848,-0.009652443778673692,-0.013891933050343641,-0.0015168689458410212,0.021761797718516496,-0.008143355335042846,-0.005363481843721818,-0.003902302616351161,0.016283180924039575
2025-04-16,-0.0389333870455566,0.014925490711564793,0.009746521529777397,-0.029288905919567454,0.015023581317511026,0.0100887116286279,-0.0025049564205533725,-0.036605943322886914,-0.012346350720391142,0.029432323559642093
2025-04-17,0.013949590669968481,0.0,0.0,-0.009866352335440198,0.0,0.0,0.01841526007477734,-0.010306483384165732,0.025482349493644918,0.0
2025-04-21,-0.019392824708636458,0.016591130911714602,0.026785709207939323,-0.030647084568839134,0.03958080647716633,-0.0021230238299464466,-0.003150865078119458,-0.023546660422884225,-0.022544975003136014,0.0307900469755078
2025-04-22,0.03406512728522171,-0.008345668092842873,-0.0345475747112558,0.03502262189247651,0.014077813781070647,0.008897063006072958,0.015528550189094714,0.021441298999536063,0.012850778723757506,0.04070238038582641
2025-04-23,0.024331638578188874,-0.006405453474674361,0.03359297476527767,0.042845673527805994,0.04906138255466552,-0.003306894657915671,-0.008119144364626574,0.02063694168868957,-0.012806804974030861,-0.02334013332286322
2025-04-24,0.018426171166043614,-0.016987345357214134,0.02661329810129809,0.03289029336584037,0.015187960431935599,0.016020295725552636,-0.010641242692425501,0.034482636338055705,-0.037410254418548616,0.011303077620510749
2025-04-25,0.004367217626368269,0.0029679319141595606,0.045882039676342856,0.013133978209558528,-0.014812598478678218,-0.0018790476956305202,-0.008411362497560804,0.011748121162394876,0.009340051080015233,-0.01979885014804028
2025-04-28,0.00410929660867132,-0.021334493681322675,0.012722023261863002,-0.006825802991833552,0.013231154065782569,0.0001449011778003051,-0.0016690295686333512,-0.0017609896779324785,0.005154531338963153,0.01791830028200425
2025-04-29,0.0050918550337657464,-0.00921726219275365,-0.051115396604364816,-0.0016515586767922308,-0.06069157742857989,-0.00955603868680277,0.0078007622133926535,0.007362727833158722,0.002533220611123266,-0.038566157896461895
2025-04-30,0.006107692668900766,0.016587866789745886,0.0036521991107050233,-0.015849304820837684,-0.057346003201917184,0.004726613709404415,0.0027642892963293253,0.0030962020553535474,0.001910636258540821,0.034121131908993574
2025-05-01,0.0038588955663447777,0.0,0.0,0.031341496782804956,0.0,0.0,-0.017367276491119243,0.07625358734427046,-0.015931652946203023,0.0
2025-05-02,-0.037361715039384125,-9.68535191753217e-05,-0.019558812533783998,-0.0011566836184702112,-0.02430021055010856,-0.03821722074361311,0.005049748255164577,0.023225168022485976,0.003375325210172031,-0.0234992111332335
2025-05-05,-0.03145859657797967,0.008716253852723899,0.01971701656312841,-0.01910722026349243,0.002404605740663479,-0.0010588660721634335,0.0006977136561983066,0.0020447219983883436,-0.010528172170984784,0.00939521667839327
2025-05-06,-0.0019105699497783402,0.013297535327112309,0.027979913405802748,-0.007190832051464091,0.037182929239577556,0.02110049021511462,0.0002791333136518137,-0.006557139849642346,0.002644216647333275,0.053069764980279155
2025-05-07,-0.011384822083056023,0.012459747496279316,-0.00464706867611997,0.019998985551532122,-0.0036344804797038277,0.00845365775095841,0.009481164034570666,9.234744643626946e-05,0.00025125114130575277,0.011474813667753825
2025-05-08,0.006318404332816829,-0.022553937771794708,-0.01711865852828942,0.01785806262143419,-0.0076273211612724046,-0.025834659686499117,-0.01698898987472708,0.011122636059544888,-0.0040178170747495745,-0.03418681826614234
2025-05-09,0.005266184390461115,0.000813760709833744,0.050440988717405544,0.0051020185245573835,-0.018045071068120477,0.0006541560961363935,-0.009133006618196382,0.0012781015154219588,-0.0062403380973133915,-0.012063469285827577
2025-05-12,0.0631461973154337,0.007079267001523393,-0.007105821363780129,0.08070031092964336,-0.0076569498152989635,-0.011717407645822298,-0.014038605857992215,0.024000986945422964,0.020550669385610565,0.017030804166398683
2025-05-13,0.01015224955627736,0.0021374303124792604,0.0,0.01308471882441209,0.014654562221989131,0.005495732892744298,-0.008197841856198651,-0.0002670691076022136,-0.013486714780451825,0.007898943020161031
2025-05-14,-0.002817865699136779,-0.02019058110072669,0.008674848433995352,-0.005298742220089303,-0.008940869910489813,0.008299511278179628,0.00290029362708788,0.00846050174421542,-0.004472873372539321,0.016927851063545774
2025-05-15,-0.004144399237221985,-0.00812641972007433,0.026015997878547692,-0.024161720956264898,-0.002255382559686936,0.0028609373271404337,0.03542502327760033,0.0022562110392374546,0.027781291759108928,-0.017570837053986543
2025-05-16,-0.000898561265062936,0.009412209882446287,0.017393037895550023,0.002047074000553817,-0.00017388833572040685,0.008558076048686303,0.0054462438846989425,0.0025157750296287418,0.0053568761150826205,0.006275446427087328
2025-05-19,-0.011739122198914598,0.00821340324698494,-0.00885681884762246,0.0027725440652370814,0.01234781364279769,0.02337245478410588,-0.0009722921964113729,0.010126247183309012,0.00912524952951399,0.009666370433594418
2025-05-20,-0.009196216877760177,0.0003833452540427107,-0.016417249633779996,-0.010137739138364021,-0.048101697035202506,0.0060611211229215645,-0.0033364723752412617,-0.0015255482997497127,0.0052801502076613716,0.011426789736271648
2025-05-21,-0.02305921059458449,-0.009867725031398322,0.003802996404311587,-0.014455883280997672,0.005053260113531799,0.0032775309943584574,0.002231834602209437,-0.012222495097824582,-0.001267752279409673,0.00732829668066759
2025-05-22,-0.0036122392324945407,0.0026608515912309727,-0.025678733985618152,0.00984492359983613,-0.004129997244343042,-0.017919005391842102,-0.009881780431589493,0.0050599758727734034,-0.0024179816845989466,-0.016216961033573285
2025-05-23,-0.030244221058998932,0.025283492524135642,0.009721308626538194,-0.010388973643241206,0.009736776661214197,0.003326348391656797,0.008855748723044732,-0.010288937044950153,0.005029283904183224,0.01032189432340247
2025-05-26,0.0,0.005364893442918239,0.02652968389178678,0.0,-0.0003571542052825949,-0.012286034184956773,0.0,0.0,0.0,0.0015248884215579572
2025-05-27,0.025298251060820398,-0.003136192082866418,0.01125475647494989,0.025026113945093353,-0.00911040854633638,0.018263410449473216,0.00013937547676379225,0.023346241435246773,0.01145556666394909,-0.0019793486286983075
2025-05-28,0.0010488707446776324,0.009391401121540133,0.0032975866755933225,-0.006310081665849121,-0.006850557561661197,0.0028115624848501497,-0.008776789577752298,-0.007228263930876722,-0.002384304391543246,0.002288259797190273
2025-05-29,-0.002345093148486077,-0.008699351917846987,0.011503780559400711,0.004787005283780621,0.0014521448421211947,0.0017402847172733882,0.004778504702268593,0.0028861036233167603,0.007170103154157559,0.0016743376034367152
2025-05-30,0.004501148119051557,0.0019240325722538199,-0.01238834633923569,-0.0033544115296213484,-0.016675696988501465,-0.005694217785289113,0.00853266141604192,0.0036626581083925025,0.007890383176815119,-0.037380403136900386
2025-06-02,0.004231963219623491,-0.002295104231352152,0.027966326553277687,0.007999607012299847,-0.03410139258721989,-0.007425339769396189,-0.0013868277337492074,0.003497257692058886,-0.012419769941304448,0.015627474639714034
2025-06-03,0.007783866111755966,-0.015210531242314196,0.00700130282927125,-0.004548692041520419,0.00839691707721868,-0.0073831717391441565,-0.011666738180257541,0.0021646924833107484,-0.005542950395471924,-0.0043518662455657164
2025-06-04,-0.0022137023863150196,-0.016494244412018966,0.005760835928652508,0.007388989179248462,-0.015897039119573075,-0.009851795114031558,0.002951197700599595,0.0019439351579599862,-0.005394133134966839,0.005151423124892807
2025-06-05,-0.010797712139630211,-0.0036836544280933747,0.005332799373274577,0.0032814165352026414,0.004038440647280206,0.00572116030605474,-0.006445321819383287,0.008213571870298475,-0.018981618385978782,0.013822056643735259
2025-06-06,0.01639823841307697,0.005246149939525546,-0.03536348702081216,0.027223334916139486,0.0,0.009794278377720955,0.006204890415480113,0.005773073264969231,0.0074939202908701485,-0.02083333208109661
2025-06-09,-0.012112568123092138,0.0006892938184048791,0.007332045847425972,0.015966607137600786,-0.0237501772901082,-0.023121391545130376,0.0058865675476345025,0.005038545683650586,-0.008901459143528023,0.008917333909545633
2025-06-10,0.006056066162269724,-0.004280484731204459,0.006469750914550154,0.0029035159702168745,0.0129488238704909,0.0072209435120194065,0.008081465736806903,-0.003871001809714003,0.001722557526085966,0.003411444245803308
2025-06-11,-0.019193775052397055,0.008943662181674972,0.015267270138181077,-0.020265629565462184,-0.013558063200478032,0.002190509645477734,-0.003870136065238672,0.003609998677361226,-0.004482932631794889,-0.015917165252919196
2025-06-12,0.00211283244117233,-0.012145575297274114,-0.008112418337226979,0.00018765734284498237,0.015707799967426883,-0.006855418519740697,0.002358752754253679,0.013224132001480093,0.006600393797383974,-0.01036432636869633
2025-06-13,-0.013805210122337819,-0.001041116919483498,0.011968917202962004,-0.0053460859139069505,-0.0007732703221163817,0.0030012784586288532,-0.009898323949144583,-0.00816507022742996,-0.017771866270805847,-0.004284373142619535
2025-06-16,0.010028080122866267,-0.007096707884561515,0.001182704684176361,0.018859028217320217,-0.0030953246032081605,-0.013465089623395654,-0.007040151509628112,0.00880077201257179,0.003743561498505965,-0.020398365069285718
2025-06-17,-0.014010778675210833,-0.006297826921720873,0.0,-0.005923177895162723,0.0005822036581872858,-0.013497207504918785,-0.012762342478811028,-0.002295716835990058,-0.01466929934056671,-0.006019251237496581
2025-06-18,0.004804780140241993,-0.004526946394575182,0.00767869239037644,-0.010706651956707725,-0.00465476845137891,-0.008711189419158383,-0.0058890573226070275,0.004601998557547837,-0.0031542040224082912,0.013093319538994175
2025-06-19,0.0,0.021676476941830725,-0.00840169097528698,0.0,0.008963349288700684,-0.00914962129660657,0.0,0.0,0.0,-0.019547666636514416
2025-06-20,0.022484496456271597,0.024777447512271955,0.006502428252243453,-0.013316402099383007,0.011394348092415907,0.0005217454881885075,-0.005346047800316889,-0.005913696988583794,0.006707979077310355,0.002801104149028344
2025-06-23,0.002487684960162495,-0.034650791608460185,0.0011746008164301713,-0.005818118205440093,-0.0028641780336506883,0.004484322529735518,0.013073685371786548,0.018014283630956918,0.012257953363886243,0.0023004505352524074
2025-06-24,-0.0059554151201922645,-0.012598173068943619,0.003910921709137094,0.02062648355436747,-0.0009575923697945354,-0.0012978634909784903,0.0067394057807830254,0.008456712844384429,-0.004160611139603199,0.032295065759490704
2025-06-25,0.006290549791969635,-0.0068350338895293294,-0.0040903976034174505,-0.0036659245365152637,0.024343523632851305,-0.011954905002016236,-0.008260924902216638,0.004407232648144577,-0.00866812481594792,0.014292458261944141
2025-06-26,-0.0027783565386655384,0.0131525286058638,0.00019551133627726536,0.024199205109171285,0.0022455804856089667,0.010153212277674628,-0.002297753366659938,0.010522694503972696,-0.002138699933475263,-0.00454042475183003
2025-06-27,0.00039795941485243347,-0.00910746812386154,-0.004106318021477207,0.028463559660798277,-0.010268893462642259,0.0013540491443109204,0.012379390246959998,-0.0030355209103439806,0.007753925739574008,0.008178591915584343
2025-06-30,0.020340164552558715,0.009495789570047375,0.00333790161056835,-0.017510092291414314,-0.012639086976724445,0.003952631050224031,0.005971834191076608,0.0029641016086923155,-0.003378056856537359,-0.03151314310675546
2025-07-01,0.012916188482370305,-0.00804828347430464,0.0013698440602298856,0.00487719279454657,-0.0030569583120049204,0.003729581515830249,0.013003400218830174,-0.010775863003698594,0.011925711572089437,0.009825954323533725
2025-07-02,0.02223077554729791,-0.01186613958670224,0.010943914758901885,-0.002449462616694653,0.0038328591090341924,0.025650488956403983,-0.010604022040865413,-0.0019508732204239765,-0.00012399241448934895,-0.0019141476428606863
2025-07-03,0.005225071944338744,0.009391430575123039,-0.027643563911376456,0.015869432167251007,-0.0013363562859219913,0.003321023397629741,0.006205009037607789,0.015781142881958754,-0.0022954195211023487,-0.02045704561613948
2025-07-04,0.0,0.006355220750065671,0.005964232875661946,0.0,-0.0038233337289513836,-0.01078292995758956,0.0,0.0,0.0,-0.005221117067068182
2025-07-07,-0.01685803436684885,-0.024856109227505696,-0.014822140447120269,0.0002685535903059755,-0.02187682290082349,-0.0005071227815391932,-0.004765226524466759,-0.0022452134373747157,-0.0020518194040991533,-0.023290187743649216
2025-07-08,0.00028591038027769855,-0.023728000856381493,-0.017051086994976816,-0.018391733064396676,0.008043974428132872,-0.012934841317959855,-0.010843557057056863,-0.0022101410507523456,-0.01626167828315994,-0.014273702357599505
2025-07-09,0.005380660621214117,-0.020696292568327057,0.0016326418713841218,0.014496684294917905,-0.013429398360291778,-0.019168527848020034,-0.010820017507092383,0.013873813101749288,-0.0023432403365876153,-0.00374787223624673
2025-07-10,0.006014937785369989,0.003901551126495706,-0.023431162586713072,-0.0012581953255335065,-0.0005918515334066843,-0.010531264197706114,0.004173746554906099,-0.0040316407933959075,0.006157897965475945,0.005300966117094186
2025-07-11,-0.005884847099796642,0.011875289161963343,0.0014604429827358434,0.012417933203629827,0.00118440405817144,-0.00683075654956955,0.0014334813705332294,0.0036690808860810886,-0.009085819151147367,-0.004252450061042912
2025-07-14,-0.012028809136205187,0.009228567381993846,-0.010208356058529877,0.0029775049161142597,-0.002760263511522476,-0.014608603416871313,-0.005724931766246666,-0.0005960314859418947,-0.020948800447752047,-0.015203250473987184
2025-07-15,0.0023489017157345415,0.004387045449036009,-0.003578180177907009,0.0029243814744550622,0.0027679036549848046,-0.00027064605956172993,-0.0015835482638903997,0.0055664211722146195,-0.007023938887926073,-0.0026019649126437505
2025-07-16,0.005021366636166924,0.003368114100805286,-0.0014786445755291533,-0.013960696164789232,-0.011041054046089793,0.007631189582003373,-0.001297510535274271,-0.00039543101096717326,0.0068773354533142594,-0.0034782005808737804
2025-07-17,-0.0006663115145312259,0.020769942497527172,0.01121216097177169,0.0030915472640284936,0.0119617160025971,0.0320137469453603,0.019055746743373403,0.012024882876555898,0.012294135014716323,-0.06980804632751036
2025-07-18,0.0055232025244587035,0.01022503625355764,-0.00502088646367338,0.010050026580880944,-0.007092118242587486,-0.01141495299917239,-0.010483071288041157,-0.003224607503309107,0.0034742617841569956,0.0035647028311271978
2025-07-21,0.006155885100793457,-0.0021361657338514473,-0.0012616176852436878,0.014018476542235536,-0.011706335563375858,0.0015575934507645606,0.0031496427364803292,1.963779210312211e-05,-0.000451274186235473,-0.04879416421297189
2025-07-22,0.00903629650534632,-0.014730692805815626,0.005894821031824371,-0.007980819043607368,-0.007829845623717357,-0.016676663211609877,-0.005851124934695751,-0.009391091155209419,0.0212218942072524,0.012971704388210936
2025-07-23,-0.0011661021972080299,0.004811235976088124,0.15110922361663337,0.003604836070819184,0.026709898341258143,-0.014559950079966799,-0.007177822407347878,0.0011874624267076417,-0.00025279626099650176,0.04753594483584833
2025-07-24,-0.0018212174083382937,-0.0012355535140026186,-0.019999988573393912,0.01725876103762447,-0.014584158527284008,0.004703700182454362,-0.0008675840732981221,0.009903807045799518,0.00334841265233754,0.017410619254598414
2025-07-25,0.0005614135657658892,0.009948930486904928,0.05102045129263488,-0.00340177109187767,0.0816000290918335,0.005838351374322759,0.001012871104119295,0.005539537713702636,-0.0032113289450050875,0.0061897311794698595
2025-07-28,0.000794871701126576,0.013781087942513981,0.0017651609317426153,0.005833005662313484,0.026072451013847253,-0.05388242522217268,-0.015613577953389246,-0.0023554635842342186,-0.007517373507489822,0.005789729447482683
2025-07-29,-0.012987635336218717,-0.0073003641752659165,-0.013215864214266126,-0.007646371539299812,0.015498220501037885,0.00017373058778913375,0.01894549066650053,0.0001365668465849179,-0.003182490941018301,0.019248048930506245
2025-07-30,-0.010507943315991919,-0.013186488937653507,0.008750019376450702,-0.003549595623255297,-0.01348708096812834,-0.020658585439257138,-0.009080408104417792,0.001307098762648451,-0.023817108167017653,0.0038828115023408216
2025-07-31,-0.00707951737384338,0.0108442780561111,0.0012391402267846185,0.017029402351838252,-0.014750834316962225,0.007740493344568611,-0.012509152091789266,0.03947468686102851,-0.01576390665503602,-0.022503538877989393
2025-08-01,-0.025003621320592417,-0.0018303244678572472,-0.022630888831587814,-0.08269617085933034,0.0010955250454873777,-0.014541181767559697,0.014288015609113858,-0.01760076623527418,0.001196095704776301,-0.004676248381605408
2025-08-04,0.004792951306890725,0.00010177235052988287,-0.006873960294143111,-0.01443541840985152,-0.015137753728992287,-0.007199372220360822,0.0014520830812554397,0.021999267314401605,0.000730271081338163,-0.024936746843581714
2025-08-05,-0.0021145854217488047,0.012427491548258285,0.015118248258740197,0.009922070229506863,0.003148104367185489,0.0020976210226624215,0.0013052642548612159,-0.014729993841213762,-0.0016583727192946984,0.0066715653676625575
2025-08-06,0.05090678208532462,-0.00035215430857327146,0.0012561091894516263,0.04004677220394748,0.004799714033953073,-0.01859935544196223,0.006661770400251621,-0.005324561260076521,0.015613680001118846,-0.007547842006308758
2025-08-07,0.0317936017206375,0.001560135538122509,0.02114693294328429,0.0036885760119835798,0.013962904348059357,0.004631142030014024,0.013235482673837229,-0.00781043138845372,0.004121394742950812,0.056019337949904324
2025-08-08,0.04235788102306204,-0.008943867828126617,-0.004387483288518901,-0.001971955504762035,-0.005798195538136319,-0.01983492967869871,-0.001277909575198688,0.002303810429313158,0.0001301709568333198,-0.011944561058988556
2025-08-11,-0.008337463123530675,-0.003650335967849916,-0.0005287738629371486,-0.006241858073597895,-0.006743142859408691,-0.002475363292205768,0.005828888331950832,-0.0005169208942188419,0.00957593837002757,-0.0015999373864754585
2025-08-12,0.010872493338129674,0.0017301457198577452,-0.007583817623713074,0.0007681796954406295,0.0,-0.006576056798709873,-0.0005655387937989476,0.014316592681656415,0.0007098680065105167,0.0005341438066042148
2025-08-13,0.016024393810956772,0.004216037775775838,-0.0065753689723166975,0.01395221168040428,0.019999994297060786,-0.002060878747231376,-0.0035353970758857933,-0.016363014434918943,0.0020633754951449035,0.00729671996407899
2025-08-14,-0.0023571016556619417,-0.011482632277852733,-0.004472320245898942,0.02858923333961183,0.008454747351051006,-0.0038798475267831645,-0.012915175785284116,0.003649550771238852,-0.0107457044673539,-0.009363967971462439
2025-08-15,-0.0051122664986767985,0.017040232307300673,-0.001976582117973691,0.00021648217457226338,0.011594672953836982,0.003204002912954529,0.005319913358091455,-0.004421153964126789,0.004032721945808948,0.010522553046644623
2025-08-18,-0.0030224932219572453,-0.00271689225724836,0.011883263282089773,0.0019911124801876845,-0.002821324753853438,0.0035066794554350356,-0.011298614083799063,-0.0059019718347244066,0.008810486618046953,-0.011471980848822394
2025-08-19,-0.0014292994582021379,0.012915535680915635,-0.0055160378014545985,-0.01503309388634011,0.019805424847104236,-0.006489822963628544,0.014465480181490964,-0.01417512701095458,0.017210365215531764,0.022496013141291682
2025-08-20,-0.019734536864348118,-0.01578915126721636,-0.0069780065938612745,-0.01842023178556884,0.003988268490819458,0.016895845455914937,0.008127713833949946,-0.007944675891261022,0.007007588190577119,0.003841523076304254
2025-08-21,-0.004911203814145115,0.024240880787419705,0.0,-0.008310623433453235,0.0065630471638369325,0.010809117866136031,-0.000565605901299171,-0.0012875073274323245,-0.004889994811433707,0.003304899088712787
2025-08-22,0.012716684910017761,-0.005780963687885721,-0.0045044828263186565,0.031043025385826706,0.0018874332993683574,0.011549036698722759,-0.007500823296298531,0.005929790518730105,-0.00037791814109000565,-0.005374556360664973
2025-08-25,-0.002634359956168675,-0.004522335285643164,-0.011221696488461053,-0.003932852258726194,0.007364242774754226,-0.004228595920765188,-0.017111011819993527,-0.005855406260058205,-0.015882027539552368,-0.025448809992313803
2025-08-26,0.009464706476046691,-0.02735765720157468,-0.01299656821402606,0.0033781006590050122,-0.012070712228032798,-0.014377553647799801,-0.0029014446672239735,-0.00440253222484932,-0.0011527886571229828,-0.012520114695080853
2025-08-27,0.005145881341378056,0.010522074175825402,0.0361646892784393,0.0017926124405795996,0.0041300958117509445,-0.000676964723871798,0.001454943772461581,0.009361878009129132,0.006347453702048478,0.008331750235403668
2025-08-28,0.008980850840599297,0.002133235961368829,-0.01020219489732066,0.0108240705271474,-0.005312737119287481,0.007945209186381197,-0.006828506106422494,0.005722811680751061,-0.008346110187268052,-0.0012573527364637682
2025-08-29,-0.0018059976322623017,-0.03340084456062742,-0.025678139129193367,-0.011226278216735164,0.0006892017890596236,-0.010693530237395055,0.009215781733563189,-0.005788354140098595,0.008930215810857733,0.0028776478827734486
2025-09-01,0.0,0.021970345280498682,0.0012991654023235544,0.0,-0.004304410696488681,0.012353320958106595,0.0,0.0,0.0,0.0059182944210558475
2025-09-02,-0.01042465018223615,-0.012262578445692895,0.01371640183765832,-0.015982548742835667,0.02749431322295659,-0.01073823314919986,0.0010148273508479022,-0.003098606140361726,0.006049548444348352,0.013727943442311208
2025-09-03,0.038089811255997974,-0.008467052965842714,0.018467790212005175,0.0028845707190781056,0.012117125808499773,-0.0349079965752247,-0.0010137985203813038,0.0004553899382946369,0.0011391640277889081,-0.01618015512086346
2025-09-04,0.005493276796928015,0.010111028008416456,-0.007181349815357119,0.042877945692648245,0.01895579217035026,0.022558641488338305,-0.010726079175183312,0.005184552333097336,0.006448943768098125,0.0066143604388044785
2025-09-05,-0.0003753100891029648,-0.01882691989700702,0.003616576288365758,-0.014214150326010255,0.03426894237420086,-0.001874726508466873,-0.004249080931059579,-0.025533019878216767,0.005213796233713097,0.012253486795977375
2025-09-08,-0.0075513828270526995,0.0005286543758018514,-0.0045044828263186565,0.015107797009308976,-0.008835569427099399,0.016154079953734524,-0.007798710947136689,0.00646465224103121,-0.006311760796820387,-0.003508779900627146
2025-09-09,-0.014839436818485985,-0.032755731594866,0.010497826149549416,0.010176429751274751,0.0036612470727031,-0.0002463777470891326,0.006377014683573989,0.00042144797146348445,0.002830135839605452,-0.0070422004940544625
2025-09-10,-0.032259460089661185,-0.005899040710263481,0.010030380509870707,-0.03320182790348514,-0.009674922362152505,-0.003698092572350764,-0.0005893925753415186,0.003932618708716085,-0.013232183843735146,-0.0024822959010810663
2025-09-11,0.014286333633347192,0.01703298054357716,0.01897496198007187,-0.0016498279850283293,0.016495925967038305,0.0349521530275565,-0.0029489321804595514,0.001278968491834176,0.008134757666277803,-0.013864170382288932
2025-09-12,0.017562993503958735,0.010048578761921778,-0.0052209708082681106,-0.007827802024989672,0.02646918197900816,0.018529576965725658,-0.00902100744251677,0.017744139131049996,-0.0046019416975823235,-0.004325878662940319
2025-09-15,0.011235933001189746,0.013585839435773517,0.004898462588888819,0.014376501718361023,-0.0021488958515725187,0.016079843519386072,-0.004360958788073077,0.010708027544927612,-0.0067765077483533664,0.02950762241000393
2025-09-16,0.006125802961835625,0.0,0.0,0.011320962964584513,0.0,0.0,0.0004530812760545899,-0.012263226613177358,0.007779234049269945,0.0
2025-09-17,0.0035273411706115976,-0.014722974974367697,0.015668571463739678,-0.010382430689534927,0.0,-0.017731300610049905,0.01207732250912863,0.0019250966991020135,0.014425755010920804,-0.0015826326319005046
2025-09-18,-0.0046445947485665995,-0.0008569347371355507,0.002228343653317477,-0.0016837898189709932,0.0006153095175402967,0.002057932898027248,-0.00865166391463168,-0.0030782543845292443,-0.018773758903741333,-0.0021133835601121476
2025-09-19,0.032032867191576164,0.020048135670042377,-0.035060785647669124,0.0010811746080494622,-0.004304458286633173,0.0387278890342424,-0.00045137698682606864,0.01864492238634874,-0.008136209140981898,0.012354387643479292
2025-09-22,0.04309572508777837,-0.0056753624619457765,0.02410490336763127,-0.016632067201427403,-0.0007719269327279843,0.006044485703339264,-0.0033116708150453533,-0.00671899076541993,-0.019033614388567766,-0.020048842387530796
2025-09-23,-0.0064432141923312924,0.0073462238998402984,0.018864710219089975,-0.030400202172415014,-0.008034626138719969,0.01313939555061494,0.007551628981820713,-0.010146810994996258,-0.0037237454549895466,0.01049634539903943
2025-09-24,-0.008332411863824163,-0.00047217761471785025,0.0016986631943007868,-0.0022654160880354324,-0.009190021104351742,-0.0003879721368769129,-0.0038974292419469148,0.0018065556477930844,-0.0005246819386122148,0.0
2025-09-25,0.018072987935134455,-0.013752515693931655,0.030693539060849817,-0.00935476479077324,0.01006132589183717,-0.006209690797083223,-0.007072910049165659,-0.006115796826789199,-0.001771396212454146,-0.01232393721602043
2025-09-26,-0.005489118202509746,0.007770483766860625,0.01382040364269388,0.007471945580644679,0.01385215738557588,0.010544427430255299,-0.004698474898435889,0.008737116838221759,0.002300428557152401,-0.0028520703826371285
2025-09-29,-0.004031903675073667,5.280120889628037e-05,-0.027263943950291525,0.01087450815780766,-0.0036843699607485014,0.008115747054570743,0.005634268702795042,0.006139115094887515,0.006753915209791961,0.00643549536087118
2025-09-30,0.0007860129897405699,0.015789996375346504,0.015682357586900952,-0.011702709034319914,0.002465289918800906,-0.011774405313839331,0.004239722957294578,0.006510271002893031,0.0007815384634273226,0.004973479792454993
2025-10-01,0.0032203748162142887,-0.005354774984439703,-0.02184621177398438,0.004827606336181178,-0.01337221964215618,-0.02804091698452782,0.006936154926204363,0.0033978298038825905,-0.003058899299219431,-0.021032250055739832
2025-10-02,0.006576733422836156,-0.006115457102755073,-0.0005037336777129475,0.008067800117406154,0.014488274741388363,0.01317061416192944,-0.01018269009139694,-0.007638913392573166,-0.007376824594843234,0.008846385410091084
2025-10-03,0.0034612615903004684,0.0032606532072603223,-0.018985290981044733,-0.013039023009411066,-0.00998165064926726,-0.009960680553018575,0.008320863561536385,0.0031217306723074767,0.0014469908282868094,-0.006800308343373418
2025-10-06,-0.005154752380876593,-0.008858979068671724,-0.010960773847303096,0.00633228292302257,0.011788442242852026,-0.006309211465512776,-0.008252198146675216,0.021687525447268374,-0.012215166839692926,-0.01567565049145525
2025-10-07,-0.0008179936161892831,-0.02575619852398714,-0.03567100841433524,0.003983725247293846,-0.03204047870392668,-0.0074935212723109546,0.010438800904231105,-0.008683939078540814,0.014161186029484574,0.002013546512320996
2025-10-08,0.006160217240152921,-0.006840053940256885,0.012928765924060004,0.015510877718191152,-0.034051290205054596,0.014004941119647007,-0.010031488066428507,0.0016603972128628186,-0.012127850446964628,0.02027764564612089
2025-10-09,-0.015577707647773553,-0.015577979677765752,-0.017904617655449373,0.01118907849570383,0.01885551243772654,-0.004717546357820179,0.0037810130500881556,-0.004667973897897193,-0.0007299728868702671,0.014682139891327717
2025-10-10,-0.034522156815508964,-0.009439253382311774,-0.022924163819060372,-0.049925397829666096,-0.01882842585374178,-0.006681500506533156,0.01009496931389764,-0.02189882267434151,-0.005910600986553605,-0.005999543018570086
2025-10-13,0.009744389834039024,0.008239877952773478,0.03049158706141153,0.017100394188331425,0.003444298953067415,-0.014832708376433135,-0.003580006870603003,0.006047389261015557,-0.014696885845536634,0.00994138249705645
2025-10-14,0.00044413082231420375,-0.016456242662128417,-0.019373545096942335,-0.016721987604375044,0.006047729915183098,-0.005485478425695023,0.010628720669966452,-0.0009336843493278346,0.011322625879639503,0.021269055800915204
2025-10-15,0.0063365317531554055,0.007687531940556935,0.012740061892897891,-0.003789417568938358,-0.012022749488621254,0.006630656338588281,-0.0063694186713264545,-0.00027265649020702387,-0.011665315234675289,0.049225429359895045
2025-10-16,-0.007580000400476461,0.022493895191990187,-0.0045579047904017456,-0.00510277898660183,0.030915929188839453,0.04969554041898161,0.007602949719321739,-0.003544781944462505,0.014787767072530711,0.02345808183291309
2025-10-17,0.01955945458120567,-0.016019183633420808,-0.007142822545673777,-0.006667636156250767,-0.008613716551895578,0.0031778063012988245,0.012575853219125355,0.0038506389665875496,0.012032091597401262,-0.009456636475331903
2025-10-20,0.03943872556830863,-0.003233751346216618,0.005349580872854087,0.016147214372026486,0.005631465392486712,-0.0015838699188408523,0.0,0.006250128432425894,0.0036988359850718133,-0.0011327616170764276
2025-10-21,0.002021035212009581,-0.008166529019228319,-0.018532098097994054,0.025637486886977978,-0.024639976109884554,-0.02821521283867312,0.04061936104488373,0.001683497874670259,-0.0022375640352436665,-0.002429799386136522
2025-10-22,-0.01644026051792813,0.009474474237964658,0.009721371341189444,-0.018375903497213075,0.012795300117490749,0.03375693773925326,-0.005756779876413987,0.005563395425819184,0.0038253494121289755,0.01104241720863297
2025-10-23,0.004372271182262466,0.016759728988145595,-0.03610439460222392,0.014406971477930908,0.01781665030663504,0.0037786875975480694,-0.012286341173514792,3.8539157853234585e-05,6.59467360906163e-05,-0.011885560913066362
2025-10-24,0.012481869376438803,-0.024670402962994498,-0.006915121784463851,0.01411194729592502,-0.01893696634369335,-0.011405791574248147,-0.0032886296259643233,0.00585902659276738,0.008845257983853383,-0.00845251614536846
2025-10-27,0.022791152524401337,-0.0028731028509491052,0.005802702983271457,0.012309863182682124,0.008759024177024122,0.0019892451107943465,0.005020812459352708,0.015106798617622319,-0.004918376553167514,0.008032743344786875
2025-10-28,0.0007068182263614275,0.015536883106939126,-0.0009615127161851644,0.010045375014470892,0.06013832778707773,-0.008735138035255052,0.0014273513819271777,0.019848659758150644,-0.002438551022480917,0.015612342263565893
2025-10-29,0.0026022098686300232,0.0012238427018689269,0.0019248762253381013,0.0045801659836763875,-0.0010617659256934031,-0.0003434220719688019,-0.02579819247527193,-0.0009593816364750207,-0.017176402018675208,-0.011529336515105237
2025-10-30,0.0063032339337949495,-0.007334521348785872,-0.022094072277604848,-0.03230569840563213,-0.006680814996663509,0.012822097495215568,0.009217377258737613,-0.02915702879022508,0.005444716504938496,-0.014579495521372388
2025-10-31,-0.00379504371308903,0.006325137883812948,0.010019591589362165,0.09584492754129248,-0.019260065520995462,-0.010794630646846382,-0.0011597365214066624,-0.015120867215777212,0.005281334702618379,0.011014206727612219
2025-11-03,-0.004882360444995348,-0.0023917536183934995,-0.010698248332897453,0.04004585509136338,-0.006702086560342435,-0.005199204299196736,-0.013497943837705528,-0.0015063163677940805,-0.015627987203836624,-0.008780526832885993
2025-11-04,0.00367973613188477,0.023156750399264237,-0.020644889066497085,-0.018425168014886806,0.03138241774051753,-0.013783505953476216,0.010151607448574795,-0.005222097594208552,-0.005742499385104849,0.007545929836813681
2025-11-05,0.00037045842471905566,0.007178860163743028,0.0238907058377007,0.0035295587926045258,-0.001217138962136044,0.017936138434458293,-0.002184683177848812,-0.013940568315460977,-0.009376965104877844,0.011722618528478446
2025-11-06,-0.0013698257358518706,-0.006855669700321809,-0.006078405938442999,-0.028617121300727022,-0.011424168819415992,-0.008524023123051006,0.008028043717506428,-0.019835949786331408,0.0023322203983584533,-0.0008045891512183934
2025-11-07,-0.004818849477972176,0.014189430746345932,-0.00789104481116043,0.005636975040415049,0.00816637013387056,0.020137429535242335,0.021575423622380407,-0.0005632566285092011,0.005816664275613226,0.008697027637666332
2025-11-10,0.004548624231703657,-0.006050090005425224,-0.003976981669970403,0.01632498741700883,-0.029497161297693197,-0.01617654651652045,-0.00042531960494940346,0.018477549872279342,-0.01006935556379096,-0.011176745993007109
2025-11-11,0.02160126459501921,0.03413047322880347,0.010181617496226147,0.0028180846386129943,0.024566915355614505,0.027423247042017707,0.015456689417809422,0.005296406232004669,0.020893415397110537,0.029226576342405997
2025-11-12,-0.006466991494855634,-0.021809969266945006,-0.014229145113760944,-0.01967085120518708,-0.03688900532195594,-0.017122736750860623,-0.0013964562584866114,0.0048360785785346305,-0.003568083952149137,-0.021807362551896303
2025-11-13,-0.0019013646924230798,-0.01558060792384186,0.00020038220761930958,-0.027108907452568887,-0.0255346374985731,-0.02032446180975278,-0.006152934606737714,-0.015357846614763582,-0.00033776734206081294,-0.01539699942870354
2025-11-14,-0.0019784193430598673,0.006003544507146463,-0.007616740177392334,-0.012164320933474637,-0.017032396338486855,-0.0006392728716254625,0.0012662942679890765,0.01368985264921152,-0.0019600287805431327,0.010913863930188894
2025-11-17,-0.018171218027207114,0.0,0.0,-0.007754941860691922,0.0,0.0,-0.006745356474545439,-0.005272673136783701,-0.012527856023402562,0.0
2025-11-18,-7.471106952616768e-05,-0.002929622119070774,-0.002019739909784102,-0.04431653833391602,0.0004997845443781568,0.005756856359017348,0.0076400196604626824,-0.026995537575924322,0.008023634464231266,0.005553712867499838
2025-11-19,0.004187793953672303,-0.016159706999588797,-0.017607740164223507,0.0006290693674619874,-0.016319735451604478,-0.00017345165642623783,-0.0015444699220276137,-0.013507768248796848,0.0,0.0003248846760002255
2025-11-20,-0.008601361510023886,0.009456857343067782,-0.01812940371478433,-0.02492255148822009,-0.01574400751795535,0.0004047598196235125,0.0014062752679822044,-0.01600132392688336,0.008163728764277067,-0.0004872001685557459
2025-11-21,0.019680725800176768,-0.00016435700832206912,0.011749889919498324,0.016348913427910006,-0.017199874906112744,0.01242767370250819,0.02443476196812422,-0.01318899894610226,0.018422326826885937,0.0022745622887270223
2025-11-24,0.016317451407709793,-0.006904042619131245,0.012028155625539716,0.02532963104830621,0.03255164350276685,-0.010162663806455807,-0.004934962532322396,0.003982072607125131,-0.026106581496170955,-0.004052532079617532
2025-11-25,0.0038053394528705375,0.011697113241684987,0.01311473763670934,0.0149814363087164,0.0023728909766729256,-0.0042682946013467005,0.0002756494198437043,0.006307974250548298,0.010273542282994264,-0.0019531154023958441
2025-11-26,0.002094106406326013,-0.005399229994563104,0.011124691078040483,-0.0022205534501759105,-0.0243489882376684,0.00428659103471829,0.0037184188259777873,0.017841128140260842,-0.0016162523597483824,0.006033922270406
2025-11-27,0.0,-0.010034573810334346,-0.025405145601595347,0.0,-0.00363949573336253,-0.0017880643581021927,0.0,0.0,0.0,-0.01912786608347883
2025-11-28,0.004683756575197373,0.03461849611697709,0.025041066566873216,0.01771686809963624,0.007653477732929126,0.022708945258490543,0.0032932418941562513,0.01340886450717993,-0.0006071021268880816,0.020988258304507346
2025-12-01,0.015241175029783172,5.347988003268078e-05,-0.005206248120753321,0.0028299616613276513,-0.0018988367286114638,-0.007175563690050568,-0.009089803643971273,-0.010711244753378257,-0.004859556828378464,-0.010035623210710276
2025-12-02,0.010914951816139329,0.008137039721682893,0.017914658952702833,0.0023088475921804186,0.04375639807974463,0.0578760923464785,-0.017790073118353567,0.006697668936617607,-0.010716296953557802,-0.008011764494425755
2025-12-03,-0.007128103890149506,-0.017576543111696097,-0.011469204540184741,-0.008702300580441968,-0.010604756979952112,0.004464978450972934,0.0019809447707301864,-0.025040836477469464,0.0058275387324449035,-0.012197135516951119
2025-12-04,-0.012141396841095942,0.01389123817229998,0.018203603081865305,-0.014071797072686909,-0.014570431843860976,-0.008568923158929986,-0.0050840212497522685,0.006510015802057678,-0.009201803339535797,-0.016519287744900968
2025-12-05,-0.006840066673861722,-0.0015460674595916268,-0.01689586429578971,0.0018331725713693903,0.02107417569465797,-0.009129245251133788,-0.006387528187695279,0.004824857333882715,-0.013139866842538761,0.003053938130811007
2025-12-08,-0.003192552226246703,0.00806249862549513,0.010791403809699895,-0.011501761877265149,-0.012649878580073937,0.006705687480556444,0.0035714885296194154,0.016267915759461182,-0.0356221421695323,-0.00219880845061593
2025-12-09,-0.0025549540307587826,0.0005295231516548871,0.0075127567389097205,0.004539639393836836,0.004551598515163402,0.01879127029317318,-0.0022776137695317278,0.002036487781605034,0.009324888491693217,-0.0013562208701060063
2025-12-10,0.005772479710981937,-0.006299536112536641,-0.0025509826388788737,0.016935769749744978,0.006880372367205068,-0.001966880176704544,0.001712082275254767,-0.02735650265207179,0.0013606586660384057,-0.005431987991174947
2025-12-11,-0.002690481265859801,0.03558679607523607,0.0027542969419485086,-0.006471654188885845,-0.005166701427764875,-0.012888652988628846,-0.015667282231538238,0.010259907912648192,0.0067228731977222456,0.009899250845720298
2025-12-12,0.0008993198694000615,0.0,0.0,-0.017760970816273702,0.0,0.0,0.020402259181139693,-0.010217836182271789,0.014777057019905504,0.0
2025-12-15,-0.014985057058964357,-0.009259761392688914,0.0021581353783581836,-0.01613691637948922,-0.015580539526990789,-0.0025898519352565152,0.006381187709580738,-0.007752853394300874,0.01603195339431096,-0.0070981565935495095
2025-12-16,0.0018241385327160131,-0.0149540075871748,-0.017227902880164403,8.989068511033871e-05,-0.012933918050781923,-0.009628942943351593,-0.008454265479514445,0.0033065525131403817,0.0005512595619996397,-0.013989660655345237
2025-12-17,-0.010087037063657212,-0.0016341885045798588,0.019920327058817966,-0.005796159688549518,-0.004137928724656681,-0.016004068030323726,0.0042632296851661255,-0.0005668537354907022,0.017904936968245355,-0.0232965813189685
2025-12-18,0.0012875596388439714,0.0031152481849938685,0.023046895087747377,0.024811271877659857,0.01835177905678176,0.020427589530721324,-0.004386698098634345,0.016508456832468488,-0.015492787114505968,0.015064565600309665
2025-12-19,0.005437491779006098,0.026369715092615653,0.015272966379515918,0.0026019210221046585,0.014960911600732096,-0.012076367387079512,-0.004263725990169109,0.004008419781918793,-0.007284158501488225,0.0024735549137817614
2025-12-22,-0.0098658478168403,0.0027692386131470403,0.01899209068767549,0.00475032567966549,-0.012395313872423763,-0.0030835804267066447,0.0021409915965997506,-0.0020578619459044045,-0.012252523810644678,0.002819877382429281
2025-12-23,0.005129619359273585,0.00894954701044326,0.01347107510378076,0.016241329216049705,0.013907715437603052,0.012538085796883092,-0.004842480363040136,0.0039799395643498325,0.0034339700565857445,0.006854119142177151
2025-12-24,0.00532387854748273,0.00015214084242520798,0.013838350963303325,0.001033882544133169,0.005185715988463402,0.007091354484411783,0.003434835121606916,0.00240321276182498,0.009149338053023204,-0.001396436197874218
2025-12-26,-0.0014975662871453688,0.0031927121705996875,0.009698309506472214,0.000602458846315379,0.0021634256983757982,0.0006499011462035575,-0.0034230774150775245,-0.0006352172658270483,0.0017303030934403552,-0.00034959723970873213
2025-12-29,0.001316924789223295,-0.0032835605285841396,-0.007292776524982503,-0.0019353042317807878,-0.006310203104682666,-0.0025439883328239876,0.004150439603789469,-0.0012507137670199064,-0.0011745694242303317,-0.0029725157025256577
2025-12-30,-0.0024840667289872664,-0.016624502117985718,-0.02884785577284632,0.001982123671998126,-0.022393046348973544,-0.020947602003397514,-0.001282697914833486,0.000780105758457772,-0.003596904959147662,-0.01297793182262319
2025-12-31,-0.004467506365423368,0.002473978731396098,-0.0029520794576571863,-0.0073538531116630335,0.0085470147909128,0.008979606209853941,-0.002283464506112387,-0.007918267467680873,-0.005137137788796875,-0.004797449602344184
2026-01-02,-0.0031265878039100636,-0.004781423314424549,-0.006476726353975448,-0.018715913643268745,-0.0028813158755460755,-0.004889365513232269,-0.011300237285076564,-0.022083453247643603,-0.010606295445056202,0.0026781205208721293
2026-01-05,-0.013837078913669698,0.007077535258048107,-0.009126382039387981,0.028962461627345393,0.004759429523572889,0.01567852583277718,-0.017071829557316343,-0.00019019974544798313,-0.010014936155827159,-0.0014244661071007858
2026-01-06,-0.018334281183122636,-0.019954885844867154,-0.0031955199558802994,0.033768107781812384,-0.0233463231944937,-0.01255579542084495,-0.0014718661223166452,0.011969925187074626,-0.0032770355152196284,0.032096989627125705
2026-01-07,-0.0077375221244099235,0.009473930974689848,0.011502893306185369,0.0026148877348795008,0.01264507061570952,-0.004843862440735536,-0.004422221082562627,0.010365466381806243,-0.013365743920757178,0.002937079575124013
2026-01-08,-0.004955017645946969,0.002851844890470412,0.0018643754922136324,0.019581038977249277,0.03831682131968739,0.01747875109513397,0.02709510703549456,-0.011086568869234759,0.025282574503540545,-0.01929369417062332
2026-01-09,0.0012738060445718347,0.009513440792877637,0.009304023737154443,0.004425724253495522,0.028171334505442847,-0.0044576466012101745,0.01643365134779895,0.0024471442660822795,0.0024023090028229,0.008255774076649569
2026-01-12,0.0033927700267757377,0.005633872486352054,-0.004056053093511314,-0.003678565947722645,0.020509501380835626,-0.00032763826772919113,-0.00014177797919334711,-0.004381573056430277,0.011207510463542514,0.008884987943829081
2026-01-13,0.0030739393950796057,-0.03743325737294401,-0.005738662972880837,-0.0157016882298876,-0.04019463092324882,0.0022395368515806258,0.010496457789572977,-0.013642594830881816,0.005437048804050493,-0.0031082767337259343
2026-01-14,-0.004175309303335539,0.04222225859044881,-0.00688885131624728,-0.024526018373191683,0.012759653044718267,0.005559138517583939,0.002807480058469869,-0.023987115487032695,0.01462838579488257,0.016802377072486552
2026-01-15,-0.006731882749481333,0.008021114681694641,-0.0033745899059930418,0.006465239039753046,0.008237712821491883,-0.012538147509878583,-0.013437938776530545,-0.005921019072852141,-0.011752693352205634,0.0066439418156645225
2026-01-16,-0.010379107417738509,0.0021656248385597543,0.0007525131018559783,0.0039466053837939885,-0.0030438687058379488,0.005264335546597332,-0.0005674629906736728,0.007007364067386224,-0.0006914297226559007,-0.020308017597574834
2026-01-19,0.0,0.02010151556414952,0.006390966807808374,0.0,0.004338756654287623,0.009415109234293118,0.0,0.0,0.0,0.008637070396815494
2026-01-20,-0.03455562870506512,-0.026109707058296294,0.005042939514217526,-0.033957825706746436,-0.019039984365003537,0.0020420020141458384,0.018597297285431358,-0.011612163089193217,0.017089947301229147,-0.0063366832634418335
2026-01-21,0.0038508809593345017,0.009813425022796807,-0.004460176996267218,0.001341980773133189,-0.006850460043197115,-0.001597207800519418,0.0036237064906574634,-0.022903320641961877,-0.006394609695150599,-0.008790109138343216
2026-01-22,0.00282652826830998,-0.007764438053153633,0.05562814249478021,0.01309929882528893,0.010839244344280852,0.023887064004310066,-0.0019441896879783815,0.015829424735219755,0.0264958508156119,0.010433008282556333
2026-01-23,-0.0012482377059582772,0.005199880748594232,-0.010079553523686391,0.020568436457892858,0.0024370574631500386,0.0016702012128635424,0.014053123787758803,0.03282796772527474,0.008577832261342788,-0.002409213357046469
2026-01-26,0.02971293759961724,-0.0015568799343039785,-0.003929980923252363,-0.003094185824689788,-0.005348504430587986,0.00290459435563295,-0.004390844341650713,0.00929284452750978,-0.004395564494583337,-0.01190275016174791
2026-01-27,0.011197552619307993,0.0015593075890008024,-0.0003586425567545515,0.026256163723313408,-0.01613160434498695,-0.01061947499689031,0.013644050432161103,0.021901801392504305,-0.007692836893291144,0.01256985398127064
2026-01-28,-0.0070854715103062516,0.004017943867515417,0.004485128751215983,-0.0068252338521122,-0.0013249841487060765,0.004065683387090457,-0.006662291643737772,0.002184892240207237,-0.006741351070539969,-0.004482729681606901
2026-01-29,0.007175173478534136,-0.004702155381506867,-0.029469591120363292,-0.005267268047532414,-0.005140932196084136,-0.014091328221417676,0.0050643860755996695,-0.09993145889009569,0.01737484247692489,-0.03273299531355134
2026-01-30,0.0046461370951069725,-0.01065479698255789,-0.01895467989285926,-0.010052507834071855,0.012502092651772712,-0.0013142979411140399,0.0187933314739106,-0.007404831808259016,0.012475076659581585,-0.006982979414567936
2026-02-02,0.040581232988504023,0.0,0.0,0.015294624385431943,0.0,0.0,0.006951071623972682,-0.016082172281265295,0.009356241860704273,0.0
2026-02-03,-0.0019629018353019,0.05496567416196041,-0.0067529774899534045,-0.017863069956986388,0.03407967990746319,0.025223517337223722,0.020708750127395037,-0.028721998448953512,0.01390432162112809,0.005229010463661199
2026-02-04,0.02601293089498702,-0.01396447642921339,0.015297392872454463,-0.023593955826118118,0.004298691514327491,-0.01256889923612603,0.005982548378381081,0.007246902312043613,0.009979342081802844,-0.005919315355241039
2026-02-05,-0.0020977418894285726,0.001318556214469746,-0.0066963796433821,-0.04420791797466184,0.0019023450944046782,0.014353788257329247,0.01499691641536538,-0.04954245008532909,0.011092011504523436,0.018946284490247045
2026-02-06,0.008009892113060468,0.006974242774673289,0.01760297601499028,-0.05554804877440456,0.06803798548032014,0.019650759149151042,0.006623285461564876,0.018975296244727158,0.0035306759453512804,0.03594826873410151
2026-02-09,-0.011660527356121553,-0.006635263224150423,0.014722155125060254,-0.00760748406141476,-0.0014815285506782905,0.006336759380182411,-0.013412496814432906,0.03106144763809282,-0.011559950053947388,-0.004615392440404653
2026-02-10,-0.003423017398520134,-0.00019512993838022297,0.013601728934953039,-0.008432323191560842,0.0023738474890317995,0.010147796754403693,-0.014877661236968431,-0.0007978522959694034,0.011123176171429217,-0.013051662845745882
2026-02-11,0.0066501563343039916,-0.0020481098408087206,-0.010735363641690032,-0.013915755650289796,0.004292502497212469,0.002421347321180045,0.023304269681378775,-0.021535581637642576,0.005783244626214046,0.007134154144830873
2026-02-12,-0.0499817899391245,0.011532376121849097,-0.002712965582498006,-0.021952154485218922,-0.021812715206578237,-0.0016445947643995984,0.005089084804767996,-0.006256691514144208,0.007562430320116276,0.0
2026-02-13,-0.022733375921363264,0.016908234842431424,0.03318823270767046,-0.004058180323715632,0.018683030289123215,0.012354617457131623,-0.004050595003623481,-0.0012939755658649688,-0.007071404545502147,0.007601911171203568
2026-02-16,0.0,-0.0038004607064314744,-0.009303193039514768,0.0,0.00014802675054848002,0.004271321287263374,0.0,0.0,0.0,-0.003943750744853647
2026-02-17,0.03166790145686926,0.011540302708776817,0.027108494132642935,0.011871828009746066,0.014196858850034522,-0.005215195790966742,0.011184464462449917,-0.011113329498388835,-0.003248733381023383,0.017386784625240015
2026-02-18,0.001781167564954833,-0.017254432234977246,0.01017768703214883,0.018095945812067304,-0.03062112754809243,-0.013997037442997518,-0.0008798461017589521,0.006904251842566822,-0.016859844395160084,-0.023519448824640743
2026-02-19,-0.01426159138112626,0.007819217528637568,0.04576502201482846,0.00034184934085601526,-0.018050530967410716,-0.0006194609099224868,-0.007296392644490779,-0.0005769491188826192,0.01083767092617216,0.0015595244154509302
2026-02-20,0.015350431056632585,0.003046347218982781,-0.001143114724708405,0.025627257563010764,-0.01945468000131889,0.004080483024193171,0.011785488761179908,-0.0030868870817751803,0.014000951813094575,0.0025951821428871202
2026-02-23,0.006047273769737682,-0.020357711473337536,-0.005231284377590684,-0.023035535309270605,-0.010935774916315921,-0.009516945725147608,0.00901802442844013,-0.03212251686356349,0.027304396378025286,-0.010698859770874591
2026-02-24,0.02239105106810335,-0.0033424610662224907,0.004765830566468843,0.016027637831418806,-0.0075817361824840335,-0.004674348825863706,0.0019861267677678818,0.011782540280649512,0.0006660682086478964,0.013430954447472443
2026-02-25,0.007679856169661159,-0.002187126442600329,-0.02158976251623812,0.00997315810991184,-0.0004774940872850353,0.009497130111224106,-0.003097081904239407,0.029820000385969436,-0.011435197020459587,-0.023924258625713568
2026-02-26,-0.004667689785084916,0.02732594160720847,0.010865899706598903,-0.012913032798065993,0.01831212742525068,0.005117176689744873,0.00037278521864325675,0.002795803754952919,0.0022033056884493973,-0.0059954180581354155
2026-02-27,-0.03213037767415727,-0.014271554305256728,0.00595338587486105,0.01000385652833935,-0.021110305599437496,-0.004216930210654057,0.013167668361695029,-0.022353879899142948,0.021068647473532875,-0.008337722457184782
2026-03-02,0.0020439219879577752,-0.009427585300715635,-0.013644626577957286,-0.007666669573102691,-0.008466412916944499,0.005835805859452536,-0.016429522083358572,0.014793449697371397,-0.02206937975225509,0.004651132637498057
2026-03-03,-0.003664094667077511,-0.018549169156827028,-0.023666590547740562,0.0016315386481426941,-0.009505386412757444,-0.005134528373236358,-0.010969946133325803,0.013498988042953908,-0.023178877579167256,-0.008547000419168338
2026-03-04,-0.004663640952734749,0.024094692274935436,0.011437282564228823,0.03875826073047883,0.0489589242570152,0.014244417299031031,-0.015628951174242123,0.0031441550485353797,-0.008890635256359913,0.019935355680096523
2026-03-05,-0.008494536639458317,-0.007826486726750015,-0.008945131294418096,0.009777672934109694,-0.02015814379454617,-0.020455950354227426,-0.013700308970947872,0.013524118716237599,-0.02722680271457889,-0.008628309043270721
2026-03-06,-0.010872576884936036,0.007985583670468532,-0.03184609640791258,-0.026171534044230005,-0.029909764698620056,0.013298757359224478,0.0001297775554485181,-0.004188140027264309,-0.002337801975308418,-0.01083482448699602
2026-03-09,0.009399602442343502,-0.014830192070941606,-0.006508290689147822,0.0013132534612816382,0.002283859202979688,-0.011740009279671115,0.009865126130325752,0.0011003457480245338,0.010349529115933231,-0.001077348896988073
2026-03-10,0.003655516130785408,-0.021133622462094936,0.00779031087358284,0.00393459326562029,-0.012369805705054193,-0.006951240500588485,0.0010281436690160461,-0.008915233433622216,0.005089476702410334,-0.005392759865188834
2026-03-11,-7.665572857407099e-05,0.020788383865014026,0.011068170336264949,-0.007838417021498345,0.0032960197611364705,0.007679009043965346,-0.003210120536372818,-0.002168810809014765,-0.017242310475163225,0.023133900902538196
2026-03-12,-0.01936274044373243,-0.02586119239766549,-0.012337024819883635,-0.014671973697334195,-0.019218170449624372,-0.006376302774693476,-0.0002575490453654572,-0.0074590042350434205,-0.018392991283553428,-0.008655744094395845
2026-03-13,-0.022051947243152514,-0.008916452193446167,-0.008620745690773202,-0.008877013416636048,-0.0030146012734186822,-0.006886867707759481,0.003373107981295531,-0.015702020587114007,0.0009966125054492458,0.017640800023328573
2026-03-16,0.010794880344667579,0.0,0.0,0.0195984367511175,0.0,0.0,0.006206364524507402,0.011123808473237462,0.009757777640696741,0.0
2026-03-17,0.0055770205952525576,0.005184522027159799,0.032830541579532246,0.016340754535353108,-0.00772718141790385,-0.008930980935913047,-0.003083992240042077,-0.001350222245784849,-0.004207194209444376,0.007354196541002667
2026-03-18,-0.01687444762321122,0.00207319925527627,0.005841914868806919,-0.024767666852414494,-0.0152361851059718,-0.0027563893874466006,-0.02075284836612379,-0.019078035958764117,-0.031489268765664935,-0.027637757453943812
2026-03-19,-0.003920887726655109,-0.005651675988308624,0.007687111419135251,-0.005288991452693126,0.008079823243722917,-0.0018604463015104988,-0.005528387211086505,-0.007070190974616031,-0.012746328262292939,0.013049688240210022
2026-03-20,-0.003896289131202657,-0.028469930444940506,0.030174547380141137,-0.01623874055782004,-0.019099601840691705,-0.03072736774228013,-0.010589119772431377,-0.018379473087377307,-0.0038663390465810688,-0.014116803651123777
2026-03-23,0.01411350980480508,-0.005537025711487842,-0.06187262813123151,0.02322639327005427,-0.005737182338313107,0.006208465600969548,0.004816132997753186,0.0029591709988243675,-0.0020099135553602876,0.0026848313718743633
2026-03-24,0.0005963911769359953,0.022744077444819544,0.016663705988565036,-0.013800294588880768,0.01328912027707152,0.03134214145114078,-0.005858102889436556,-0.02678861083223305,-0.005764256040620475,0.0023206188335047617
2026-03-25,0.003894460372950048,0.034153260350670234,0.01708077138984887,0.021569200454641724,0.025884334093866368,0.02509521067554976,0.007767501069221749,-0.00456075708567627,0.005308657402373518,0.028317009962236295
2026-03-26,0.001068847476965784,-0.010429111665714141,-0.0028838281446373903,-0.019696817795534227,-0.013288443173523734,-0.009916332014485274,-0.007441812908849932,-0.013664275998505948,-0.010422420893140938,-0.006061695161828973
2026-03-27,-0.016173054004998577,0.004366246420398623,-0.01650214060973465,-0.039510442389467326,-0.0015343140332708671,0.016536281121946494,0.013656362393707822,-0.025138767672072238,0.002036271604527462,0.010977540944683728
2026-03-30,-0.008721878071757172,0.020336732080404207,-0.007092196673068041,0.008076656164990315,0.023390829506910515,0.00492636156548798,0.007396598086188977,0.006138384709554412,0.01408449634201836,-0.000689433216334856
2026-03-31,0.02903135056377537,0.011018562863283732,0.009059166544482133,0.03642700888472339,0.0015014844700227403,0.014349175721098062,-0.0028844028007601885,0.031229219885810622,-0.001934772336758317,0.00793375453784817
2026-04-01,0.007250122916362178,0.012981413943162101,-0.0025897096910457718,0.011043371606930696,-0.015325640741869706,0.015656484261906023,0.00039448380980688924,-0.002161202585198585,-0.0024231000561140137,0.009411414522286554
2026-04-02,0.0011344171618641319,0.0,0.0,-0.0037992260242744047,0.0,0.0,0.008412201507288719,0.011072891697944343,-0.00673197851029661,0.0
2026-04-06,0.011487928393195235,-0.004399164674112277,-0.005366151479771264,0.014396667550949482,-0.01387242243054787,0.0019826064646577546,0.006517145803409452,-0.0015530665248895126,-0.002445448437908504,-0.008306520842932263
2026-04-07,-0.020706161436335524,0.0030402006679481897,-0.0010441631536908247,0.00460553135602737,0.007205315019579883,0.006084690983444441,-0.01696443238629286,-0.0015821890251598303,-0.010296343989667833,-0.010256384173010114
2026-04-08,0.02130183701774646,0.024297306381430017,0.0,0.03499085736091123,0.013285667121927913,-0.010079664432788626,0.018179418057121977,0.005479523310443213,0.02547768396649097,0.02072533534745835
2026-04-09,0.0061413306665165646,0.014222965520955366,-0.02560978716565332,0.056045170153601775,-0.028744326678808996,-0.007450498571660358,0.011514997314111097,-0.0033659290381612417,0.012146411103970856,-0.00862941344671142
2026-04-10,-3.837788982874457e-05,0.005694143541762564,-0.008224540711643358,0.020244002182271403,0.003807532480788245,0.009808341016221744,-0.009081592704553443,-0.005897045998749295,-0.010227806767141967,-0.013654194145367504
2026-04-13,-0.004913966848681062,-0.00425812663258085,-0.014782761540505063,0.006334400855383171,-0.010689660369522569,0.005104322369199776,-0.013682611078787765,0.036400848374358086,-0.010884597044667377,0.01124758091164857
2026-04-14,-0.0014275206833038734,-0.02335525517755943,-0.00823421032686844,0.038059130876826774,-0.0013941906713335062,-0.021102492104124737,-0.006674628372763003,0.02273847493355685,0.0055719816688675206,-0.018138220114695458
2026-04-15,0.029362881933440832,-0.008805317148714908,-0.010701135554270658,-0.00208820280916866,0.009947621295135933,0.020046430899784307,-0.007773446775051984,0.04606858430342653,-0.006926249310217902,-0.0010456844226925943
2026-04-16,-0.011372573588962043,-0.008106797260212684,-0.014360334526135388,0.004828961562342915,-0.008121641885635578,-0.0024195537583245885,-0.0017260910039142985,0.021983356619898142,-0.0018830709309134441,-0.010118597687462927
2026-04-17,0.025930172257302875,-0.0006362611356099945,-0.011163680805489351,0.003444135445984209,0.0008711078501910663,0.005345672862036244,0.0074487418317292775,0.006020124096113744,0.026692714886176416,-0.008988405377929665
2026-04-20,0.010435424419368289,0.017629848571690587,0.02009190582350784,-0.009099612075002872,0.001566561800913746,-0.0015754495248839762,-0.003432785432661789,-0.011163955067039488,-0.016606577274340117,-0.010314743394613801
2026-04-21,-0.025196714096157535,-0.024446604529990923,-0.04145567715622944,0.0065651880571397925,-0.017726822335093928,-0.013018452331477026,-0.010333931850435185,0.01456696139394631,-0.015018300686523656,-0.005031493015573929
2026-04-22,0.026299050276339386,0.0,0.0,0.021807838295304194,0.0,0.0,-0.0009370629039966438,0.020652574215955788,0.003723997775112897,0.0
2026-04-23,0.0009516199250387825,0.05288079056646566,0.00489231294728798,-0.001096486445127054,-0.04228588750796081,0.0059047883902765275,0.022109128233705144,-0.03966099561975667,0.020021034370595325,-0.022214187573842192
2026-04-24,-0.008667687188198547,0.023519568935719937,0.022979573922451424,0.03493017225717909,0.010530181009040795,-0.0038867603827218433,0.004588367163997242,0.021335007823376717,0.024609110836771864,0.002955298286218655
2026-04-27,-0.012727786010601316,-0.010528262627943596,-0.011802730091157287,-0.010871605831113018,-0.020109689863127,-0.004205970398736936,-0.015529154628795339,0.00047099862243538126,0.001484671706105667,-0.013996286044411055
2026-04-28,0.011584039752220443,-0.02026282298162274,-0.010209959844785454,-0.005438047398549362,0.001305939221964092,0.005546851133919395,0.03857362319905633,0.01042792082725752,0.0051886993279832705,-0.004856222110281361
2026-04-29,-0.001994732136373578,-0.01784868308741816,-0.01771121126197661,0.012860978748156615,0.014719617136489394,-0.006629588887972826,0.006636962809154046,-0.011159054466330809,-0.01816713192508157,0.0397898422513816
2026-04-30,0.0043676927881808325,0.009567320021600878,0.020606303643144974,0.0076793983730687465,0.09034155592578963,0.051148822391921867,-0.0013946581816928205,-0.039296904321054704,0.004301436653181945,-0.0030686277790653582
2026-05-01,0.032393627676644554,0.0,0.0,0.012072784412985094,0.0,0.0,-0.002285461580466608,0.016332331545263257,0.0011556956576130872,0.0
2026-05-04,-0.011815752357562936,-0.0011429015596443604,-0.009901011777926794,0.014128002271583506,-0.014988164690145744,0.009111653694920951,-0.004963078856082159,-0.001978624467840806,-0.02607627409082547,-0.022451527685081074
2026-05-05,0.026550730783693632,0.017973746635057797,0.02450983420026631,0.005513692583370089,0.003590338474357191,0.011334748675253303,0.0037089096618732054,-0.005415520021193054,0.010319278745934524,0.027968110290603088
2026-05-06,0.011718026357490752,0.024072723455775824,0.024390243902439046,0.005264129064761924,0.012947137117857777,-0.0010448334199741893,0.009556536325268095,0.006271482596838851,0.020704020729482853,0.0057657602671030705
2026-05-07,-0.0002435044393305219,0.0016920775187387882,0.017142886207217156,-0.01389133038400725,0.013286273588379194,-0.017684759155624175,-0.010097190241298515,0.01645090871192756,-0.012440866051329214,0.018093911532645945
2026-05-08,0.020456376775462637,0.013605423454382315,-0.00018730591656668238,0.0055683857848436435,-0.0290456637561205,0.008178855080092529,-0.00012756960228832437,-0.01342776676792301,0.0024647254717031775,0.0005278687019236727
2026-05-11,-0.0012626131025762488,-0.009323866671651637,0.005244404991530338,-0.013532354923427414,0.013675183817999148,0.014928849410296818,0.003060592325518474,-0.005926002472735337,-0.020898762047518837,0.009497026199979164
2026-05-12,0.007243374589372076,-0.016459036780800407,-0.015092185321937124,-0.011784761609137218,0.012451735643077777,0.016837843407236708,0.017416657929833157,-0.011849964945150004,0.0038365257020307464,-0.031010497328847975
2026-05-13,0.013805987391627639,0.010077652039549578,0.005675354400238142,0.016213969753363422,-0.010347762552278983,-0.016140328555193095,0.0028739056505400207,-0.006278011135810724,-0.011604457152416203,-0.0016181257518200765
2026-05-14,-0.002208293097152536,-0.01835236336762669,-0.01862305645802198,-0.010772604336833247,0.011998641774230379,-0.0062405522372316335,0.00236731339492402,0.010414365037775042,0.003304308148187829,-0.018548510749848757
2026-05-15,0.006773819369938039,0.007039914515889922,0.0,-0.011526033074604314,0.002540611599858522,0.0009038776202698884,0.004599173874371143,0.03050579128821007,-0.007988286116326848,0.0058715540334719485
2026-05-18,-0.007960661114649215,0.014398162585901542,-0.023960131184058042,0.0027257161474880665,-0.02010472468860658,0.0032796276563278326,0.004701725416461411,0.003839669976186011,0.005792152074260537,0.020795319153496195
2026-05-19,0.0037939903054091673,-0.0021450196068915073,-0.005695151438692259,-0.020841158796957915,0.032586196373249,0.0041216651700271,0.008867046968010328,-0.014449655577149945,-0.007655039240915484,-0.008220141029278372
2026-05-20,0.010971059357449242,0.0101993457719749,0.034169454982014846,0.021863243262898013,0.0008348511866771435,-0.010898810411081983,-0.004516550954165366,0.008720151997975822,0.008068000192784197,0.0016216243709530342
2026-05-21,0.00906524661379593,0.0017204949118907464,-0.010504186987190578,0.01301830709151064,-0.0316983275727839,0.0021465396135638137,-0.0046598258400802894,-0.00252292199325177,0.006739638404930748,-0.007735209641940632
2026-05-22,0.012557860054279724,-0.00036160205358670705,-0.0032812580416223813,-0.007971333528174807,0.003101314650869158,-0.0007615547765634778,0.0038192711760107745,-0.0012406856469829863,0.007252503610814864,0.006707739900440268
2026-05-25,0.0,0.0058326627717486534,-0.005615819499515284,0.0,-0.007042250752586909,0.003906044157262034,0.0,0.0,0.0,-0.004862244979273012
2026-05-26,-0.001586735786880733,0.015508435342887816,0.004089637885301256,-0.003867523096163561,0.01608718704520662,0.001613263425985778,-0.012518520459158466,-0.0060683286131975045,-0.010246512301136268,-0.014115070629543092
2026-05-27,0.008173140408717527,0.018458610286951727,0.02715278653787756,0.024727646527565872,0.012938343544716124,0.00942731935576635,0.014417180636625782,-0.008076296243599512,0.031687259835229575,0.004955955580622673
2026-05-28,0.00534019523725493,-0.02116652033708044,0.0013217465263277717,0.007908750591183455,-0.010588253245634172,-0.018115307999808872,-0.01482482193373702,0.0347007693508532,-0.010712628477539288,-0.03926943426262841
2026-05-29,-0.0014399642515899869,-0.0009768517768641294,0.0030171572901218635,-0.01226272026117703,0.013928991161915816,-0.012427076541447146,-0.017410801679544008,0.054450962018909976,-0.016105877424694715,-0.002281348581099407
2026-06-01,-0.01842597822736758,-0.012222758616472928,-0.01692043117913733,-0.03465860321873382,-0.03668954057789242,-0.012631900068613477,-0.004682899162122056,0.022832260484241695,-0.022847557485649705,-0.006478661500640026
2026-06-02,0.029022935295418106,0.0032397124298795266,0.02371386196325953,-0.0181429249589532,0.008521768321161582,0.016861888860997043,-0.002924703221176883,-0.04171374717707821,0.003849529931717166,-0.005945484507529408
2026-06-03,-0.01567264307615801,-0.013275900401179652,-0.019615155258823624,-0.02533909644314114,0.005173292436236432,0.021788435228436764,0.00446372436842335,-0.03165569625585285,-0.004473823080612838,0.004244595759864467
2026-06-04,0.00312645238815068,-0.009863623155089152,-0.025914646002559993,0.01507874949703436,-0.01972896736689822,-0.0017927330262794694,-0.024631839554786428,0.001661400069229213,0.004208493175440253,-0.009221893357772792
2026-06-05,-0.012498826008526143,-0.010558712285840377,-0.035993743956051594,-0.03057644001781823,-0.023801200995426375,0.011862603513518533,0.034626402888340735,-0.02658566754383418,0.04091487088322032,-0.00891989697876272
2026-06-08,-0.018871545388655542,-0.002087920875013416,0.004667198618782287,-0.0032922715222234444,0.003944087944024455,-0.005745058166004013,0.0007549193176357161,-0.011831927529251218,-0.009826608696473116,0.006456623213003665
2026-06-09,-0.036446341189923515,-0.01952755538828488,-0.02605528468113527,-0.004200304926880172,-0.006249972752162436,-0.001503218378774429,0.022630012639752284,-0.02023117288064602,0.02460372930367405,-0.016718445151897132
2026-06-10,0.0035450055495178656,-0.007160502278904635,-0.0014516734353412497,-0.025349123139844942,0.020305430771506483,0.014255486941939344,0.027661652917340573,-0.014997232475331246,0.002555980776840716,-0.00909456074569559
2026-06-11,0.01388983748609407,0.0037254479998316548,0.0026998390300798647,0.01474787607914263,0.02729839882143459,0.027368015974580162,-0.012680846560691017,-0.017666513340103496,-0.00476352451720663,0.031723866449972826
2026-06-12,-0.015221633631081977,0.0012847945579079756,0.00020716935549636162,-0.012256186172015071,-0.0015429478786673778,0.005643810854550679,0.001090530499684661,0.001024702842441938,0.008561412439261673,0.008509039822017117
2026-06-15,0.018170538868479413,0.009409761664522787,-0.037896081929173486,0.031314194613874635,0.0001716744719273411,-0.023571100498730013,-0.014374470071240819,0.02308448313772371,0.005681455047630513,0.010354690029339864
2026-06-16,0.009513514092780229,0.013606359997423878,0.009685767796105083,-8.13115686266741e-05,-0.0042918454935622075,0.008230675761430328,-0.007786489362223814,-0.014833966272172594,0.013492028542986922,-0.008920049691700238
2026-06-17,-0.010994537435617069,-0.0036230065763783736,0.02600727402838454,-0.03455284552845528,-0.002068947101461438,-0.008756338318562373,-0.004359721966156194,-0.03788437231212749,-0.012656640391244145,-0.008808940796951714
2026-06-18,0.006960644246616354,-0.01827421540703489,-0.031165592493487604,0.029010523745888195,-0.012439550922879294,0.009477764795340127,-0.0067559228508145,0.0012931709583141604,-0.001195529339019008,-0.027820685343993068
2026-06-19,0.0,-0.010779179199927436,0.004932436992663991,0.0,0.030790733489004518,-0.009160943001789268,0.0,0.0,0.0,0.01271858890162636
2026-06-22,-0.003355513813629196,-0.009744646543430657,-0.016005121430457736,-0.047465142323687703,-0.046164247972422356,-0.0009199169128425444,0.0017634386034104388,-0.031786989559602685,-0.01795460955468553,-0.009811617130745742
2026-06-23,-0.009124398732296202,0.01958412194613901,0.006289327948137968,0.005670378290686617,-0.0032028523617828597,0.0280386367536396,0.009807604567698247,0.017966969581451497,0.021533122604131538,0.004359913291612116
2026-06-24,-0.004145480706800209,0.004326554716432618,-0.03275862947797348,0.0006834550497296643,-0.014459146138381729,-0.031438905833920394,0.0036110188562235024,-0.022677392646850314,0.00782177373359949,0.015785304503615816
2026-06-25,-0.06117774105404383,9.461113142039679e-05,-0.012254884669583688,-0.03098992458796157,0.02119184935780294,0.014195212356582276,-0.002233254448926303,-0.0345592514347155,-0.023283306347192778,-0.0069930189112803465
2026-06-26,0.03136469225316163,0.002461412662981166,0.0009022580459732144,0.025020959746330673,0.012593101649907235,0.02671652232846422,0.02748071542889008,0.057081360705363515,0.003501765634394527,-0.005086039259892039
2026-06-29,-0.007188654692930396,-0.004485744999982888,0.00585986347733769,0.03201683299701785,-0.0015764608924039303,0.01656298356164365,0.0002420945555594578,-0.011797171738171075,-0.0038251209973043654,0.00471879396164776
2026-06-30,0.027046212958856453,-0.008110811614888136,0.026215508423574452,-0.00749564027789118,0.0017543591951068027,-0.023719003628563273,-0.01669697347047716,0.012073639219654542,-0.012192635375263161,0.003131112567315242
2026-07-01,0.017348672275670385,-0.002821355795575964,-0.015938854899491428,0.014097510539473834,-0.015411510979580934,0.004205867945881181,0.00024614585071036643,0.030186099320729687,0.005387362813044083,-0.004681971744597502
2026-07-02,0.04840675364798175,-0.003356795645141908,0.007765664000243699,0.004013244654325954,0.006759111440183263,0.004589182291155458,0.035059643769504545,0.016160017478718647,0.0269959063144527,-0.020776192939639948
2026-07-03,0.0,-0.004763550516281856,-0.00484362428169971,0.0,-0.00123674375815086,8.872657803604689e-05,0.0,0.0,0.0,0.004403547332559876
2026-07-06,0.01305778143996239,-0.005269768206870196,-0.009292079127285024,0.006140048231783268,0.010967676631351564,0.003592181308924136,-0.014024249034175207,-0.009603310738029669,-0.013869641855075554,-0.022319627841238643
2026-07-07,-0.006396770744445224,0.0099148962639517,-0.0069226790318063225,0.007454095831143315,-0.007874028887570272,0.0026071161492704498,0.013138910068878795,0.005430044263193601,0.023039275997601028,0.017937163244700738
2026-07-08,0.008787785980344909,-0.008036961856882407,0.004272512289037911,-0.009594278605344897,0.005820070756914708,-0.009608146508072957,-0.007733509842690167,-0.014144606893393474,-0.02847788263975215,-0.0032038416462137898
2026-07-09,0.00903022957872146,-0.01775658611132125,0.0024630678622346025,0.01403824906613349,-0.01630721243349198,-0.008811436228646108,-0.00923266496850128,0.0026607787100694225,-0.010444731894066361,-0.014463588261583116
2026-07-10,-0.002846043762522954,-0.02252299950688763,-0.00603083437576446,-0.006881464517662805,-0.0007129608185021397,0.002110204085034928,0.010407849920580636,0.001925297686118821,0.0012937769840015712,0.005095800917284565
2026-07-13,0.006310939222858858,-0.0007074673893695538,-0.013932560267073346,0.008029678202122303,-0.0016054254438668814,0.009677431429691907,0.00910291239281813,0.015294738983264056,0.009045155206319766,0.007097920591636164
2026-07-14,-0.007721115748007379,-0.0024271634084990223,-0.024612620892560888,0.0007278635572653958,0.010362658633333854,0.031771381494258844,-0.013887218622496311,-0.015499120378526965,-0.015434345259563553,-0.006846559678465369
2026-07-15,0.04014486379221993,-0.002990604706226141,-0.022429885551058404,0.030183041960898382,0.01679930637942184,-0.026369921623706993,-0.007583111084826788,0.02779727786697772,0.013485836766968795,0.005879986158186856
2026-07-16,0.017587781993612772,0.00020329843259037084,-0.0014340672340390492,-0.019885500434225545,0.01304347826086949,0.008644209427371319,0.029957565944528364,0.013826036185691448,0.023302846144708678,-0.0004031537495989834
2026-07-17,0.0014402172368908062,0.019061698550612682,-0.013642884429825974,-0.010644698341695902,-0.0042918454935622075,0.002131419778168997,-0.03956665900612666,-0.01815010181385157,-0.01003304368737723,-0.0014115687559755896
2026-07-20,-0.02142383591993391,0.004987997996042326,0.0004853302161611506,0.011163733419575328,0.022586230573983013,0.005184391464489568,0.006866174653646473,0.02150732979277281,-0.00566733680064635,-0.002827128197784301
2026-07-21,0.0035212601306020552,0.013797896897820738,-0.025224373686008827,-0.009760399967161826,0.0013488115748627738,0.0006171451879288803,-0.0018266137464925114,-0.011285452294400034,-0.006906734855064989,-0.0046577468056160365
2026-07-22,-0.005644666001250687,0.006707208824956901,-0.0029857908928869747,-0.010906875035172847,0.01532244244425307,0.00436138248564788,0.0028058524352074787,-0.01862974366480019,0.00695476960470276,-0.010172939663831704
2026-07-23,-0.012979820539962161,-0.043622060655972184,-0.0017469352472508914,-0.0457014586990675,-0.02023212970881838,-0.02487059511888745,-0.012530399240104906,-0.022442026195170772,-0.014484021488169296,-0.028365899791003235
2026-07-24,0.03531672413627751,0.009966365363917262,0.016499996185302734,-0.006633583101364859,-0.013879544416169232,-0.0017543043224839128,0.013305431260535405,0.0003145803337292197,0.01048119352453547,0.015443188812502617
2026-07-27,0.011681009513348384,0.0019132298697634997,0.008362030345888671,-0.0031019827616639573,0.01682120468876458,0.03717555906664782,0.02212765586412413,0.019386905446111324,0.008276244423001344,0.010833342870076423
2026-07-28,0.009408945533389002,-0.003919583259512138,0.017073189339986694,-0.002290499938177426,0.004388897943392811,-0.034756919075647597,0.04995833190779431,0.01092261618510415,0.0016820291447685598,0.004534237811778974
2026-07-29,-0.005557412706758247,-0.0021188198488473198,0.006234971625330932,-0.0182361894773313,0.007731077049960566,-0.049106556924995104,0.009176449742755333,-0.007143759919297832,-0.018672747770831166,0.016413607088856308
2026-07-30,-0.014074993355015719,0.006622829130820795,0.010724517939896261,0.0390470167299346,0.014509719143863897,0.039950784156312036,-0.006623304391081275,0.15506739165511707,-0.014647496921609937,0.01614855111578728
2026-07-31,-0.07353858440208272,-0.0064788032635444415,-0.005894836144764937,0.15320588778032107,0.02054907056343125,0.010241238194145463,-0.01017065823941432,0.030192821938052727,0.0036815695650131985,0.00039730746331034794
2026-08-03,-0.017772135672998512,-0.013547720069678304,-0.010436400102026844,0.04580603526208682,-0.014819619144765594,-0.018652847247453974,-0.008334236306198783,0.04934151053480518,0.003321999510628837,-0.008339991631299615
2026-08-04,0.019642637836096544,0.008617128671972951,-0.017018285675830525,-0.023237715094833633,-0.0014715525312692934,0.0017446622610162166,-0.003453868865412546,0.010581411460949042,0.02096980934355308,0.003804614469985923
2026-08-05,0.005236336596166957,-0.003088039599030812,0.0078030607807526575,-0.017194215631067156,0.004912383143273136,-0.016499409061982107,0.003119273106242604,-0.010856147912626679,-0.00817506587382677,-0.029523229816519336
2026-08-06,0.004533755277783991,0.004852877936066369,0.011371821562628392,-0.001430347110176089,-0.011895055482183725,-0.021063372434914296,0.00023029647178063328,0.025437939328646575,0.0011580256499408303,0.00739972835278957
2026-08-07,0.0029447910342259576,0.01695439304411206,-0.0009569597190776102,0.00815397466052481,0.009399731209784878,-0.003475084309400911,0.002302873703518893,0.00026008287542045316,-0.008028903346052996,0.012038363044151845
2026-08-10,-0.015332485243728322,-0.01086192345536563,-0.0016762379702520702,0.013152088338200807,0.005064554450706638,-0.017865626730681594,-0.0020677805728365195,0.012140302810139891,0.004458530661961779,-0.026209662843816872
2026-08-11,-0.010867469011185404,-0.011287560809343233,-0.00695603526943489,-0.02092850300572191,0.0019505677989575254,-0.01892022993272624,-0.00448945985170679,-0.0044461452724045,-0.008399315125873552,0.005383067087731286
2026-08-12,-0.008723897642456846,0.0008265505764848413,0.004830843982388977,-0.0183273604720513,-0.012978573085367318,-0.006444911052935098,0.002659524960814119,-0.022587870511558972,-0.007781866473149823,-0.011120282130476888
2026-08-13,0.009958675816790663,-0.0019098294904797974,-0.026201927705982175,-0.00804397600383,0.0034516614718274052,-0.010628236334967012,0.008188203113472348,0.00903684159579754,0.0012492550908786981,-0.01874222235109113
2026-08-14,0.002194794236790587,-0.005171433134670056,-0.0071586549702701285,-0.009353943124710828,-0.010974581119054139,0.014625751030553191,0.0033173292336028393,-0.002978616125570266,0.002010318563461011,0.006154518720311586
2026-08-17,-0.0011113534012042736,-0.009356905123755088,0.009696652854592314,-0.005101832739500267,-0.0329579603057949,-0.0071080262841335395,-0.008322833601172586,-0.03037944449604746,-0.009892825350258039,-0.009069822960551033
2026-08-18,0.014529279409058127,0.0007346349596883961,-0.011081033148882757,-0.007117926481727599,0.012502133068453825,0.003304148496167114,0.02115424542282396,0.002664708914413838,0.002305770278880237,0.0034057013403814285
2026-08-19,0.021933322000267097,-0.008704334348852316,0.003486040592140638,0.02462896060980113,-0.003721201116044126,0.004640450370677174,0.01722583634940089,0.0055644226358424476,0.0064831506054745525,-0.003606240372218683
2026-08-20,-0.017454152112068244,0.0037555749464004418,-0.012406948125700978,-0.021554360010767937,-0.005432931859664203,-0.0016390276996969266,0.0016602272098751314,-0.004654530468367835,-0.009765920587506693,0.013199891755836024
2026-08-21,-0.006263995393247401,0.016020281581597295,0.011557766163078798,-0.005689825658748426,0.02202111745490276,0.014626150548480599,0.006629817393603243,0.004343752186226402,0.011960491295222253,-0.022273615673299663
2026-08-24,0.0032002269754076718,0.01265561412232552,0.002235473331844373,0.01330086369122152,0.0065141038350802205,0.014660483147361125,0.009769477547260985,0.00842233136012771,0.013270759779736796,0.0064475190119990256
2026-08-25,-0.0014178077160482694,0.01423887882135011,0.0213135227477923,-0.003853969311243932,-0.003982706114410428,0.013627099797817621,-0.003804744888019407,0.009029147603226262,-0.008185621808118548,0.018150724768014603
2026-08-26,0.011455367474878742,-0.012624987102617058,-0.00024261882444376326,-0.002987814244201914,-0.000499813046785702,-0.0058638241788234735,-0.017023107474725352,0.00947713844154241,-0.0027509897749318224,0.008389293693764621
2026-08-27,0.003604958753321119,-0.009155117153268222,0.002669917677538214,-0.01544486334918349,-0.015169191897835055,-0.022730568843386312,-0.011323315405498802,0.017507106648045223,-0.012827590416217727,-0.005823681017692595
2026-08-28,0.01627575132974779,0.003148715345090203,-0.004115274219102183,0.03968618794425893,-0.003893083104352546,0.005593991006456411,0.006737099932221158,0.01677034764032892,0.004471142883732071,0.004184116446269481
